split,sample_id,paper_batch,source_train,source_val,target_labeled_train,target_domain,target_val,target_test
S1,air_1,Batch2,0,0,0,1,0,1
S1,baseline_1,Batch1,1,0,0,0,0,0
S1,reference_1,Batch2,0,0,0,1,0,1
S1,air_2,Batch2,0,0,0,1,0,1
S1,reference_2,Batch2,0,0,0,1,0,1
S1,air_3,Batch2,0,0,0,1,0,1
S1,baseline_3,Batch1,1,0,0,0,0,0
S1,reference_3,Batch2,0,0,0,1,0,1
S1,air_4,Batch2,0,0,0,1,0,1
S1,baseline_4,Batch1,1,0,0,0,0,0
S1,reference_4,Batch2,0,0,0,1,0,1
S1,air_5,Batch3,0,0,0,1,0,1
S1,baseline_5,Batch1,1,0,0,0,0,0
S1,reference_5,Batch3,0,0,0,1,0,1
S1,air_6,Batch3,0,0,0,1,0,1
S1,baseline_6,Batch1,1,0,0,0,0,0
S1,reference_6,Batch3,0,0,0,1,0,1
S1,air_7,Batch3,0,0,0,1,0,1
S1,baseline_7,Batch1,1,0,0,0,0,0
S1,reference_7,Batch3,0,0,0,1,0,1
S1,air_8,Batch3,0,0,0,1,0,1
S1,reference_8,Batch3,0,0,0,1,0,1
S1,air_9,Batch3,0,0,0,1,0,1
S1,reference_9,Batch3,0,0,0,1,0,1
S1,air_10,Batch3,0,0,0,1,0,1
S1,air_11,Batch3,0,0,0,1,0,1
S1,air_12,Batch3,0,0,0,1,0,1
S1,air_13,Batch3,0,0,0,1,0,1
S1,air_14,Batch3,0,0,0,1,0,1
S1,air_15,Batch3,0,0,0,1,0,1
S1,air_16,Batch3,0,0,0,1,0,1
S1,air_17,Batch3,0,0,0,1,0,1
S1,air_18,Batch4,0,0,0,1,0,1
S1,air_19,Batch4,0,0,0,1,0,1
S1,air_20,Batch4,0,0,0,1,0,1
S1,air_21,Batch4,0,0,0,1,0,1
S1,air_22,Batch4,0,0,0,1,0,1
S1,air_23,Batch4,0,0,0,1,0,1
S1,air_24,Batch4,0,0,0,1,0,1
S1,air_25,Batch4,0,0,0,1,0,1
S1,air_26,Batch4,0,0,0,1,0,1
S1,air_27,Batch4,0,0,0,1,0,1
S1,air_28,Batch4,0,0,0,1,0,1
S1,air_29,Batch4,0,0,0,1,0,1
S1,air_30,Batch4,0,0,0,1,0,1
S1,air_31,Batch4,0,0,0,1,0,1
S1,air_32,Batch4,0,0,0,1,0,1
S1,air_33,Batch4,0,0,0,1,0,1
S1,air_34,Batch4,0,0,0,1,0,1
S1,air_35,Batch4,0,0,0,1,0,1
S1,air_36,Batch4,0,0,0,1,0,1
S1,air_37,Batch4,0,0,0,1,0,1
S1,air_38,Batch4,0,0,0,1,0,1
S1,air_39,Batch4,0,0,0,1,0,1
S1,air_40,Batch4,0,0,0,1,0,1
S1,air_41,Batch4,0,0,0,1,0,1
S1,air_42,Batch4,0,0,0,1,0,1
S1,air_43,Batch4,0,0,0,1,0,1
S1,air_44,Batch4,0,0,0,1,0,1
S1,air_45,Batch4,0,0,0,1,0,1
S1,air_46,Batch4,0,0,0,1,0,1
S1,air_47,Batch4,0,0,0,1,0,1
S1,air_48,Batch4,0,0,0,1,0,1
S1,air_49,Batch5,0,0,0,1,0,1
S1,air_50,Batch5,0,0,0,1,0,1
S1,air_51,Batch5,0,0,0,1,0,1
S1,air_52,Batch5,0,0,0,1,0,1
S1,air_53,Batch5,0,0,0,1,0,1
S1,air_54,Batch5,0,0,0,1,0,1
S1,air_55,Batch5,0,0,0,1,0,1
S1,air_56,Batch5,0,0,0,1,0,1
S1,air_57,Batch5,0,0,0,1,0,1
S1,air_58,Batch5,0,0,0,1,0,1
S1,air_59,Batch5,0,0,0,1,0,1
S1,air_60,Batch5,0,0,0,1,0,1
S1,air_61,Batch5,0,0,0,1,0,1
S1,air_62,Batch5,0,0,0,1,0,1
S1,air_63,Batch6,0,0,0,1,0,1
S1,air_64,Batch6,0,0,0,1,0,1
S1,air_65,Batch6,0,0,0,1,0,1
S1,air_66,Batch6,0,0,0,1,0,1
S1,air_67,Batch6,0,0,0,1,0,1
S1,air_68,Batch6,0,0,0,1,0,1
S1,air_69,Batch6,0,0,0,1,0,1
S1,air_70,Batch6,0,0,0,1,0,1
S1,air_71,Batch6,0,0,0,1,0,1
S1,air_72,Batch6,0,0,0,1,0,1
S1,alcohol_1,Batch2,0,0,0,1,0,1
S1,alcohol_o1,Batch1,1,0,0,0,0,0
S1,alcohol_2,Batch2,0,0,0,1,0,1
S1,alcohol_o2,Batch1,1,0,0,0,0,0
S1,alcohol_3,Batch2,0,0,0,1,0,1
S1,alcohol_o3,Batch1,1,0,0,0,0,0
S1,alcohol_4,Batch2,0,0,0,1,0,1
S1,alcohol_o4,Batch1,1,0,0,0,0,0
S1,alcohol_5,Batch2,0,0,0,1,0,1
S1,alcohol_o5,Batch1,1,0,0,0,0,0
S1,alcohol_6,Batch2,0,0,0,1,0,1
S1,alcohol_o6,Batch1,1,0,0,0,0,0
S1,alcohol_7,Batch2,0,0,0,1,0,1
S1,alcohol_o7,Batch1,1,0,0,0,0,0
S1,alcohol_8,Batch2,0,0,0,1,0,1
S1,alcohol_o8,Batch1,1,0,0,0,0,0
S1,alcohol_9,Batch2,0,0,0,1,0,1
S1,alcohol_o9,Batch1,1,0,0,0,0,0
S1,alcohol_10,Batch2,0,0,0,1,0,1
S1,alcohol_o10,Batch1,1,0,0,0,0,0
S1,alcohol_11,Batch3,0,0,0,1,0,1
S1,alcohol_o11,Batch1,1,0,0,0,0,0
S1,alcohol_12,Batch3,0,0,0,1,0,1
S1,alcohol_o12,Batch1,1,0,0,0,0,0
S1,alcohol_13,Batch3,0,0,0,1,0,1
S1,alcohol_14,Batch3,0,0,0,1,0,1
S1,alcohol_15,Batch3,0,0,0,1,0,1
S1,alcohol_16,Batch3,0,0,0,1,0,1
S1,alcohol_17,Batch3,0,0,0,1,0,1
S1,alcohol_18,Batch3,0,0,0,1,0,1
S1,alcohol_19,Batch3,0,0,0,1,0,1
S1,alcohol_20,Batch3,0,0,0,1,0,1
S1,alcohol_21,Batch3,0,0,0,1,0,1
S1,alcohol_22,Batch3,0,0,0,1,0,1
S1,alcohol_23,Batch3,0,0,0,1,0,1
S1,alcohol_24,Batch3,0,0,0,1,0,1
S1,alcohol_25,Batch3,0,0,0,1,0,1
S1,alcohol_26,Batch3,0,0,0,1,0,1
S1,alcohol_27,Batch3,0,0,0,1,0,1
S1,alcohol_28,Batch3,0,0,0,1,0,1
S1,alcohol_29,Batch3,0,0,0,1,0,1
S1,alcohol_30,Batch3,0,0,0,1,0,1
S1,alcohol_31,Batch3,0,0,0,1,0,1
S1,alcohol_32,Batch3,0,0,0,1,0,1
S1,alcohol_33,Batch3,0,0,0,1,0,1
S1,alcohol_34,Batch3,0,0,0,1,0,1
S1,alcohol_35,Batch3,0,0,0,1,0,1
S1,alcohol_36,Batch3,0,0,0,1,0,1
S1,alcohol_37,Batch3,0,0,0,1,0,1
S1,alcohol_38,Batch3,0,0,0,1,0,1
S1,alcohol_39,Batch3,0,0,0,1,0,1
S1,alcohol_40,Batch3,0,0,0,1,0,1
S1,alcohol_41,Batch3,0,0,0,1,0,1
S1,alcohol_42,Batch3,0,0,0,1,0,1
S1,alcohol_43,Batch3,0,0,0,1,0,1
S1,alcohol_44,Batch4,0,0,0,1,0,1
S1,alcohol_45,Batch4,0,0,0,1,0,1
S1,alcohol_46,Batch4,0,0,0,1,0,1
S1,alcohol_47,Batch4,0,0,0,1,0,1
S1,alcohol_48,Batch4,0,0,0,1,0,1
S1,alcohol_49,Batch4,0,0,0,1,0,1
S1,alcohol_50,Batch4,0,0,0,1,0,1
S1,alcohol_51,Batch4,0,0,0,1,0,1
S1,alcohol_52,Batch4,0,0,0,1,0,1
S1,alcohol_53,Batch4,0,0,0,1,0,1
S1,alcohol_54,Batch4,0,0,0,1,0,1
S1,alcohol_55,Batch4,0,0,0,1,0,1
S1,alcohol_56,Batch4,0,0,0,1,0,1
S1,alcohol_57,Batch4,0,0,0,1,0,1
S1,alcohol_58,Batch4,0,0,0,1,0,1
S1,alcohol_59,Batch4,0,0,0,1,0,1
S1,alcohol_60,Batch4,0,0,0,1,0,1
S1,alcohol_61,Batch4,0,0,0,1,0,1
S1,alcohol_62,Batch4,0,0,0,1,0,1
S1,alcohol_63,Batch4,0,0,0,1,0,1
S1,alcohol_64,Batch4,0,0,0,1,0,1
S1,alcohol_65,Batch4,0,0,0,1,0,1
S1,alcohol_66,Batch4,0,0,0,1,0,1
S1,alcohol_67,Batch4,0,0,0,1,0,1
S1,alcohol_68,Batch4,0,0,0,1,0,1
S1,alcohol_69,Batch5,0,0,0,1,0,1
S1,alcohol_70,Batch5,0,0,0,1,0,1
S1,alcohol_71,Batch5,0,0,0,1,0,1
S1,alcohol_72,Batch5,0,0,0,1,0,1
S1,alcohol_73,Batch5,0,0,0,1,0,1
S1,alcohol_74,Batch5,0,0,0,1,0,1
S1,alcohol_75,Batch5,0,0,0,1,0,1
S1,alcohol_76,Batch5,0,0,0,1,0,1
S1,alcohol_77,Batch5,0,0,0,1,0,1
S1,alcohol_78,Batch5,0,0,0,1,0,1
S1,alcohol_79,Batch5,0,0,0,1,0,1
S1,alcohol_80,Batch5,0,0,0,1,0,1
S1,alcohol_81,Batch5,0,0,0,1,0,1
S1,alcohol_82,Batch5,0,0,0,1,0,1
S1,alcohol_83,Batch5,0,0,0,1,0,1
S1,alcohol_84,Batch5,0,0,0,1,0,1
S1,alcohol_85,Batch6,0,0,0,1,0,1
S1,alcohol_86,Batch6,0,0,0,1,0,1
S1,alcohol_87,Batch6,0,0,0,1,0,1
S1,alcohol_88,Batch6,0,0,0,1,0,1
S1,alcohol_89,Batch6,0,0,0,1,0,1
S1,alcohol_90,Batch6,0,0,0,1,0,1
S1,alcohol_91,Batch6,0,0,0,1,0,1
S1,alcohol_92,Batch6,0,0,0,1,0,1
S1,alcohol_93,Batch6,0,0,0,1,0,1
S1,alcohol_94,Batch6,0,0,0,1,0,1
S1,alcohol_95,Batch6,0,0,0,1,0,1
S1,alcohol_96,Batch6,0,0,0,1,0,1
S1,acetone_1,Batch2,0,0,0,1,0,1
S1,acetone_o1,Batch1,1,0,0,0,0,0
S1,acetone_2,Batch2,0,0,0,1,0,1
S1,acetone_o2,Batch1,1,0,0,0,0,0
S1,acetone_3,Batch2,0,0,0,1,0,1
S1,acetone_o3,Batch1,1,0,0,0,0,0
S1,acetone_4,Batch2,0,0,0,1,0,1
S1,acetone_o4,Batch1,1,0,0,0,0,0
S1,acetone_5,Batch2,0,0,0,1,0,1
S1,acetone_o5,Batch1,1,0,0,0,0,0
S1,acetone_6,Batch2,0,0,0,1,0,1
S1,acetone_o6,Batch1,1,0,0,0,0,0
S1,acetone_7,Batch2,0,0,0,1,0,1
S1,acetone_o7,Batch1,1,0,0,0,0,0
S1,acetone_8,Batch2,0,0,0,1,0,1
S1,acetone_o8,Batch1,1,0,0,0,0,0
S1,acetone_9,Batch2,0,0,0,1,0,1
S1,acetone_o9,Batch1,1,0,0,0,0,0
S1,acetone_10,Batch2,0,0,0,1,0,1
S1,acetone_o10,Batch1,1,0,0,0,0,0
S1,acetone_11,Batch3,0,0,0,1,0,1
S1,acetone_o11,Batch1,1,0,0,0,0,0
S1,acetone_12,Batch3,0,0,0,1,0,1
S1,acetone_o12,Batch1,1,0,0,0,0,0
S1,acetone_13,Batch3,0,0,0,1,0,1
S1,acetone_14,Batch3,0,0,0,1,0,1
S1,acetone_15,Batch3,0,0,0,1,0,1
S1,acetone_16,Batch3,0,0,0,1,0,1
S1,acetone_17,Batch3,0,0,0,1,0,1
S1,acetone_18,Batch3,0,0,0,1,0,1
S1,acetone_19,Batch3,0,0,0,1,0,1
S1,acetone_20,Batch3,0,0,0,1,0,1
S1,acetone_21,Batch3,0,0,0,1,0,1
S1,acetone_22,Batch3,0,0,0,1,0,1
S1,acetone_23,Batch3,0,0,0,1,0,1
S1,acetone_24,Batch3,0,0,0,1,0,1
S1,acetone_25,Batch3,0,0,0,1,0,1
S1,acetone_26,Batch3,0,0,0,1,0,1
S1,acetone_27,Batch3,0,0,0,1,0,1
S1,acetone_28,Batch3,0,0,0,1,0,1
S1,acetone_29,Batch3,0,0,0,1,0,1
S1,acetone_30,Batch3,0,0,0,1,0,1
S1,acetone_31,Batch3,0,0,0,1,0,1
S1,acetone_32,Batch3,0,0,0,1,0,1
S1,acetone_33,Batch3,0,0,0,1,0,1
S1,acetone_34,Batch3,0,0,0,1,0,1
S1,acetone_35,Batch3,0,0,0,1,0,1
S1,acetone_36,Batch3,0,0,0,1,0,1
S1,acetone_37,Batch3,0,0,0,1,0,1
S1,acetone_38,Batch3,0,0,0,1,0,1
S1,acetone_39,Batch3,0,0,0,1,0,1
S1,acetone_40,Batch3,0,0,0,1,0,1
S1,acetone_41,Batch3,0,0,0,1,0,1
S1,acetone_42,Batch3,0,0,0,1,0,1
S1,acetone_43,Batch3,0,0,0,1,0,1
S1,acetone_44,Batch4,0,0,0,1,0,1
S1,acetone_45,Batch4,0,0,0,1,0,1
S1,acetone_46,Batch4,0,0,0,1,0,1
S1,acetone_47,Batch4,0,0,0,1,0,1
S1,acetone_48,Batch4,0,0,0,1,0,1
S1,acetone_49,Batch4,0,0,0,1,0,1
S1,acetone_50,Batch4,0,0,0,1,0,1
S1,acetone_51,Batch4,0,0,0,1,0,1
S1,acetone_52,Batch4,0,0,0,1,0,1
S1,acetone_53,Batch4,0,0,0,1,0,1
S1,acetone_54,Batch4,0,0,0,1,0,1
S1,acetone_55,Batch4,0,0,0,1,0,1
S1,acetone_56,Batch4,0,0,0,1,0,1
S1,acetone_57,Batch4,0,0,0,1,0,1
S1,acetone_58,Batch4,0,0,0,1,0,1
S1,acetone_59,Batch4,0,0,0,1,0,1
S1,acetone_60,Batch4,0,0,0,1,0,1
S1,acetone_61,Batch4,0,0,0,1,0,1
S1,acetone_62,Batch4,0,0,0,1,0,1
S1,acetone_63,Batch4,0,0,0,1,0,1
S1,acetone_64,Batch4,0,0,0,1,0,1
S1,acetone_65,Batch4,0,0,0,1,0,1
S1,acetone_66,Batch4,0,0,0,1,0,1
S1,acetone_67,Batch4,0,0,0,1,0,1
S1,acetone_68,Batch4,0,0,0,1,0,1
S1,acetone_69,Batch5,0,0,0,1,0,1
S1,acetone_70,Batch5,0,0,0,1,0,1
S1,acetone_71,Batch5,0,0,0,1,0,1
S1,acetone_72,Batch5,0,0,0,1,0,1
S1,acetone_73,Batch5,0,0,0,1,0,1
S1,acetone_74,Batch5,0,0,0,1,0,1
S1,acetone_75,Batch5,0,0,0,1,0,1
S1,acetone_76,Batch5,0,0,0,1,0,1
S1,acetone_77,Batch5,0,0,0,1,0,1
S1,acetone_78,Batch5,0,0,0,1,0,1
S1,acetone_79,Batch5,0,0,0,1,0,1
S1,acetone_80,Batch5,0,0,0,1,0,1
S1,acetone_81,Batch5,0,0,0,1,0,1
S1,acetone_82,Batch5,0,0,0,1,0,1
S1,acetone_83,Batch5,0,0,0,1,0,1
S1,acetone_84,Batch5,0,0,0,1,0,1
S1,acetone_85,Batch6,0,0,0,1,0,1
S1,acetone_86,Batch6,0,0,0,1,0,1
S1,acetone_87,Batch6,0,0,0,1,0,1
S1,acetone_88,Batch6,0,0,0,1,0,1
S1,acetone_89,Batch6,0,0,0,1,0,1
S1,acetone_90,Batch6,0,0,0,1,0,1
S1,acetone_91,Batch6,0,0,0,1,0,1
S1,acetone_92,Batch6,0,0,0,1,0,1
S1,acetone_93,Batch6,0,0,0,1,0,1
S1,acetone_94,Batch6,0,0,0,1,0,1
S1,acetone_95,Batch6,0,0,0,1,0,1
S1,acetone_96,Batch6,0,0,0,1,0,1
S2,air_1,Batch2,0,0,0,1,0,1
S2,baseline_1,Batch1,1,0,0,0,0,0
S2,reference_1,Batch2,0,0,0,1,0,1
S2,air_2,Batch2,0,0,0,1,0,1
S2,reference_2,Batch2,0,0,0,1,0,1
S2,air_3,Batch2,0,0,0,1,0,1
S2,baseline_3,Batch1,1,0,0,0,0,0
S2,reference_3,Batch2,0,0,0,1,0,1
S2,air_4,Batch2,0,0,0,1,0,1
S2,baseline_4,Batch1,1,0,0,0,0,0
S2,reference_4,Batch2,0,0,0,1,0,1
S2,air_5,Batch3,0,0,0,1,0,1
S2,baseline_5,Batch1,1,0,0,0,0,0
S2,reference_5,Batch3,0,0,0,1,0,1
S2,air_6,Batch3,0,0,0,1,0,1
S2,baseline_6,Batch1,1,0,0,0,0,0
S2,reference_6,Batch3,0,0,0,1,0,1
S2,air_7,Batch3,0,0,0,1,0,1
S2,baseline_7,Batch1,0,1,0,0,0,0
S2,reference_7,Batch3,0,0,0,1,0,1
S2,air_8,Batch3,0,0,0,1,0,1
S2,reference_8,Batch3,0,0,0,1,0,1
S2,air_9,Batch3,0,0,0,1,0,1
S2,reference_9,Batch3,0,0,0,1,0,1
S2,air_10,Batch3,0,0,0,1,0,1
S2,air_11,Batch3,0,0,0,1,0,1
S2,air_12,Batch3,0,0,0,1,0,1
S2,air_13,Batch3,0,0,0,1,0,1
S2,air_14,Batch3,0,0,0,1,0,1
S2,air_15,Batch3,0,0,0,1,0,1
S2,air_16,Batch3,0,0,0,1,0,1
S2,air_17,Batch3,0,0,0,1,0,1
S2,air_18,Batch4,0,0,0,1,0,1
S2,air_19,Batch4,0,0,0,1,0,1
S2,air_20,Batch4,0,0,0,1,0,1
S2,air_21,Batch4,0,0,0,1,0,1
S2,air_22,Batch4,0,0,0,1,0,1
S2,air_23,Batch4,0,0,0,1,0,1
S2,air_24,Batch4,0,0,0,1,0,1
S2,air_25,Batch4,0,0,0,1,0,1
S2,air_26,Batch4,0,0,0,1,0,1
S2,air_27,Batch4,0,0,0,1,0,1
S2,air_28,Batch4,0,0,0,1,0,1
S2,air_29,Batch4,0,0,0,1,0,1
S2,air_30,Batch4,0,0,0,1,0,1
S2,air_31,Batch4,0,0,0,1,0,1
S2,air_32,Batch4,0,0,0,1,0,1
S2,air_33,Batch4,0,0,0,1,0,1
S2,air_34,Batch4,0,0,0,1,0,1
S2,air_35,Batch4,0,0,0,1,0,1
S2,air_36,Batch4,0,0,0,1,0,1
S2,air_37,Batch4,0,0,0,1,0,1
S2,air_38,Batch4,0,0,0,1,0,1
S2,air_39,Batch4,0,0,0,1,0,1
S2,air_40,Batch4,0,0,0,1,0,1
S2,air_41,Batch4,0,0,0,1,0,1
S2,air_42,Batch4,0,0,0,1,0,1
S2,air_43,Batch4,0,0,0,1,0,1
S2,air_44,Batch4,0,0,0,1,0,1
S2,air_45,Batch4,0,0,0,1,0,1
S2,air_46,Batch4,0,0,0,1,0,1
S2,air_47,Batch4,0,0,0,1,0,1
S2,air_48,Batch4,0,0,0,1,0,1
S2,air_49,Batch5,0,0,0,1,0,1
S2,air_50,Batch5,0,0,0,1,0,1
S2,air_51,Batch5,0,0,0,1,0,1
S2,air_52,Batch5,0,0,0,1,0,1
S2,air_53,Batch5,0,0,0,1,0,1
S2,air_54,Batch5,0,0,0,1,0,1
S2,air_55,Batch5,0,0,0,1,0,1
S2,air_56,Batch5,0,0,0,1,0,1
S2,air_57,Batch5,0,0,0,1,0,1
S2,air_58,Batch5,0,0,0,1,0,1
S2,air_59,Batch5,0,0,0,1,0,1
S2,air_60,Batch5,0,0,0,1,0,1
S2,air_61,Batch5,0,0,0,1,0,1
S2,air_62,Batch5,0,0,0,1,0,1
S2,air_63,Batch6,0,0,0,1,0,1
S2,air_64,Batch6,0,0,0,1,0,1
S2,air_65,Batch6,0,0,0,1,0,1
S2,air_66,Batch6,0,0,0,1,0,1
S2,air_67,Batch6,0,0,0,1,0,1
S2,air_68,Batch6,0,0,0,1,0,1
S2,air_69,Batch6,0,0,0,1,0,1
S2,air_70,Batch6,0,0,0,1,0,1
S2,air_71,Batch6,0,0,0,1,0,1
S2,air_72,Batch6,0,0,0,1,0,1
S2,alcohol_1,Batch2,0,0,0,1,0,1
S2,alcohol_o1,Batch1,1,0,0,0,0,0
S2,alcohol_2,Batch2,0,0,0,1,0,1
S2,alcohol_o2,Batch1,1,0,0,0,0,0
S2,alcohol_3,Batch2,0,0,0,1,0,1
S2,alcohol_o3,Batch1,1,0,0,0,0,0
S2,alcohol_4,Batch2,0,0,0,1,0,1
S2,alcohol_o4,Batch1,0,1,0,0,0,0
S2,alcohol_5,Batch2,0,0,0,1,0,1
S2,alcohol_o5,Batch1,1,0,0,0,0,0
S2,alcohol_6,Batch2,0,0,0,1,0,1
S2,alcohol_o6,Batch1,1,0,0,0,0,0
S2,alcohol_7,Batch2,0,0,0,1,0,1
S2,alcohol_o7,Batch1,1,0,0,0,0,0
S2,alcohol_8,Batch2,0,0,0,1,0,1
S2,alcohol_o8,Batch1,1,0,0,0,0,0
S2,alcohol_9,Batch2,0,0,0,1,0,1
S2,alcohol_o9,Batch1,1,0,0,0,0,0
S2,alcohol_10,Batch2,0,0,0,1,0,1
S2,alcohol_o10,Batch1,1,0,0,0,0,0
S2,alcohol_11,Batch3,0,0,0,1,0,1
S2,alcohol_o11,Batch1,0,1,0,0,0,0
S2,alcohol_12,Batch3,0,0,0,1,0,1
S2,alcohol_o12,Batch1,1,0,0,0,0,0
S2,alcohol_13,Batch3,0,0,0,1,0,1
S2,alcohol_14,Batch3,0,0,0,1,0,1
S2,alcohol_15,Batch3,0,0,0,1,0,1
S2,alcohol_16,Batch3,0,0,0,1,0,1
S2,alcohol_17,Batch3,0,0,0,1,0,1
S2,alcohol_18,Batch3,0,0,0,1,0,1
S2,alcohol_19,Batch3,0,0,0,1,0,1
S2,alcohol_20,Batch3,0,0,0,1,0,1
S2,alcohol_21,Batch3,0,0,0,1,0,1
S2,alcohol_22,Batch3,0,0,0,1,0,1
S2,alcohol_23,Batch3,0,0,0,1,0,1
S2,alcohol_24,Batch3,0,0,0,1,0,1
S2,alcohol_25,Batch3,0,0,0,1,0,1
S2,alcohol_26,Batch3,0,0,0,1,0,1
S2,alcohol_27,Batch3,0,0,0,1,0,1
S2,alcohol_28,Batch3,0,0,0,1,0,1
S2,alcohol_29,Batch3,0,0,0,1,0,1
S2,alcohol_30,Batch3,0,0,0,1,0,1
S2,alcohol_31,Batch3,0,0,0,1,0,1
S2,alcohol_32,Batch3,0,0,0,1,0,1
S2,alcohol_33,Batch3,0,0,0,1,0,1
S2,alcohol_34,Batch3,0,0,0,1,0,1
S2,alcohol_35,Batch3,0,0,0,1,0,1
S2,alcohol_36,Batch3,0,0,0,1,0,1
S2,alcohol_37,Batch3,0,0,0,1,0,1
S2,alcohol_38,Batch3,0,0,0,1,0,1
S2,alcohol_39,Batch3,0,0,0,1,0,1
S2,alcohol_40,Batch3,0,0,0,1,0,1
S2,alcohol_41,Batch3,0,0,0,1,0,1
S2,alcohol_42,Batch3,0,0,0,1,0,1
S2,alcohol_43,Batch3,0,0,0,1,0,1
S2,alcohol_44,Batch4,0,0,0,1,0,1
S2,alcohol_45,Batch4,0,0,0,1,0,1
S2,alcohol_46,Batch4,0,0,0,1,0,1
S2,alcohol_47,Batch4,0,0,0,1,0,1
S2,alcohol_48,Batch4,0,0,0,1,0,1
S2,alcohol_49,Batch4,0,0,0,1,0,1
S2,alcohol_50,Batch4,0,0,0,1,0,1
S2,alcohol_51,Batch4,0,0,0,1,0,1
S2,alcohol_52,Batch4,0,0,0,1,0,1
S2,alcohol_53,Batch4,0,0,0,1,0,1
S2,alcohol_54,Batch4,0,0,0,1,0,1
S2,alcohol_55,Batch4,0,0,0,1,0,1
S2,alcohol_56,Batch4,0,0,0,1,0,1
S2,alcohol_57,Batch4,0,0,0,1,0,1
S2,alcohol_58,Batch4,0,0,0,1,0,1
S2,alcohol_59,Batch4,0,0,0,1,0,1
S2,alcohol_60,Batch4,0,0,0,1,0,1
S2,alcohol_61,Batch4,0,0,0,1,0,1
S2,alcohol_62,Batch4,0,0,0,1,0,1
S2,alcohol_63,Batch4,0,0,0,1,0,1
S2,alcohol_64,Batch4,0,0,0,1,0,1
S2,alcohol_65,Batch4,0,0,0,1,0,1
S2,alcohol_66,Batch4,0,0,0,1,0,1
S2,alcohol_67,Batch4,0,0,0,1,0,1
S2,alcohol_68,Batch4,0,0,0,1,0,1
S2,alcohol_69,Batch5,0,0,0,1,0,1
S2,alcohol_70,Batch5,0,0,0,1,0,1
S2,alcohol_71,Batch5,0,0,0,1,0,1
S2,alcohol_72,Batch5,0,0,0,1,0,1
S2,alcohol_73,Batch5,0,0,0,1,0,1
S2,alcohol_74,Batch5,0,0,0,1,0,1
S2,alcohol_75,Batch5,0,0,0,1,0,1
S2,alcohol_76,Batch5,0,0,0,1,0,1
S2,alcohol_77,Batch5,0,0,0,1,0,1
S2,alcohol_78,Batch5,0,0,0,1,0,1
S2,alcohol_79,Batch5,0,0,0,1,0,1
S2,alcohol_80,Batch5,0,0,0,1,0,1
S2,alcohol_81,Batch5,0,0,0,1,0,1
S2,alcohol_82,Batch5,0,0,0,1,0,1
S2,alcohol_83,Batch5,0,0,0,1,0,1
S2,alcohol_84,Batch5,0,0,0,1,0,1
S2,alcohol_85,Batch6,0,0,0,1,0,1
S2,alcohol_86,Batch6,0,0,0,1,0,1
S2,alcohol_87,Batch6,0,0,0,1,0,1
S2,alcohol_88,Batch6,0,0,0,1,0,1
S2,alcohol_89,Batch6,0,0,0,1,0,1
S2,alcohol_90,Batch6,0,0,0,1,0,1
S2,alcohol_91,Batch6,0,0,0,1,0,1
S2,alcohol_92,Batch6,0,0,0,1,0,1
S2,alcohol_93,Batch6,0,0,0,1,0,1
S2,alcohol_94,Batch6,0,0,0,1,0,1
S2,alcohol_95,Batch6,0,0,0,1,0,1
S2,alcohol_96,Batch6,0,0,0,1,0,1
S2,acetone_1,Batch2,0,0,0,1,0,1
S2,acetone_o1,Batch1,1,0,0,0,0,0
S2,acetone_2,Batch2,0,0,0,1,0,1
S2,acetone_o2,Batch1,0,1,0,0,0,0
S2,acetone_3,Batch2,0,0,0,1,0,1
S2,acetone_o3,Batch1,1,0,0,0,0,0
S2,acetone_4,Batch2,0,0,0,1,0,1
S2,acetone_o4,Batch1,0,1,0,0,0,0
S2,acetone_5,Batch2,0,0,0,1,0,1
S2,acetone_o5,Batch1,1,0,0,0,0,0
S2,acetone_6,Batch2,0,0,0,1,0,1
S2,acetone_o6,Batch1,1,0,0,0,0,0
S2,acetone_7,Batch2,0,0,0,1,0,1
S2,acetone_o7,Batch1,1,0,0,0,0,0
S2,acetone_8,Batch2,0,0,0,1,0,1
S2,acetone_o8,Batch1,1,0,0,0,0,0
S2,acetone_9,Batch2,0,0,0,1,0,1
S2,acetone_o9,Batch1,1,0,0,0,0,0
S2,acetone_10,Batch2,0,0,0,1,0,1
S2,acetone_o10,Batch1,1,0,0,0,0,0
S2,acetone_11,Batch3,0,0,0,1,0,1
S2,acetone_o11,Batch1,1,0,0,0,0,0
S2,acetone_12,Batch3,0,0,0,1,0,1
S2,acetone_o12,Batch1,1,0,0,0,0,0
S2,acetone_13,Batch3,0,0,0,1,0,1
S2,acetone_14,Batch3,0,0,0,1,0,1
S2,acetone_15,Batch3,0,0,0,1,0,1
S2,acetone_16,Batch3,0,0,0,1,0,1
S2,acetone_17,Batch3,0,0,0,1,0,1
S2,acetone_18,Batch3,0,0,0,1,0,1
S2,acetone_19,Batch3,0,0,0,1,0,1
S2,acetone_20,Batch3,0,0,0,1,0,1
S2,acetone_21,Batch3,0,0,0,1,0,1
S2,acetone_22,Batch3,0,0,0,1,0,1
S2,acetone_23,Batch3,0,0,0,1,0,1
S2,acetone_24,Batch3,0,0,0,1,0,1
S2,acetone_25,Batch3,0,0,0,1,0,1
S2,acetone_26,Batch3,0,0,0,1,0,1
S2,acetone_27,Batch3,0,0,0,1,0,1
S2,acetone_28,Batch3,0,0,0,1,0,1
S2,acetone_29,Batch3,0,0,0,1,0,1
S2,acetone_30,Batch3,0,0,0,1,0,1
S2,acetone_31,Batch3,0,0,0,1,0,1
S2,acetone_32,Batch3,0,0,0,1,0,1
S2,acetone_33,Batch3,0,0,0,1,0,1
S2,acetone_34,Batch3,0,0,0,1,0,1
S2,acetone_35,Batch3,0,0,0,1,0,1
S2,acetone_36,Batch3,0,0,0,1,0,1
S2,acetone_37,Batch3,0,0,0,1,0,1
S2,acetone_38,Batch3,0,0,0,1,0,1
S2,acetone_39,Batch3,0,0,0,1,0,1
S2,acetone_40,Batch3,0,0,0,1,0,1
S2,acetone_41,Batch3,0,0,0,1,0,1
S2,acetone_42,Batch3,0,0,0,1,0,1
S2,acetone_43,Batch3,0,0,0,1,0,1
S2,acetone_44,Batch4,0,0,0,1,0,1
S2,acetone_45,Batch4,0,0,0,1,0,1
S2,acetone_46,Batch4,0,0,0,1,0,1
S2,acetone_47,Batch4,0,0,0,1,0,1
S2,acetone_48,Batch4,0,0,0,1,0,1
S2,acetone_49,Batch4,0,0,0,1,0,1
S2,acetone_50,Batch4,0,0,0,1,0,1
S2,acetone_51,Batch4,0,0,0,1,0,1
S2,acetone_52,Batch4,0,0,0,1,0,1
S2,acetone_53,Batch4,0,0,0,1,0,1
S2,acetone_54,Batch4,0,0,0,1,0,1
S2,acetone_55,Batch4,0,0,0,1,0,1
S2,acetone_56,Batch4,0,0,0,1,0,1
S2,acetone_57,Batch4,0,0,0,1,0,1
S2,acetone_58,Batch4,0,0,0,1,0,1
S2,acetone_59,Batch4,0,0,0,1,0,1
S2,acetone_60,Batch4,0,0,0,1,0,1
S2,acetone_61,Batch4,0,0,0,1,0,1
S2,acetone_62,Batch4,0,0,0,1,0,1
S2,acetone_63,Batch4,0,0,0,1,0,1
S2,acetone_64,Batch4,0,0,0,1,0,1
S2,acetone_65,Batch4,0,0,0,1,0,1
S2,acetone_66,Batch4,0,0,0,1,0,1
S2,acetone_67,Batch4,0,0,0,1,0,1
S2,acetone_68,Batch4,0,0,0,1,0,1
S2,acetone_69,Batch5,0,0,0,1,0,1
S2,acetone_70,Batch5,0,0,0,1,0,1
S2,acetone_71,Batch5,0,0,0,1,0,1
S2,acetone_72,Batch5,0,0,0,1,0,1
S2,acetone_73,Batch5,0,0,0,1,0,1
S2,acetone_74,Batch5,0,0,0,1,0,1
S2,acetone_75,Batch5,0,0,0,1,0,1
S2,acetone_76,Batch5,0,0,0,1,0,1
S2,acetone_77,Batch5,0,0,0,1,0,1
S2,acetone_78,Batch5,0,0,0,1,0,1
S2,acetone_79,Batch5,0,0,0,1,0,1
S2,acetone_80,Batch5,0,0,0,1,0,1
S2,acetone_81,Batch5,0,0,0,1,0,1
S2,acetone_82,Batch5,0,0,0,1,0,1
S2,acetone_83,Batch5,0,0,0,1,0,1
S2,acetone_84,Batch5,0,0,0,1,0,1
S2,acetone_85,Batch6,0,0,0,1,0,1
S2,acetone_86,Batch6,0,0,0,1,0,1
S2,acetone_87,Batch6,0,0,0,1,0,1
S2,acetone_88,Batch6,0,0,0,1,0,1
S2,acetone_89,Batch6,0,0,0,1,0,1
S2,acetone_90,Batch6,0,0,0,1,0,1
S2,acetone_91,Batch6,0,0,0,1,0,1
S2,acetone_92,Batch6,0,0,0,1,0,1
S2,acetone_93,Batch6,0,0,0,1,0,1
S2,acetone_94,Batch6,0,0,0,1,0,1
S2,acetone_95,Batch6,0,0,0,1,0,1
S2,acetone_96,Batch6,0,0,0,1,0,1
S3,air_1,Batch2,0,0,0,1,0,1
S3,baseline_1,Batch1,1,0,0,0,0,0
S3,reference_1,Batch2,0,0,0,1,0,1
S3,air_2,Batch2,0,0,0,1,0,1
S3,reference_2,Batch2,0,0,0,1,0,1
S3,air_3,Batch2,0,0,0,1,0,1
S3,baseline_3,Batch1,1,0,0,0,0,0
S3,reference_3,Batch2,0,0,0,1,0,1
S3,air_4,Batch2,0,0,0,1,0,1
S3,baseline_4,Batch1,1,0,0,0,0,0
S3,reference_4,Batch2,0,0,0,1,0,1
S3,air_5,Batch3,0,0,0,1,0,1
S3,baseline_5,Batch1,1,0,0,0,0,0
S3,reference_5,Batch3,0,0,0,1,0,1
S3,air_6,Batch3,0,0,0,1,0,1
S3,baseline_6,Batch1,0,1,0,0,0,0
S3,reference_6,Batch3,0,0,0,1,0,1
S3,air_7,Batch3,0,0,0,1,0,1
S3,baseline_7,Batch1,0,1,0,0,0,0
S3,reference_7,Batch3,0,0,0,1,0,1
S3,air_8,Batch3,0,0,0,1,0,1
S3,reference_8,Batch3,0,0,0,1,0,1
S3,air_9,Batch3,0,0,0,1,0,1
S3,reference_9,Batch3,0,0,0,1,0,1
S3,air_10,Batch3,0,0,0,1,0,1
S3,air_11,Batch3,0,0,0,1,0,1
S3,air_12,Batch3,0,0,0,1,0,1
S3,air_13,Batch3,0,0,0,1,0,1
S3,air_14,Batch3,0,0,0,1,0,1
S3,air_15,Batch3,0,0,0,1,0,1
S3,air_16,Batch3,0,0,0,1,0,1
S3,air_17,Batch3,0,0,0,1,0,1
S3,air_18,Batch4,0,0,0,1,0,1
S3,air_19,Batch4,0,0,0,1,0,1
S3,air_20,Batch4,0,0,0,1,0,1
S3,air_21,Batch4,0,0,0,1,0,1
S3,air_22,Batch4,0,0,0,1,0,1
S3,air_23,Batch4,0,0,0,1,0,1
S3,air_24,Batch4,0,0,0,1,0,1
S3,air_25,Batch4,0,0,0,1,0,1
S3,air_26,Batch4,0,0,0,1,0,1
S3,air_27,Batch4,0,0,0,1,0,1
S3,air_28,Batch4,0,0,0,1,0,1
S3,air_29,Batch4,0,0,0,1,0,1
S3,air_30,Batch4,0,0,0,1,0,1
S3,air_31,Batch4,0,0,0,1,0,1
S3,air_32,Batch4,0,0,0,1,0,1
S3,air_33,Batch4,0,0,0,1,0,1
S3,air_34,Batch4,0,0,0,1,0,1
S3,air_35,Batch4,0,0,0,1,0,1
S3,air_36,Batch4,0,0,0,1,0,1
S3,air_37,Batch4,0,0,0,1,0,1
S3,air_38,Batch4,0,0,0,1,0,1
S3,air_39,Batch4,0,0,0,1,0,1
S3,air_40,Batch4,0,0,0,1,0,1
S3,air_41,Batch4,0,0,0,1,0,1
S3,air_42,Batch4,0,0,0,1,0,1
S3,air_43,Batch4,0,0,0,1,0,1
S3,air_44,Batch4,0,0,0,1,0,1
S3,air_45,Batch4,0,0,0,1,0,1
S3,air_46,Batch4,0,0,0,1,0,1
S3,air_47,Batch4,0,0,0,1,0,1
S3,air_48,Batch4,0,0,0,1,0,1
S3,air_49,Batch5,0,0,0,1,0,1
S3,air_50,Batch5,0,0,0,1,0,1
S3,air_51,Batch5,0,0,0,1,0,1
S3,air_52,Batch5,0,0,0,1,0,1
S3,air_53,Batch5,0,0,0,1,0,1
S3,air_54,Batch5,0,0,0,1,0,1
S3,air_55,Batch5,0,0,0,1,0,1
S3,air_56,Batch5,0,0,0,1,0,1
S3,air_57,Batch5,0,0,0,1,0,1
S3,air_58,Batch5,0,0,0,1,0,1
S3,air_59,Batch5,0,0,0,1,0,1
S3,air_60,Batch5,0,0,0,1,0,1
S3,air_61,Batch5,0,0,0,1,0,1
S3,air_62,Batch5,0,0,0,1,0,1
S3,air_63,Batch6,0,0,0,1,0,1
S3,air_64,Batch6,0,0,0,1,0,1
S3,air_65,Batch6,0,0,0,1,0,1
S3,air_66,Batch6,0,0,0,1,0,1
S3,air_67,Batch6,0,0,0,1,0,1
S3,air_68,Batch6,0,0,0,1,0,1
S3,air_69,Batch6,0,0,0,1,0,1
S3,air_70,Batch6,0,0,0,1,0,1
S3,air_71,Batch6,0,0,0,1,0,1
S3,air_72,Batch6,0,0,0,1,0,1
S3,alcohol_1,Batch2,0,0,0,1,0,1
S3,alcohol_o1,Batch1,1,0,0,0,0,0
S3,alcohol_2,Batch2,0,0,0,1,0,1
S3,alcohol_o2,Batch1,1,0,0,0,0,0
S3,alcohol_3,Batch2,0,0,0,1,0,1
S3,alcohol_o3,Batch1,0,1,0,0,0,0
S3,alcohol_4,Batch2,0,0,0,1,0,1
S3,alcohol_o4,Batch1,0,1,0,0,0,0
S3,alcohol_5,Batch2,0,0,0,1,0,1
S3,alcohol_o5,Batch1,1,0,0,0,0,0
S3,alcohol_6,Batch2,0,0,0,1,0,1
S3,alcohol_o6,Batch1,1,0,0,0,0,0
S3,alcohol_7,Batch2,0,0,0,1,0,1
S3,alcohol_o7,Batch1,1,0,0,0,0,0
S3,alcohol_8,Batch2,0,0,0,1,0,1
S3,alcohol_o8,Batch1,1,0,0,0,0,0
S3,alcohol_9,Batch2,0,0,0,1,0,1
S3,alcohol_o9,Batch1,1,0,0,0,0,0
S3,alcohol_10,Batch2,0,0,0,1,0,1
S3,alcohol_o10,Batch1,1,0,0,0,0,0
S3,alcohol_11,Batch3,0,0,0,1,0,1
S3,alcohol_o11,Batch1,0,1,0,0,0,0
S3,alcohol_12,Batch3,0,0,0,1,0,1
S3,alcohol_o12,Batch1,0,1,0,0,0,0
S3,alcohol_13,Batch3,0,0,0,1,0,1
S3,alcohol_14,Batch3,0,0,0,1,0,1
S3,alcohol_15,Batch3,0,0,0,1,0,1
S3,alcohol_16,Batch3,0,0,0,1,0,1
S3,alcohol_17,Batch3,0,0,0,1,0,1
S3,alcohol_18,Batch3,0,0,0,1,0,1
S3,alcohol_19,Batch3,0,0,0,1,0,1
S3,alcohol_20,Batch3,0,0,0,1,0,1
S3,alcohol_21,Batch3,0,0,0,1,0,1
S3,alcohol_22,Batch3,0,0,0,1,0,1
S3,alcohol_23,Batch3,0,0,0,1,0,1
S3,alcohol_24,Batch3,0,0,0,1,0,1
S3,alcohol_25,Batch3,0,0,0,1,0,1
S3,alcohol_26,Batch3,0,0,0,1,0,1
S3,alcohol_27,Batch3,0,0,0,1,0,1
S3,alcohol_28,Batch3,0,0,0,1,0,1
S3,alcohol_29,Batch3,0,0,0,1,0,1
S3,alcohol_30,Batch3,0,0,0,1,0,1
S3,alcohol_31,Batch3,0,0,0,1,0,1
S3,alcohol_32,Batch3,0,0,0,1,0,1
S3,alcohol_33,Batch3,0,0,0,1,0,1
S3,alcohol_34,Batch3,0,0,0,1,0,1
S3,alcohol_35,Batch3,0,0,0,1,0,1
S3,alcohol_36,Batch3,0,0,0,1,0,1
S3,alcohol_37,Batch3,0,0,0,1,0,1
S3,alcohol_38,Batch3,0,0,0,1,0,1
S3,alcohol_39,Batch3,0,0,0,1,0,1
S3,alcohol_40,Batch3,0,0,0,1,0,1
S3,alcohol_41,Batch3,0,0,0,1,0,1
S3,alcohol_42,Batch3,0,0,0,1,0,1
S3,alcohol_43,Batch3,0,0,0,1,0,1
S3,alcohol_44,Batch4,0,0,0,1,0,1
S3,alcohol_45,Batch4,0,0,0,1,0,1
S3,alcohol_46,Batch4,0,0,0,1,0,1
S3,alcohol_47,Batch4,0,0,0,1,0,1
S3,alcohol_48,Batch4,0,0,0,1,0,1
S3,alcohol_49,Batch4,0,0,0,1,0,1
S3,alcohol_50,Batch4,0,0,0,1,0,1
S3,alcohol_51,Batch4,0,0,0,1,0,1
S3,alcohol_52,Batch4,0,0,0,1,0,1
S3,alcohol_53,Batch4,0,0,0,1,0,1
S3,alcohol_54,Batch4,0,0,0,1,0,1
S3,alcohol_55,Batch4,0,0,0,1,0,1
S3,alcohol_56,Batch4,0,0,0,1,0,1
S3,alcohol_57,Batch4,0,0,0,1,0,1
S3,alcohol_58,Batch4,0,0,0,1,0,1
S3,alcohol_59,Batch4,0,0,0,1,0,1
S3,alcohol_60,Batch4,0,0,0,1,0,1
S3,alcohol_61,Batch4,0,0,0,1,0,1
S3,alcohol_62,Batch4,0,0,0,1,0,1
S3,alcohol_63,Batch4,0,0,0,1,0,1
S3,alcohol_64,Batch4,0,0,0,1,0,1
S3,alcohol_65,Batch4,0,0,0,1,0,1
S3,alcohol_66,Batch4,0,0,0,1,0,1
S3,alcohol_67,Batch4,0,0,0,1,0,1
S3,alcohol_68,Batch4,0,0,0,1,0,1
S3,alcohol_69,Batch5,0,0,0,1,0,1
S3,alcohol_70,Batch5,0,0,0,1,0,1
S3,alcohol_71,Batch5,0,0,0,1,0,1
S3,alcohol_72,Batch5,0,0,0,1,0,1
S3,alcohol_73,Batch5,0,0,0,1,0,1
S3,alcohol_74,Batch5,0,0,0,1,0,1
S3,alcohol_75,Batch5,0,0,0,1,0,1
S3,alcohol_76,Batch5,0,0,0,1,0,1
S3,alcohol_77,Batch5,0,0,0,1,0,1
S3,alcohol_78,Batch5,0,0,0,1,0,1
S3,alcohol_79,Batch5,0,0,0,1,0,1
S3,alcohol_80,Batch5,0,0,0,1,0,1
S3,alcohol_81,Batch5,0,0,0,1,0,1
S3,alcohol_82,Batch5,0,0,0,1,0,1
S3,alcohol_83,Batch5,0,0,0,1,0,1
S3,alcohol_84,Batch5,0,0,0,1,0,1
S3,alcohol_85,Batch6,0,0,0,1,0,1
S3,alcohol_86,Batch6,0,0,0,1,0,1
S3,alcohol_87,Batch6,0,0,0,1,0,1
S3,alcohol_88,Batch6,0,0,0,1,0,1
S3,alcohol_89,Batch6,0,0,0,1,0,1
S3,alcohol_90,Batch6,0,0,0,1,0,1
S3,alcohol_91,Batch6,0,0,0,1,0,1
S3,alcohol_92,Batch6,0,0,0,1,0,1
S3,alcohol_93,Batch6,0,0,0,1,0,1
S3,alcohol_94,Batch6,0,0,0,1,0,1
S3,alcohol_95,Batch6,0,0,0,1,0,1
S3,alcohol_96,Batch6,0,0,0,1,0,1
S3,acetone_1,Batch2,0,0,0,1,0,1
S3,acetone_o1,Batch1,1,0,0,0,0,0
S3,acetone_2,Batch2,0,0,0,1,0,1
S3,acetone_o2,Batch1,0,1,0,0,0,0
S3,acetone_3,Batch2,0,0,0,1,0,1
S3,acetone_o3,Batch1,1,0,0,0,0,0
S3,acetone_4,Batch2,0,0,0,1,0,1
S3,acetone_o4,Batch1,0,1,0,0,0,0
S3,acetone_5,Batch2,0,0,0,1,0,1
S3,acetone_o5,Batch1,1,0,0,0,0,0
S3,acetone_6,Batch2,0,0,0,1,0,1
S3,acetone_o6,Batch1,0,1,0,0,0,0
S3,acetone_7,Batch2,0,0,0,1,0,1
S3,acetone_o7,Batch1,0,1,0,0,0,0
S3,acetone_8,Batch2,0,0,0,1,0,1
S3,acetone_o8,Batch1,1,0,0,0,0,0
S3,acetone_9,Batch2,0,0,0,1,0,1
S3,acetone_o9,Batch1,1,0,0,0,0,0
S3,acetone_10,Batch2,0,0,0,1,0,1
S3,acetone_o10,Batch1,1,0,0,0,0,0
S3,acetone_11,Batch3,0,0,0,1,0,1
S3,acetone_o11,Batch1,1,0,0,0,0,0
S3,acetone_12,Batch3,0,0,0,1,0,1
S3,acetone_o12,Batch1,1,0,0,0,0,0
S3,acetone_13,Batch3,0,0,0,1,0,1
S3,acetone_14,Batch3,0,0,0,1,0,1
S3,acetone_15,Batch3,0,0,0,1,0,1
S3,acetone_16,Batch3,0,0,0,1,0,1
S3,acetone_17,Batch3,0,0,0,1,0,1
S3,acetone_18,Batch3,0,0,0,1,0,1
S3,acetone_19,Batch3,0,0,0,1,0,1
S3,acetone_20,Batch3,0,0,0,1,0,1
S3,acetone_21,Batch3,0,0,0,1,0,1
S3,acetone_22,Batch3,0,0,0,1,0,1
S3,acetone_23,Batch3,0,0,0,1,0,1
S3,acetone_24,Batch3,0,0,0,1,0,1
S3,acetone_25,Batch3,0,0,0,1,0,1
S3,acetone_26,Batch3,0,0,0,1,0,1
S3,acetone_27,Batch3,0,0,0,1,0,1
S3,acetone_28,Batch3,0,0,0,1,0,1
S3,acetone_29,Batch3,0,0,0,1,0,1
S3,acetone_30,Batch3,0,0,0,1,0,1
S3,acetone_31,Batch3,0,0,0,1,0,1
S3,acetone_32,Batch3,0,0,0,1,0,1
S3,acetone_33,Batch3,0,0,0,1,0,1
S3,acetone_34,Batch3,0,0,0,1,0,1
S3,acetone_35,Batch3,0,0,0,1,0,1
S3,acetone_36,Batch3,0,0,0,1,0,1
S3,acetone_37,Batch3,0,0,0,1,0,1
S3,acetone_38,Batch3,0,0,0,1,0,1
S3,acetone_39,Batch3,0,0,0,1,0,1
S3,acetone_40,Batch3,0,0,0,1,0,1
S3,acetone_41,Batch3,0,0,0,1,0,1
S3,acetone_42,Batch3,0,0,0,1,0,1
S3,acetone_43,Batch3,0,0,0,1,0,1
S3,acetone_44,Batch4,0,0,0,1,0,1
S3,acetone_45,Batch4,0,0,0,1,0,1
S3,acetone_46,Batch4,0,0,0,1,0,1
S3,acetone_47,Batch4,0,0,0,1,0,1
S3,acetone_48,Batch4,0,0,0,1,0,1
S3,acetone_49,Batch4,0,0,0,1,0,1
S3,acetone_50,Batch4,0,0,0,1,0,1
S3,acetone_51,Batch4,0,0,0,1,0,1
S3,acetone_52,Batch4,0,0,0,1,0,1
S3,acetone_53,Batch4,0,0,0,1,0,1
S3,acetone_54,Batch4,0,0,0,1,0,1
S3,acetone_55,Batch4,0,0,0,1,0,1
S3,acetone_56,Batch4,0,0,0,1,0,1
S3,acetone_57,Batch4,0,0,0,1,0,1
S3,acetone_58,Batch4,0,0,0,1,0,1
S3,acetone_59,Batch4,0,0,0,1,0,1
S3,acetone_60,Batch4,0,0,0,1,0,1
S3,acetone_61,Batch4,0,0,0,1,0,1
S3,acetone_62,Batch4,0,0,0,1,0,1
S3,acetone_63,Batch4,0,0,0,1,0,1
S3,acetone_64,Batch4,0,0,0,1,0,1
S3,acetone_65,Batch4,0,0,0,1,0,1
S3,acetone_66,Batch4,0,0,0,1,0,1
S3,acetone_67,Batch4,0,0,0,1,0,1
S3,acetone_68,Batch4,0,0,0,1,0,1
S3,acetone_69,Batch5,0,0,0,1,0,1
S3,acetone_70,Batch5,0,0,0,1,0,1
S3,acetone_71,Batch5,0,0,0,1,0,1
S3,acetone_72,Batch5,0,0,0,1,0,1
S3,acetone_73,Batch5,0,0,0,1,0,1
S3,acetone_74,Batch5,0,0,0,1,0,1
S3,acetone_75,Batch5,0,0,0,1,0,1
S3,acetone_76,Batch5,0,0,0,1,0,1
S3,acetone_77,Batch5,0,0,0,1,0,1
S3,acetone_78,Batch5,0,0,0,1,0,1
S3,acetone_79,Batch5,0,0,0,1,0,1
S3,acetone_80,Batch5,0,0,0,1,0,1
S3,acetone_81,Batch5,0,0,0,1,0,1
S3,acetone_82,Batch5,0,0,0,1,0,1
S3,acetone_83,Batch5,0,0,0,1,0,1
S3,acetone_84,Batch5,0,0,0,1,0,1
S3,acetone_85,Batch6,0,0,0,1,0,1
S3,acetone_86,Batch6,0,0,0,1,0,1
S3,acetone_87,Batch6,0,0,0,1,0,1
S3,acetone_88,Batch6,0,0,0,1,0,1
S3,acetone_89,Batch6,0,0,0,1,0,1
S3,acetone_90,Batch6,0,0,0,1,0,1
S3,acetone_91,Batch6,0,0,0,1,0,1
S3,acetone_92,Batch6,0,0,0,1,0,1
S3,acetone_93,Batch6,0,0,0,1,0,1
S3,acetone_94,Batch6,0,0,0,1,0,1
S3,acetone_95,Batch6,0,0,0,1,0,1
S3,acetone_96,Batch6,0,0,0,1,0,1
S4,air_1,Batch2,0,0,0,0,1,0
S4,baseline_1,Batch1,1,0,0,0,0,0
S4,reference_1,Batch2,0,0,0,0,1,0
S4,air_2,Batch2,0,0,0,0,1,0
S4,reference_2,Batch2,0,0,0,0,1,0
S4,air_3,Batch2,0,0,0,0,1,0
S4,baseline_3,Batch1,1,0,0,0,0,0
S4,reference_3,Batch2,0,0,0,0,1,0
S4,air_4,Batch2,0,0,0,0,1,0
S4,baseline_4,Batch1,1,0,0,0,0,0
S4,reference_4,Batch2,0,0,0,0,1,0
S4,air_5,Batch3,0,0,0,1,0,1
S4,baseline_5,Batch1,1,0,0,0,0,0
S4,reference_5,Batch3,0,0,0,1,0,1
S4,air_6,Batch3,0,0,0,1,0,1
S4,baseline_6,Batch1,1,0,0,0,0,0
S4,reference_6,Batch3,0,0,0,1,0,1
S4,air_7,Batch3,0,0,0,1,0,1
S4,baseline_7,Batch1,1,0,0,0,0,0
S4,reference_7,Batch3,0,0,0,1,0,1
S4,air_8,Batch3,0,0,0,1,0,1
S4,reference_8,Batch3,0,0,0,1,0,1
S4,air_9,Batch3,0,0,0,1,0,1
S4,reference_9,Batch3,0,0,0,1,0,1
S4,air_10,Batch3,0,0,0,1,0,1
S4,air_11,Batch3,0,0,0,1,0,1
S4,air_12,Batch3,0,0,0,1,0,1
S4,air_13,Batch3,0,0,0,1,0,1
S4,air_14,Batch3,0,0,0,1,0,1
S4,air_15,Batch3,0,0,0,1,0,1
S4,air_16,Batch3,0,0,0,1,0,1
S4,air_17,Batch3,0,0,0,1,0,1
S4,air_18,Batch4,0,0,0,1,0,1
S4,air_19,Batch4,0,0,0,1,0,1
S4,air_20,Batch4,0,0,0,1,0,1
S4,air_21,Batch4,0,0,0,1,0,1
S4,air_22,Batch4,0,0,0,1,0,1
S4,air_23,Batch4,0,0,0,1,0,1
S4,air_24,Batch4,0,0,0,1,0,1
S4,air_25,Batch4,0,0,0,1,0,1
S4,air_26,Batch4,0,0,0,1,0,1
S4,air_27,Batch4,0,0,0,1,0,1
S4,air_28,Batch4,0,0,0,1,0,1
S4,air_29,Batch4,0,0,0,1,0,1
S4,air_30,Batch4,0,0,0,1,0,1
S4,air_31,Batch4,0,0,0,1,0,1
S4,air_32,Batch4,0,0,0,1,0,1
S4,air_33,Batch4,0,0,0,1,0,1
S4,air_34,Batch4,0,0,0,1,0,1
S4,air_35,Batch4,0,0,0,1,0,1
S4,air_36,Batch4,0,0,0,1,0,1
S4,air_37,Batch4,0,0,0,1,0,1
S4,air_38,Batch4,0,0,0,1,0,1
S4,air_39,Batch4,0,0,0,1,0,1
S4,air_40,Batch4,0,0,0,1,0,1
S4,air_41,Batch4,0,0,0,1,0,1
S4,air_42,Batch4,0,0,0,1,0,1
S4,air_43,Batch4,0,0,0,1,0,1
S4,air_44,Batch4,0,0,0,1,0,1
S4,air_45,Batch4,0,0,0,1,0,1
S4,air_46,Batch4,0,0,0,1,0,1
S4,air_47,Batch4,0,0,0,1,0,1
S4,air_48,Batch4,0,0,0,1,0,1
S4,air_49,Batch5,0,0,0,1,0,1
S4,air_50,Batch5,0,0,0,1,0,1
S4,air_51,Batch5,0,0,0,1,0,1
S4,air_52,Batch5,0,0,0,1,0,1
S4,air_53,Batch5,0,0,0,1,0,1
S4,air_54,Batch5,0,0,0,1,0,1
S4,air_55,Batch5,0,0,0,1,0,1
S4,air_56,Batch5,0,0,0,1,0,1
S4,air_57,Batch5,0,0,0,1,0,1
S4,air_58,Batch5,0,0,0,1,0,1
S4,air_59,Batch5,0,0,0,1,0,1
S4,air_60,Batch5,0,0,0,1,0,1
S4,air_61,Batch5,0,0,0,1,0,1
S4,air_62,Batch5,0,0,0,1,0,1
S4,air_63,Batch6,0,0,0,1,0,1
S4,air_64,Batch6,0,0,0,1,0,1
S4,air_65,Batch6,0,0,0,1,0,1
S4,air_66,Batch6,0,0,0,1,0,1
S4,air_67,Batch6,0,0,0,1,0,1
S4,air_68,Batch6,0,0,0,1,0,1
S4,air_69,Batch6,0,0,0,1,0,1
S4,air_70,Batch6,0,0,0,1,0,1
S4,air_71,Batch6,0,0,0,1,0,1
S4,air_72,Batch6,0,0,0,1,0,1
S4,alcohol_1,Batch2,0,0,0,0,1,0
S4,alcohol_o1,Batch1,1,0,0,0,0,0
S4,alcohol_2,Batch2,0,0,0,0,1,0
S4,alcohol_o2,Batch1,1,0,0,0,0,0
S4,alcohol_3,Batch2,0,0,0,0,1,0
S4,alcohol_o3,Batch1,1,0,0,0,0,0
S4,alcohol_4,Batch2,0,0,0,0,1,0
S4,alcohol_o4,Batch1,1,0,0,0,0,0
S4,alcohol_5,Batch2,0,0,0,0,1,0
S4,alcohol_o5,Batch1,1,0,0,0,0,0
S4,alcohol_6,Batch2,0,0,0,0,1,0
S4,alcohol_o6,Batch1,1,0,0,0,0,0
S4,alcohol_7,Batch2,0,0,0,0,1,0
S4,alcohol_o7,Batch1,1,0,0,0,0,0
S4,alcohol_8,Batch2,0,0,0,0,1,0
S4,alcohol_o8,Batch1,1,0,0,0,0,0
S4,alcohol_9,Batch2,0,0,0,0,1,0
S4,alcohol_o9,Batch1,1,0,0,0,0,0
S4,alcohol_10,Batch2,0,0,0,0,1,0
S4,alcohol_o10,Batch1,1,0,0,0,0,0
S4,alcohol_11,Batch3,0,0,0,1,0,1
S4,alcohol_o11,Batch1,1,0,0,0,0,0
S4,alcohol_12,Batch3,0,0,0,1,0,1
S4,alcohol_o12,Batch1,1,0,0,0,0,0
S4,alcohol_13,Batch3,0,0,0,1,0,1
S4,alcohol_14,Batch3,0,0,0,1,0,1
S4,alcohol_15,Batch3,0,0,0,1,0,1
S4,alcohol_16,Batch3,0,0,0,1,0,1
S4,alcohol_17,Batch3,0,0,0,1,0,1
S4,alcohol_18,Batch3,0,0,0,1,0,1
S4,alcohol_19,Batch3,0,0,0,1,0,1
S4,alcohol_20,Batch3,0,0,0,1,0,1
S4,alcohol_21,Batch3,0,0,0,1,0,1
S4,alcohol_22,Batch3,0,0,0,1,0,1
S4,alcohol_23,Batch3,0,0,0,1,0,1
S4,alcohol_24,Batch3,0,0,0,1,0,1
S4,alcohol_25,Batch3,0,0,0,1,0,1
S4,alcohol_26,Batch3,0,0,0,1,0,1
S4,alcohol_27,Batch3,0,0,0,1,0,1
S4,alcohol_28,Batch3,0,0,0,1,0,1
S4,alcohol_29,Batch3,0,0,0,1,0,1
S4,alcohol_30,Batch3,0,0,0,1,0,1
S4,alcohol_31,Batch3,0,0,0,1,0,1
S4,alcohol_32,Batch3,0,0,0,1,0,1
S4,alcohol_33,Batch3,0,0,0,1,0,1
S4,alcohol_34,Batch3,0,0,0,1,0,1
S4,alcohol_35,Batch3,0,0,0,1,0,1
S4,alcohol_36,Batch3,0,0,0,1,0,1
S4,alcohol_37,Batch3,0,0,0,1,0,1
S4,alcohol_38,Batch3,0,0,0,1,0,1
S4,alcohol_39,Batch3,0,0,0,1,0,1
S4,alcohol_40,Batch3,0,0,0,1,0,1
S4,alcohol_41,Batch3,0,0,0,1,0,1
S4,alcohol_42,Batch3,0,0,0,1,0,1
S4,alcohol_43,Batch3,0,0,0,1,0,1
S4,alcohol_44,Batch4,0,0,0,1,0,1
S4,alcohol_45,Batch4,0,0,0,1,0,1
S4,alcohol_46,Batch4,0,0,0,1,0,1
S4,alcohol_47,Batch4,0,0,0,1,0,1
S4,alcohol_48,Batch4,0,0,0,1,0,1
S4,alcohol_49,Batch4,0,0,0,1,0,1
S4,alcohol_50,Batch4,0,0,0,1,0,1
S4,alcohol_51,Batch4,0,0,0,1,0,1
S4,alcohol_52,Batch4,0,0,0,1,0,1
S4,alcohol_53,Batch4,0,0,0,1,0,1
S4,alcohol_54,Batch4,0,0,0,1,0,1
S4,alcohol_55,Batch4,0,0,0,1,0,1
S4,alcohol_56,Batch4,0,0,0,1,0,1
S4,alcohol_57,Batch4,0,0,0,1,0,1
S4,alcohol_58,Batch4,0,0,0,1,0,1
S4,alcohol_59,Batch4,0,0,0,1,0,1
S4,alcohol_60,Batch4,0,0,0,1,0,1
S4,alcohol_61,Batch4,0,0,0,1,0,1
S4,alcohol_62,Batch4,0,0,0,1,0,1
S4,alcohol_63,Batch4,0,0,0,1,0,1
S4,alcohol_64,Batch4,0,0,0,1,0,1
S4,alcohol_65,Batch4,0,0,0,1,0,1
S4,alcohol_66,Batch4,0,0,0,1,0,1
S4,alcohol_67,Batch4,0,0,0,1,0,1
S4,alcohol_68,Batch4,0,0,0,1,0,1
S4,alcohol_69,Batch5,0,0,0,1,0,1
S4,alcohol_70,Batch5,0,0,0,1,0,1
S4,alcohol_71,Batch5,0,0,0,1,0,1
S4,alcohol_72,Batch5,0,0,0,1,0,1
S4,alcohol_73,Batch5,0,0,0,1,0,1
S4,alcohol_74,Batch5,0,0,0,1,0,1
S4,alcohol_75,Batch5,0,0,0,1,0,1
S4,alcohol_76,Batch5,0,0,0,1,0,1
S4,alcohol_77,Batch5,0,0,0,1,0,1
S4,alcohol_78,Batch5,0,0,0,1,0,1
S4,alcohol_79,Batch5,0,0,0,1,0,1
S4,alcohol_80,Batch5,0,0,0,1,0,1
S4,alcohol_81,Batch5,0,0,0,1,0,1
S4,alcohol_82,Batch5,0,0,0,1,0,1
S4,alcohol_83,Batch5,0,0,0,1,0,1
S4,alcohol_84,Batch5,0,0,0,1,0,1
S4,alcohol_85,Batch6,0,0,0,1,0,1
S4,alcohol_86,Batch6,0,0,0,1,0,1
S4,alcohol_87,Batch6,0,0,0,1,0,1
S4,alcohol_88,Batch6,0,0,0,1,0,1
S4,alcohol_89,Batch6,0,0,0,1,0,1
S4,alcohol_90,Batch6,0,0,0,1,0,1
S4,alcohol_91,Batch6,0,0,0,1,0,1
S4,alcohol_92,Batch6,0,0,0,1,0,1
S4,alcohol_93,Batch6,0,0,0,1,0,1
S4,alcohol_94,Batch6,0,0,0,1,0,1
S4,alcohol_95,Batch6,0,0,0,1,0,1
S4,alcohol_96,Batch6,0,0,0,1,0,1
S4,acetone_1,Batch2,0,0,0,0,1,0
S4,acetone_o1,Batch1,1,0,0,0,0,0
S4,acetone_2,Batch2,0,0,0,0,1,0
S4,acetone_o2,Batch1,1,0,0,0,0,0
S4,acetone_3,Batch2,0,0,0,0,1,0
S4,acetone_o3,Batch1,1,0,0,0,0,0
S4,acetone_4,Batch2,0,0,0,0,1,0
S4,acetone_o4,Batch1,1,0,0,0,0,0
S4,acetone_5,Batch2,0,0,0,0,1,0
S4,acetone_o5,Batch1,1,0,0,0,0,0
S4,acetone_6,Batch2,0,0,0,0,1,0
S4,acetone_o6,Batch1,1,0,0,0,0,0
S4,acetone_7,Batch2,0,0,0,0,1,0
S4,acetone_o7,Batch1,1,0,0,0,0,0
S4,acetone_8,Batch2,0,0,0,0,1,0
S4,acetone_o8,Batch1,1,0,0,0,0,0
S4,acetone_9,Batch2,0,0,0,0,1,0
S4,acetone_o9,Batch1,1,0,0,0,0,0
S4,acetone_10,Batch2,0,0,0,0,1,0
S4,acetone_o10,Batch1,1,0,0,0,0,0
S4,acetone_11,Batch3,0,0,0,1,0,1
S4,acetone_o11,Batch1,1,0,0,0,0,0
S4,acetone_12,Batch3,0,0,0,1,0,1
S4,acetone_o12,Batch1,1,0,0,0,0,0
S4,acetone_13,Batch3,0,0,0,1,0,1
S4,acetone_14,Batch3,0,0,0,1,0,1
S4,acetone_15,Batch3,0,0,0,1,0,1
S4,acetone_16,Batch3,0,0,0,1,0,1
S4,acetone_17,Batch3,0,0,0,1,0,1
S4,acetone_18,Batch3,0,0,0,1,0,1
S4,acetone_19,Batch3,0,0,0,1,0,1
S4,acetone_20,Batch3,0,0,0,1,0,1
S4,acetone_21,Batch3,0,0,0,1,0,1
S4,acetone_22,Batch3,0,0,0,1,0,1
S4,acetone_23,Batch3,0,0,0,1,0,1
S4,acetone_24,Batch3,0,0,0,1,0,1
S4,acetone_25,Batch3,0,0,0,1,0,1
S4,acetone_26,Batch3,0,0,0,1,0,1
S4,acetone_27,Batch3,0,0,0,1,0,1
S4,acetone_28,Batch3,0,0,0,1,0,1
S4,acetone_29,Batch3,0,0,0,1,0,1
S4,acetone_30,Batch3,0,0,0,1,0,1
S4,acetone_31,Batch3,0,0,0,1,0,1
S4,acetone_32,Batch3,0,0,0,1,0,1
S4,acetone_33,Batch3,0,0,0,1,0,1
S4,acetone_34,Batch3,0,0,0,1,0,1
S4,acetone_35,Batch3,0,0,0,1,0,1
S4,acetone_36,Batch3,0,0,0,1,0,1
S4,acetone_37,Batch3,0,0,0,1,0,1
S4,acetone_38,Batch3,0,0,0,1,0,1
S4,acetone_39,Batch3,0,0,0,1,0,1
S4,acetone_40,Batch3,0,0,0,1,0,1
S4,acetone_41,Batch3,0,0,0,1,0,1
S4,acetone_42,Batch3,0,0,0,1,0,1
S4,acetone_43,Batch3,0,0,0,1,0,1
S4,acetone_44,Batch4,0,0,0,1,0,1
S4,acetone_45,Batch4,0,0,0,1,0,1
S4,acetone_46,Batch4,0,0,0,1,0,1
S4,acetone_47,Batch4,0,0,0,1,0,1
S4,acetone_48,Batch4,0,0,0,1,0,1
S4,acetone_49,Batch4,0,0,0,1,0,1
S4,acetone_50,Batch4,0,0,0,1,0,1
S4,acetone_51,Batch4,0,0,0,1,0,1
S4,acetone_52,Batch4,0,0,0,1,0,1
S4,acetone_53,Batch4,0,0,0,1,0,1
S4,acetone_54,Batch4,0,0,0,1,0,1
S4,acetone_55,Batch4,0,0,0,1,0,1
S4,acetone_56,Batch4,0,0,0,1,0,1
S4,acetone_57,Batch4,0,0,0,1,0,1
S4,acetone_58,Batch4,0,0,0,1,0,1
S4,acetone_59,Batch4,0,0,0,1,0,1
S4,acetone_60,Batch4,0,0,0,1,0,1
S4,acetone_61,Batch4,0,0,0,1,0,1
S4,acetone_62,Batch4,0,0,0,1,0,1
S4,acetone_63,Batch4,0,0,0,1,0,1
S4,acetone_64,Batch4,0,0,0,1,0,1
S4,acetone_65,Batch4,0,0,0,1,0,1
S4,acetone_66,Batch4,0,0,0,1,0,1
S4,acetone_67,Batch4,0,0,0,1,0,1
S4,acetone_68,Batch4,0,0,0,1,0,1
S4,acetone_69,Batch5,0,0,0,1,0,1
S4,acetone_70,Batch5,0,0,0,1,0,1
S4,acetone_71,Batch5,0,0,0,1,0,1
S4,acetone_72,Batch5,0,0,0,1,0,1
S4,acetone_73,Batch5,0,0,0,1,0,1
S4,acetone_74,Batch5,0,0,0,1,0,1
S4,acetone_75,Batch5,0,0,0,1,0,1
S4,acetone_76,Batch5,0,0,0,1,0,1
S4,acetone_77,Batch5,0,0,0,1,0,1
S4,acetone_78,Batch5,0,0,0,1,0,1
S4,acetone_79,Batch5,0,0,0,1,0,1
S4,acetone_80,Batch5,0,0,0,1,0,1
S4,acetone_81,Batch5,0,0,0,1,0,1
S4,acetone_82,Batch5,0,0,0,1,0,1
S4,acetone_83,Batch5,0,0,0,1,0,1
S4,acetone_84,Batch5,0,0,0,1,0,1
S4,acetone_85,Batch6,0,0,0,1,0,1
S4,acetone_86,Batch6,0,0,0,1,0,1
S4,acetone_87,Batch6,0,0,0,1,0,1
S4,acetone_88,Batch6,0,0,0,1,0,1
S4,acetone_89,Batch6,0,0,0,1,0,1
S4,acetone_90,Batch6,0,0,0,1,0,1
S4,acetone_91,Batch6,0,0,0,1,0,1
S4,acetone_92,Batch6,0,0,0,1,0,1
S4,acetone_93,Batch6,0,0,0,1,0,1
S4,acetone_94,Batch6,0,0,0,1,0,1
S4,acetone_95,Batch6,0,0,0,1,0,1
S4,acetone_96,Batch6,0,0,0,1,0,1
S5,air_1,Batch2,0,0,1,0,0,0
S5,baseline_1,Batch1,1,0,0,0,0,0
S5,reference_1,Batch2,0,0,1,0,0,0
S5,air_2,Batch2,0,0,1,0,0,0
S5,reference_2,Batch2,0,0,1,0,0,0
S5,air_3,Batch2,0,0,0,0,1,0
S5,baseline_3,Batch1,1,0,0,0,0,0
S5,reference_3,Batch2,0,0,1,0,0,0
S5,air_4,Batch2,0,0,0,0,1,0
S5,baseline_4,Batch1,1,0,0,0,0,0
S5,reference_4,Batch2,0,0,1,0,0,0
S5,air_5,Batch3,0,0,0,0,1,0
S5,baseline_5,Batch1,1,0,0,0,0,0
S5,reference_5,Batch3,0,0,0,0,1,0
S5,air_6,Batch3,0,0,0,0,1,0
S5,baseline_6,Batch1,1,0,0,0,0,0
S5,reference_6,Batch3,0,0,0,0,1,0
S5,air_7,Batch3,0,0,0,1,0,1
S5,baseline_7,Batch1,1,0,0,0,0,0
S5,reference_7,Batch3,0,0,0,1,0,1
S5,air_8,Batch3,0,0,0,1,0,1
S5,reference_8,Batch3,0,0,0,1,0,1
S5,air_9,Batch3,0,0,0,1,0,1
S5,reference_9,Batch3,0,0,0,1,0,1
S5,air_10,Batch3,0,0,0,1,0,1
S5,air_11,Batch3,0,0,0,1,0,1
S5,air_12,Batch3,0,0,0,1,0,1
S5,air_13,Batch3,0,0,0,1,0,1
S5,air_14,Batch3,0,0,0,1,0,1
S5,air_15,Batch3,0,0,0,1,0,1
S5,air_16,Batch3,0,0,0,1,0,1
S5,air_17,Batch3,0,0,0,1,0,1
S5,air_18,Batch4,0,0,0,1,0,1
S5,air_19,Batch4,0,0,0,1,0,1
S5,air_20,Batch4,0,0,0,1,0,1
S5,air_21,Batch4,0,0,0,1,0,1
S5,air_22,Batch4,0,0,0,1,0,1
S5,air_23,Batch4,0,0,0,1,0,1
S5,air_24,Batch4,0,0,0,1,0,1
S5,air_25,Batch4,0,0,0,1,0,1
S5,air_26,Batch4,0,0,0,1,0,1
S5,air_27,Batch4,0,0,0,1,0,1
S5,air_28,Batch4,0,0,0,1,0,1
S5,air_29,Batch4,0,0,0,1,0,1
S5,air_30,Batch4,0,0,0,1,0,1
S5,air_31,Batch4,0,0,0,1,0,1
S5,air_32,Batch4,0,0,0,1,0,1
S5,air_33,Batch4,0,0,0,1,0,1
S5,air_34,Batch4,0,0,0,1,0,1
S5,air_35,Batch4,0,0,0,1,0,1
S5,air_36,Batch4,0,0,0,1,0,1
S5,air_37,Batch4,0,0,0,1,0,1
S5,air_38,Batch4,0,0,0,1,0,1
S5,air_39,Batch4,0,0,0,1,0,1
S5,air_40,Batch4,0,0,0,1,0,1
S5,air_41,Batch4,0,0,0,1,0,1
S5,air_42,Batch4,0,0,0,1,0,1
S5,air_43,Batch4,0,0,0,1,0,1
S5,air_44,Batch4,0,0,0,1,0,1
S5,air_45,Batch4,0,0,0,1,0,1
S5,air_46,Batch4,0,0,0,1,0,1
S5,air_47,Batch4,0,0,0,1,0,1
S5,air_48,Batch4,0,0,0,1,0,1
S5,air_49,Batch5,0,0,0,1,0,1
S5,air_50,Batch5,0,0,0,1,0,1
S5,air_51,Batch5,0,0,0,1,0,1
S5,air_52,Batch5,0,0,0,1,0,1
S5,air_53,Batch5,0,0,0,1,0,1
S5,air_54,Batch5,0,0,0,1,0,1
S5,air_55,Batch5,0,0,0,1,0,1
S5,air_56,Batch5,0,0,0,1,0,1
S5,air_57,Batch5,0,0,0,1,0,1
S5,air_58,Batch5,0,0,0,1,0,1
S5,air_59,Batch5,0,0,0,1,0,1
S5,air_60,Batch5,0,0,0,1,0,1
S5,air_61,Batch5,0,0,0,1,0,1
S5,air_62,Batch5,0,0,0,1,0,1
S5,air_63,Batch6,0,0,0,1,0,1
S5,air_64,Batch6,0,0,0,1,0,1
S5,air_65,Batch6,0,0,0,1,0,1
S5,air_66,Batch6,0,0,0,1,0,1
S5,air_67,Batch6,0,0,0,1,0,1
S5,air_68,Batch6,0,0,0,1,0,1
S5,air_69,Batch6,0,0,0,1,0,1
S5,air_70,Batch6,0,0,0,1,0,1
S5,air_71,Batch6,0,0,0,1,0,1
S5,air_72,Batch6,0,0,0,1,0,1
S5,alcohol_1,Batch2,0,0,1,0,0,0
S5,alcohol_o1,Batch1,1,0,0,0,0,0
S5,alcohol_2,Batch2,0,0,1,0,0,0
S5,alcohol_o2,Batch1,1,0,0,0,0,0
S5,alcohol_3,Batch2,0,0,1,0,0,0
S5,alcohol_o3,Batch1,1,0,0,0,0,0
S5,alcohol_4,Batch2,0,0,1,0,0,0
S5,alcohol_o4,Batch1,1,0,0,0,0,0
S5,alcohol_5,Batch2,0,0,1,0,0,0
S5,alcohol_o5,Batch1,1,0,0,0,0,0
S5,alcohol_6,Batch2,0,0,0,0,1,0
S5,alcohol_o6,Batch1,1,0,0,0,0,0
S5,alcohol_7,Batch2,0,0,0,0,1,0
S5,alcohol_o7,Batch1,1,0,0,0,0,0
S5,alcohol_8,Batch2,0,0,0,0,1,0
S5,alcohol_o8,Batch1,1,0,0,0,0,0
S5,alcohol_9,Batch2,0,0,0,0,1,0
S5,alcohol_o9,Batch1,1,0,0,0,0,0
S5,alcohol_10,Batch2,0,0,0,0,1,0
S5,alcohol_o10,Batch1,1,0,0,0,0,0
S5,alcohol_11,Batch3,0,0,0,0,1,0
S5,alcohol_o11,Batch1,1,0,0,0,0,0
S5,alcohol_12,Batch3,0,0,0,0,1,0
S5,alcohol_o12,Batch1,1,0,0,0,0,0
S5,alcohol_13,Batch3,0,0,0,0,1,0
S5,alcohol_14,Batch3,0,0,0,0,1,0
S5,alcohol_15,Batch3,0,0,0,0,1,0
S5,alcohol_16,Batch3,0,0,0,1,0,1
S5,alcohol_17,Batch3,0,0,0,1,0,1
S5,alcohol_18,Batch3,0,0,0,1,0,1
S5,alcohol_19,Batch3,0,0,0,1,0,1
S5,alcohol_20,Batch3,0,0,0,1,0,1
S5,alcohol_21,Batch3,0,0,0,1,0,1
S5,alcohol_22,Batch3,0,0,0,1,0,1
S5,alcohol_23,Batch3,0,0,0,1,0,1
S5,alcohol_24,Batch3,0,0,0,1,0,1
S5,alcohol_25,Batch3,0,0,0,1,0,1
S5,alcohol_26,Batch3,0,0,0,1,0,1
S5,alcohol_27,Batch3,0,0,0,1,0,1
S5,alcohol_28,Batch3,0,0,0,1,0,1
S5,alcohol_29,Batch3,0,0,0,1,0,1
S5,alcohol_30,Batch3,0,0,0,1,0,1
S5,alcohol_31,Batch3,0,0,0,1,0,1
S5,alcohol_32,Batch3,0,0,0,1,0,1
S5,alcohol_33,Batch3,0,0,0,1,0,1
S5,alcohol_34,Batch3,0,0,0,1,0,1
S5,alcohol_35,Batch3,0,0,0,1,0,1
S5,alcohol_36,Batch3,0,0,0,1,0,1
S5,alcohol_37,Batch3,0,0,0,1,0,1
S5,alcohol_38,Batch3,0,0,0,1,0,1
S5,alcohol_39,Batch3,0,0,0,1,0,1
S5,alcohol_40,Batch3,0,0,0,1,0,1
S5,alcohol_41,Batch3,0,0,0,1,0,1
S5,alcohol_42,Batch3,0,0,0,1,0,1
S5,alcohol_43,Batch3,0,0,0,1,0,1
S5,alcohol_44,Batch4,0,0,0,1,0,1
S5,alcohol_45,Batch4,0,0,0,1,0,1
S5,alcohol_46,Batch4,0,0,0,1,0,1
S5,alcohol_47,Batch4,0,0,0,1,0,1
S5,alcohol_48,Batch4,0,0,0,1,0,1
S5,alcohol_49,Batch4,0,0,0,1,0,1
S5,alcohol_50,Batch4,0,0,0,1,0,1
S5,alcohol_51,Batch4,0,0,0,1,0,1
S5,alcohol_52,Batch4,0,0,0,1,0,1
S5,alcohol_53,Batch4,0,0,0,1,0,1
S5,alcohol_54,Batch4,0,0,0,1,0,1
S5,alcohol_55,Batch4,0,0,0,1,0,1
S5,alcohol_56,Batch4,0,0,0,1,0,1
S5,alcohol_57,Batch4,0,0,0,1,0,1
S5,alcohol_58,Batch4,0,0,0,1,0,1
S5,alcohol_59,Batch4,0,0,0,1,0,1
S5,alcohol_60,Batch4,0,0,0,1,0,1
S5,alcohol_61,Batch4,0,0,0,1,0,1
S5,alcohol_62,Batch4,0,0,0,1,0,1
S5,alcohol_63,Batch4,0,0,0,1,0,1
S5,alcohol_64,Batch4,0,0,0,1,0,1
S5,alcohol_65,Batch4,0,0,0,1,0,1
S5,alcohol_66,Batch4,0,0,0,1,0,1
S5,alcohol_67,Batch4,0,0,0,1,0,1
S5,alcohol_68,Batch4,0,0,0,1,0,1
S5,alcohol_69,Batch5,0,0,0,1,0,1
S5,alcohol_70,Batch5,0,0,0,1,0,1
S5,alcohol_71,Batch5,0,0,0,1,0,1
S5,alcohol_72,Batch5,0,0,0,1,0,1
S5,alcohol_73,Batch5,0,0,0,1,0,1
S5,alcohol_74,Batch5,0,0,0,1,0,1
S5,alcohol_75,Batch5,0,0,0,1,0,1
S5,alcohol_76,Batch5,0,0,0,1,0,1
S5,alcohol_77,Batch5,0,0,0,1,0,1
S5,alcohol_78,Batch5,0,0,0,1,0,1
S5,alcohol_79,Batch5,0,0,0,1,0,1
S5,alcohol_80,Batch5,0,0,0,1,0,1
S5,alcohol_81,Batch5,0,0,0,1,0,1
S5,alcohol_82,Batch5,0,0,0,1,0,1
S5,alcohol_83,Batch5,0,0,0,1,0,1
S5,alcohol_84,Batch5,0,0,0,1,0,1
S5,alcohol_85,Batch6,0,0,0,1,0,1
S5,alcohol_86,Batch6,0,0,0,1,0,1
S5,alcohol_87,Batch6,0,0,0,1,0,1
S5,alcohol_88,Batch6,0,0,0,1,0,1
S5,alcohol_89,Batch6,0,0,0,1,0,1
S5,alcohol_90,Batch6,0,0,0,1,0,1
S5,alcohol_91,Batch6,0,0,0,1,0,1
S5,alcohol_92,Batch6,0,0,0,1,0,1
S5,alcohol_93,Batch6,0,0,0,1,0,1
S5,alcohol_94,Batch6,0,0,0,1,0,1
S5,alcohol_95,Batch6,0,0,0,1,0,1
S5,alcohol_96,Batch6,0,0,0,1,0,1
S5,acetone_1,Batch2,0,0,1,0,0,0
S5,acetone_o1,Batch1,1,0,0,0,0,0
S5,acetone_2,Batch2,0,0,1,0,0,0
S5,acetone_o2,Batch1,1,0,0,0,0,0
S5,acetone_3,Batch2,0,0,1,0,0,0
S5,acetone_o3,Batch1,1,0,0,0,0,0
S5,acetone_4,Batch2,0,0,1,0,0,0
S5,acetone_o4,Batch1,1,0,0,0,0,0
S5,acetone_5,Batch2,0,0,1,0,0,0
S5,acetone_o5,Batch1,1,0,0,0,0,0
S5,acetone_6,Batch2,0,0,0,0,1,0
S5,acetone_o6,Batch1,1,0,0,0,0,0
S5,acetone_7,Batch2,0,0,0,0,1,0
S5,acetone_o7,Batch1,1,0,0,0,0,0
S5,acetone_8,Batch2,0,0,0,0,1,0
S5,acetone_o8,Batch1,1,0,0,0,0,0
S5,acetone_9,Batch2,0,0,0,0,1,0
S5,acetone_o9,Batch1,1,0,0,0,0,0
S5,acetone_10,Batch2,0,0,0,0,1,0
S5,acetone_o10,Batch1,1,0,0,0,0,0
S5,acetone_11,Batch3,0,0,0,0,1,0
S5,acetone_o11,Batch1,1,0,0,0,0,0
S5,acetone_12,Batch3,0,0,0,0,1,0
S5,acetone_o12,Batch1,1,0,0,0,0,0
S5,acetone_13,Batch3,0,0,0,0,1,0
S5,acetone_14,Batch3,0,0,0,0,1,0
S5,acetone_15,Batch3,0,0,0,0,1,0
S5,acetone_16,Batch3,0,0,0,1,0,1
S5,acetone_17,Batch3,0,0,0,1,0,1
S5,acetone_18,Batch3,0,0,0,1,0,1
S5,acetone_19,Batch3,0,0,0,1,0,1
S5,acetone_20,Batch3,0,0,0,1,0,1
S5,acetone_21,Batch3,0,0,0,1,0,1
S5,acetone_22,Batch3,0,0,0,1,0,1
S5,acetone_23,Batch3,0,0,0,1,0,1
S5,acetone_24,Batch3,0,0,0,1,0,1
S5,acetone_25,Batch3,0,0,0,1,0,1
S5,acetone_26,Batch3,0,0,0,1,0,1
S5,acetone_27,Batch3,0,0,0,1,0,1
S5,acetone_28,Batch3,0,0,0,1,0,1
S5,acetone_29,Batch3,0,0,0,1,0,1
S5,acetone_30,Batch3,0,0,0,1,0,1
S5,acetone_31,Batch3,0,0,0,1,0,1
S5,acetone_32,Batch3,0,0,0,1,0,1
S5,acetone_33,Batch3,0,0,0,1,0,1
S5,acetone_34,Batch3,0,0,0,1,0,1
S5,acetone_35,Batch3,0,0,0,1,0,1
S5,acetone_36,Batch3,0,0,0,1,0,1
S5,acetone_37,Batch3,0,0,0,1,0,1
S5,acetone_38,Batch3,0,0,0,1,0,1
S5,acetone_39,Batch3,0,0,0,1,0,1
S5,acetone_40,Batch3,0,0,0,1,0,1
S5,acetone_41,Batch3,0,0,0,1,0,1
S5,acetone_42,Batch3,0,0,0,1,0,1
S5,acetone_43,Batch3,0,0,0,1,0,1
S5,acetone_44,Batch4,0,0,0,1,0,1
S5,acetone_45,Batch4,0,0,0,1,0,1
S5,acetone_46,Batch4,0,0,0,1,0,1
S5,acetone_47,Batch4,0,0,0,1,0,1
S5,acetone_48,Batch4,0,0,0,1,0,1
S5,acetone_49,Batch4,0,0,0,1,0,1
S5,acetone_50,Batch4,0,0,0,1,0,1
S5,acetone_51,Batch4,0,0,0,1,0,1
S5,acetone_52,Batch4,0,0,0,1,0,1
S5,acetone_53,Batch4,0,0,0,1,0,1
S5,acetone_54,Batch4,0,0,0,1,0,1
S5,acetone_55,Batch4,0,0,0,1,0,1
S5,acetone_56,Batch4,0,0,0,1,0,1
S5,acetone_57,Batch4,0,0,0,1,0,1
S5,acetone_58,Batch4,0,0,0,1,0,1
S5,acetone_59,Batch4,0,0,0,1,0,1
S5,acetone_60,Batch4,0,0,0,1,0,1
S5,acetone_61,Batch4,0,0,0,1,0,1
S5,acetone_62,Batch4,0,0,0,1,0,1
S5,acetone_63,Batch4,0,0,0,1,0,1
S5,acetone_64,Batch4,0,0,0,1,0,1
S5,acetone_65,Batch4,0,0,0,1,0,1
S5,acetone_66,Batch4,0,0,0,1,0,1
S5,acetone_67,Batch4,0,0,0,1,0,1
S5,acetone_68,Batch4,0,0,0,1,0,1
S5,acetone_69,Batch5,0,0,0,1,0,1
S5,acetone_70,Batch5,0,0,0,1,0,1
S5,acetone_71,Batch5,0,0,0,1,0,1
S5,acetone_72,Batch5,0,0,0,1,0,1
S5,acetone_73,Batch5,0,0,0,1,0,1
S5,acetone_74,Batch5,0,0,0,1,0,1
S5,acetone_75,Batch5,0,0,0,1,0,1
S5,acetone_76,Batch5,0,0,0,1,0,1
S5,acetone_77,Batch5,0,0,0,1,0,1
S5,acetone_78,Batch5,0,0,0,1,0,1
S5,acetone_79,Batch5,0,0,0,1,0,1
S5,acetone_80,Batch5,0,0,0,1,0,1
S5,acetone_81,Batch5,0,0,0,1,0,1
S5,acetone_82,Batch5,0,0,0,1,0,1
S5,acetone_83,Batch5,0,0,0,1,0,1
S5,acetone_84,Batch5,0,0,0,1,0,1
S5,acetone_85,Batch6,0,0,0,1,0,1
S5,acetone_86,Batch6,0,0,0,1,0,1
S5,acetone_87,Batch6,0,0,0,1,0,1
S5,acetone_88,Batch6,0,0,0,1,0,1
S5,acetone_89,Batch6,0,0,0,1,0,1
S5,acetone_90,Batch6,0,0,0,1,0,1
S5,acetone_91,Batch6,0,0,0,1,0,1
S5,acetone_92,Batch6,0,0,0,1,0,1
S5,acetone_93,Batch6,0,0,0,1,0,1
S5,acetone_94,Batch6,0,0,0,1,0,1
S5,acetone_95,Batch6,0,0,0,1,0,1
S5,acetone_96,Batch6,0,0,0,1,0,1
S6,air_1,Batch2,0,0,1,0,0,0
S6,baseline_1,Batch1,1,0,0,0,0,0
S6,reference_1,Batch2,0,0,1,0,0,0
S6,air_2,Batch2,0,0,1,0,0,0
S6,reference_2,Batch2,0,0,1,0,0,0
S6,air_3,Batch2,0,0,1,0,0,0
S6,baseline_3,Batch1,1,0,0,0,0,0
S6,reference_3,Batch2,0,0,1,0,0,0
S6,air_4,Batch2,0,0,1,0,0,0
S6,baseline_4,Batch1,1,0,0,0,0,0
S6,reference_4,Batch2,0,0,1,0,0,0
S6,air_5,Batch3,0,0,0,0,1,0
S6,baseline_5,Batch1,1,0,0,0,0,0
S6,reference_5,Batch3,0,0,0,0,1,0
S6,air_6,Batch3,0,0,0,0,1,0
S6,baseline_6,Batch1,1,0,0,0,0,0
S6,reference_6,Batch3,0,0,0,0,1,0
S6,air_7,Batch3,0,0,0,0,1,0
S6,baseline_7,Batch1,1,0,0,0,0,0
S6,reference_7,Batch3,0,0,0,0,1,0
S6,air_8,Batch3,0,0,0,0,1,0
S6,reference_8,Batch3,0,0,0,0,1,0
S6,air_9,Batch3,0,0,0,0,1,0
S6,reference_9,Batch3,0,0,0,1,0,1
S6,air_10,Batch3,0,0,0,0,1,0
S6,air_11,Batch3,0,0,0,1,0,1
S6,air_12,Batch3,0,0,0,1,0,1
S6,air_13,Batch3,0,0,0,1,0,1
S6,air_14,Batch3,0,0,0,1,0,1
S6,air_15,Batch3,0,0,0,1,0,1
S6,air_16,Batch3,0,0,0,1,0,1
S6,air_17,Batch3,0,0,0,1,0,1
S6,air_18,Batch4,0,0,0,1,0,1
S6,air_19,Batch4,0,0,0,1,0,1
S6,air_20,Batch4,0,0,0,1,0,1
S6,air_21,Batch4,0,0,0,1,0,1
S6,air_22,Batch4,0,0,0,1,0,1
S6,air_23,Batch4,0,0,0,1,0,1
S6,air_24,Batch4,0,0,0,1,0,1
S6,air_25,Batch4,0,0,0,1,0,1
S6,air_26,Batch4,0,0,0,1,0,1
S6,air_27,Batch4,0,0,0,1,0,1
S6,air_28,Batch4,0,0,0,1,0,1
S6,air_29,Batch4,0,0,0,1,0,1
S6,air_30,Batch4,0,0,0,1,0,1
S6,air_31,Batch4,0,0,0,1,0,1
S6,air_32,Batch4,0,0,0,1,0,1
S6,air_33,Batch4,0,0,0,1,0,1
S6,air_34,Batch4,0,0,0,1,0,1
S6,air_35,Batch4,0,0,0,1,0,1
S6,air_36,Batch4,0,0,0,1,0,1
S6,air_37,Batch4,0,0,0,1,0,1
S6,air_38,Batch4,0,0,0,1,0,1
S6,air_39,Batch4,0,0,0,1,0,1
S6,air_40,Batch4,0,0,0,1,0,1
S6,air_41,Batch4,0,0,0,1,0,1
S6,air_42,Batch4,0,0,0,1,0,1
S6,air_43,Batch4,0,0,0,1,0,1
S6,air_44,Batch4,0,0,0,1,0,1
S6,air_45,Batch4,0,0,0,1,0,1
S6,air_46,Batch4,0,0,0,1,0,1
S6,air_47,Batch4,0,0,0,1,0,1
S6,air_48,Batch4,0,0,0,1,0,1
S6,air_49,Batch5,0,0,0,1,0,1
S6,air_50,Batch5,0,0,0,1,0,1
S6,air_51,Batch5,0,0,0,1,0,1
S6,air_52,Batch5,0,0,0,1,0,1
S6,air_53,Batch5,0,0,0,1,0,1
S6,air_54,Batch5,0,0,0,1,0,1
S6,air_55,Batch5,0,0,0,1,0,1
S6,air_56,Batch5,0,0,0,1,0,1
S6,air_57,Batch5,0,0,0,1,0,1
S6,air_58,Batch5,0,0,0,1,0,1
S6,air_59,Batch5,0,0,0,1,0,1
S6,air_60,Batch5,0,0,0,1,0,1
S6,air_61,Batch5,0,0,0,1,0,1
S6,air_62,Batch5,0,0,0,1,0,1
S6,air_63,Batch6,0,0,0,1,0,1
S6,air_64,Batch6,0,0,0,1,0,1
S6,air_65,Batch6,0,0,0,1,0,1
S6,air_66,Batch6,0,0,0,1,0,1
S6,air_67,Batch6,0,0,0,1,0,1
S6,air_68,Batch6,0,0,0,1,0,1
S6,air_69,Batch6,0,0,0,1,0,1
S6,air_70,Batch6,0,0,0,1,0,1
S6,air_71,Batch6,0,0,0,1,0,1
S6,air_72,Batch6,0,0,0,1,0,1
S6,alcohol_1,Batch2,0,0,1,0,0,0
S6,alcohol_o1,Batch1,1,0,0,0,0,0
S6,alcohol_2,Batch2,0,0,1,0,0,0
S6,alcohol_o2,Batch1,1,0,0,0,0,0
S6,alcohol_3,Batch2,0,0,1,0,0,0
S6,alcohol_o3,Batch1,1,0,0,0,0,0
S6,alcohol_4,Batch2,0,0,1,0,0,0
S6,alcohol_o4,Batch1,1,0,0,0,0,0
S6,alcohol_5,Batch2,0,0,1,0,0,0
S6,alcohol_o5,Batch1,1,0,0,0,0,0
S6,alcohol_6,Batch2,0,0,1,0,0,0
S6,alcohol_o6,Batch1,1,0,0,0,0,0
S6,alcohol_7,Batch2,0,0,1,0,0,0
S6,alcohol_o7,Batch1,1,0,0,0,0,0
S6,alcohol_8,Batch2,0,0,1,0,0,0
S6,alcohol_o8,Batch1,1,0,0,0,0,0
S6,alcohol_9,Batch2,0,0,1,0,0,0
S6,alcohol_o9,Batch1,1,0,0,0,0,0
S6,alcohol_10,Batch2,0,0,1,0,0,0
S6,alcohol_o10,Batch1,1,0,0,0,0,0
S6,alcohol_11,Batch3,0,0,0,0,1,0
S6,alcohol_o11,Batch1,1,0,0,0,0,0
S6,alcohol_12,Batch3,0,0,0,0,1,0
S6,alcohol_o12,Batch1,1,0,0,0,0,0
S6,alcohol_13,Batch3,0,0,0,0,1,0
S6,alcohol_14,Batch3,0,0,0,0,1,0
S6,alcohol_15,Batch3,0,0,0,0,1,0
S6,alcohol_16,Batch3,0,0,0,0,1,0
S6,alcohol_17,Batch3,0,0,0,0,1,0
S6,alcohol_18,Batch3,0,0,0,0,1,0
S6,alcohol_19,Batch3,0,0,0,0,1,0
S6,alcohol_20,Batch3,0,0,0,0,1,0
S6,alcohol_21,Batch3,0,0,0,0,1,0
S6,alcohol_22,Batch3,0,0,0,0,1,0
S6,alcohol_23,Batch3,0,0,0,0,1,0
S6,alcohol_24,Batch3,0,0,0,0,1,0
S6,alcohol_25,Batch3,0,0,0,0,1,0
S6,alcohol_26,Batch3,0,0,0,1,0,1
S6,alcohol_27,Batch3,0,0,0,1,0,1
S6,alcohol_28,Batch3,0,0,0,1,0,1
S6,alcohol_29,Batch3,0,0,0,1,0,1
S6,alcohol_30,Batch3,0,0,0,1,0,1
S6,alcohol_31,Batch3,0,0,0,1,0,1
S6,alcohol_32,Batch3,0,0,0,1,0,1
S6,alcohol_33,Batch3,0,0,0,1,0,1
S6,alcohol_34,Batch3,0,0,0,1,0,1
S6,alcohol_35,Batch3,0,0,0,1,0,1
S6,alcohol_36,Batch3,0,0,0,1,0,1
S6,alcohol_37,Batch3,0,0,0,1,0,1
S6,alcohol_38,Batch3,0,0,0,1,0,1
S6,alcohol_39,Batch3,0,0,0,1,0,1
S6,alcohol_40,Batch3,0,0,0,1,0,1
S6,alcohol_41,Batch3,0,0,0,1,0,1
S6,alcohol_42,Batch3,0,0,0,1,0,1
S6,alcohol_43,Batch3,0,0,0,1,0,1
S6,alcohol_44,Batch4,0,0,0,1,0,1
S6,alcohol_45,Batch4,0,0,0,1,0,1
S6,alcohol_46,Batch4,0,0,0,1,0,1
S6,alcohol_47,Batch4,0,0,0,1,0,1
S6,alcohol_48,Batch4,0,0,0,1,0,1
S6,alcohol_49,Batch4,0,0,0,1,0,1
S6,alcohol_50,Batch4,0,0,0,1,0,1
S6,alcohol_51,Batch4,0,0,0,1,0,1
S6,alcohol_52,Batch4,0,0,0,1,0,1
S6,alcohol_53,Batch4,0,0,0,1,0,1
S6,alcohol_54,Batch4,0,0,0,1,0,1
S6,alcohol_55,Batch4,0,0,0,1,0,1
S6,alcohol_56,Batch4,0,0,0,1,0,1
S6,alcohol_57,Batch4,0,0,0,1,0,1
S6,alcohol_58,Batch4,0,0,0,1,0,1
S6,alcohol_59,Batch4,0,0,0,1,0,1
S6,alcohol_60,Batch4,0,0,0,1,0,1
S6,alcohol_61,Batch4,0,0,0,1,0,1
S6,alcohol_62,Batch4,0,0,0,1,0,1
S6,alcohol_63,Batch4,0,0,0,1,0,1
S6,alcohol_64,Batch4,0,0,0,1,0,1
S6,alcohol_65,Batch4,0,0,0,1,0,1
S6,alcohol_66,Batch4,0,0,0,1,0,1
S6,alcohol_67,Batch4,0,0,0,1,0,1
S6,alcohol_68,Batch4,0,0,0,1,0,1
S6,alcohol_69,Batch5,0,0,0,1,0,1
S6,alcohol_70,Batch5,0,0,0,1,0,1
S6,alcohol_71,Batch5,0,0,0,1,0,1
S6,alcohol_72,Batch5,0,0,0,1,0,1
S6,alcohol_73,Batch5,0,0,0,1,0,1
S6,alcohol_74,Batch5,0,0,0,1,0,1
S6,alcohol_75,Batch5,0,0,0,1,0,1
S6,alcohol_76,Batch5,0,0,0,1,0,1
S6,alcohol_77,Batch5,0,0,0,1,0,1
S6,alcohol_78,Batch5,0,0,0,1,0,1
S6,alcohol_79,Batch5,0,0,0,1,0,1
S6,alcohol_80,Batch5,0,0,0,1,0,1
S6,alcohol_81,Batch5,0,0,0,1,0,1
S6,alcohol_82,Batch5,0,0,0,1,0,1
S6,alcohol_83,Batch5,0,0,0,1,0,1
S6,alcohol_84,Batch5,0,0,0,1,0,1
S6,alcohol_85,Batch6,0,0,0,1,0,1
S6,alcohol_86,Batch6,0,0,0,1,0,1
S6,alcohol_87,Batch6,0,0,0,1,0,1
S6,alcohol_88,Batch6,0,0,0,1,0,1
S6,alcohol_89,Batch6,0,0,0,1,0,1
S6,alcohol_90,Batch6,0,0,0,1,0,1
S6,alcohol_91,Batch6,0,0,0,1,0,1
S6,alcohol_92,Batch6,0,0,0,1,0,1
S6,alcohol_93,Batch6,0,0,0,1,0,1
S6,alcohol_94,Batch6,0,0,0,1,0,1
S6,alcohol_95,Batch6,0,0,0,1,0,1
S6,alcohol_96,Batch6,0,0,0,1,0,1
S6,acetone_1,Batch2,0,0,1,0,0,0
S6,acetone_o1,Batch1,1,0,0,0,0,0
S6,acetone_2,Batch2,0,0,1,0,0,0
S6,acetone_o2,Batch1,1,0,0,0,0,0
S6,acetone_3,Batch2,0,0,1,0,0,0
S6,acetone_o3,Batch1,1,0,0,0,0,0
S6,acetone_4,Batch2,0,0,1,0,0,0
S6,acetone_o4,Batch1,1,0,0,0,0,0
S6,acetone_5,Batch2,0,0,1,0,0,0
S6,acetone_o5,Batch1,1,0,0,0,0,0
S6,acetone_6,Batch2,0,0,1,0,0,0
S6,acetone_o6,Batch1,1,0,0,0,0,0
S6,acetone_7,Batch2,0,0,1,0,0,0
S6,acetone_o7,Batch1,1,0,0,0,0,0
S6,acetone_8,Batch2,0,0,1,0,0,0
S6,acetone_o8,Batch1,1,0,0,0,0,0
S6,acetone_9,Batch2,0,0,1,0,0,0
S6,acetone_o9,Batch1,1,0,0,0,0,0
S6,acetone_10,Batch2,0,0,1,0,0,0
S6,acetone_o10,Batch1,1,0,0,0,0,0
S6,acetone_11,Batch3,0,0,0,0,1,0
S6,acetone_o11,Batch1,1,0,0,0,0,0
S6,acetone_12,Batch3,0,0,0,0,1,0
S6,acetone_o12,Batch1,1,0,0,0,0,0
S6,acetone_13,Batch3,0,0,0,0,1,0
S6,acetone_14,Batch3,0,0,0,0,1,0
S6,acetone_15,Batch3,0,0,0,0,1,0
S6,acetone_16,Batch3,0,0,0,0,1,0
S6,acetone_17,Batch3,0,0,0,0,1,0
S6,acetone_18,Batch3,0,0,0,0,1,0
S6,acetone_19,Batch3,0,0,0,0,1,0
S6,acetone_20,Batch3,0,0,0,0,1,0
S6,acetone_21,Batch3,0,0,0,0,1,0
S6,acetone_22,Batch3,0,0,0,0,1,0
S6,acetone_23,Batch3,0,0,0,0,1,0
S6,acetone_24,Batch3,0,0,0,0,1,0
S6,acetone_25,Batch3,0,0,0,0,1,0
S6,acetone_26,Batch3,0,0,0,1,0,1
S6,acetone_27,Batch3,0,0,0,1,0,1
S6,acetone_28,Batch3,0,0,0,1,0,1
S6,acetone_29,Batch3,0,0,0,1,0,1
S6,acetone_30,Batch3,0,0,0,1,0,1
S6,acetone_31,Batch3,0,0,0,1,0,1
S6,acetone_32,Batch3,0,0,0,1,0,1
S6,acetone_33,Batch3,0,0,0,1,0,1
S6,acetone_34,Batch3,0,0,0,1,0,1
S6,acetone_35,Batch3,0,0,0,1,0,1
S6,acetone_36,Batch3,0,0,0,1,0,1
S6,acetone_37,Batch3,0,0,0,1,0,1
S6,acetone_38,Batch3,0,0,0,1,0,1
S6,acetone_39,Batch3,0,0,0,1,0,1
S6,acetone_40,Batch3,0,0,0,1,0,1
S6,acetone_41,Batch3,0,0,0,1,0,1
S6,acetone_42,Batch3,0,0,0,1,0,1
S6,acetone_43,Batch3,0,0,0,1,0,1
S6,acetone_44,Batch4,0,0,0,1,0,1
S6,acetone_45,Batch4,0,0,0,1,0,1
S6,acetone_46,Batch4,0,0,0,1,0,1
S6,acetone_47,Batch4,0,0,0,1,0,1
S6,acetone_48,Batch4,0,0,0,1,0,1
S6,acetone_49,Batch4,0,0,0,1,0,1
S6,acetone_50,Batch4,0,0,0,1,0,1
S6,acetone_51,Batch4,0,0,0,1,0,1
S6,acetone_52,Batch4,0,0,0,1,0,1
S6,acetone_53,Batch4,0,0,0,1,0,1
S6,acetone_54,Batch4,0,0,0,1,0,1
S6,acetone_55,Batch4,0,0,0,1,0,1
S6,acetone_56,Batch4,0,0,0,1,0,1
S6,acetone_57,Batch4,0,0,0,1,0,1
S6,acetone_58,Batch4,0,0,0,1,0,1
S6,acetone_59,Batch4,0,0,0,1,0,1
S6,acetone_60,Batch4,0,0,0,1,0,1
S6,acetone_61,Batch4,0,0,0,1,0,1
S6,acetone_62,Batch4,0,0,0,1,0,1
S6,acetone_63,Batch4,0,0,0,1,0,1
S6,acetone_64,Batch4,0,0,0,1,0,1
S6,acetone_65,Batch4,0,0,0,1,0,1
S6,acetone_66,Batch4,0,0,0,1,0,1
S6,acetone_67,Batch4,0,0,0,1,0,1
S6,acetone_68,Batch4,0,0,0,1,0,1
S6,acetone_69,Batch5,0,0,0,1,0,1
S6,acetone_70,Batch5,0,0,0,1,0,1
S6,acetone_71,Batch5,0,0,0,1,0,1
S6,acetone_72,Batch5,0,0,0,1,0,1
S6,acetone_73,Batch5,0,0,0,1,0,1
S6,acetone_74,Batch5,0,0,0,1,0,1
S6,acetone_75,Batch5,0,0,0,1,0,1
S6,acetone_76,Batch5,0,0,0,1,0,1
S6,acetone_77,Batch5,0,0,0,1,0,1
S6,acetone_78,Batch5,0,0,0,1,0,1
S6,acetone_79,Batch5,0,0,0,1,0,1
S6,acetone_80,Batch5,0,0,0,1,0,1
S6,acetone_81,Batch5,0,0,0,1,0,1
S6,acetone_82,Batch5,0,0,0,1,0,1
S6,acetone_83,Batch5,0,0,0,1,0,1
S6,acetone_84,Batch5,0,0,0,1,0,1
S6,acetone_85,Batch6,0,0,0,1,0,1
S6,acetone_86,Batch6,0,0,0,1,0,1
S6,acetone_87,Batch6,0,0,0,1,0,1
S6,acetone_88,Batch6,0,0,0,1,0,1
S6,acetone_89,Batch6,0,0,0,1,0,1
S6,acetone_90,Batch6,0,0,0,1,0,1
S6,acetone_91,Batch6,0,0,0,1,0,1
S6,acetone_92,Batch6,0,0,0,1,0,1
S6,acetone_93,Batch6,0,0,0,1,0,1
S6,acetone_94,Batch6,0,0,0,1,0,1
S6,acetone_95,Batch6,0,0,0,1,0,1
S6,acetone_96,Batch6,0,0,0,1,0,1
S7,air_1,Batch2,0,0,1,0,0,0
S7,baseline_1,Batch1,1,0,0,0,0,0
S7,reference_1,Batch2,0,0,1,0,0,0
S7,air_2,Batch2,0,0,1,0,0,0
S7,reference_2,Batch2,0,0,1,0,0,0
S7,air_3,Batch2,0,0,1,0,0,0
S7,baseline_3,Batch1,1,0,0,0,0,0
S7,reference_3,Batch2,0,0,1,0,0,0
S7,air_4,Batch2,0,0,1,0,0,0
S7,baseline_4,Batch1,1,0,0,0,0,0
S7,reference_4,Batch2,0,0,1,0,0,0
S7,air_5,Batch3,0,0,1,0,0,0
S7,baseline_5,Batch1,1,0,0,0,0,0
S7,reference_5,Batch3,0,0,1,0,0,0
S7,air_6,Batch3,0,0,1,0,0,0
S7,baseline_6,Batch1,1,0,0,0,0,0
S7,reference_6,Batch3,0,0,1,0,0,0
S7,air_7,Batch3,0,0,0,0,1,0
S7,baseline_7,Batch1,1,0,0,0,0,0
S7,reference_7,Batch3,0,0,0,0,1,0
S7,air_8,Batch3,0,0,0,0,1,0
S7,reference_8,Batch3,0,0,0,0,1,0
S7,air_9,Batch3,0,0,0,0,1,0
S7,reference_9,Batch3,0,0,0,1,0,1
S7,air_10,Batch3,0,0,0,0,1,0
S7,air_11,Batch3,0,0,0,1,0,1
S7,air_12,Batch3,0,0,0,1,0,1
S7,air_13,Batch3,0,0,0,1,0,1
S7,air_14,Batch3,0,0,0,1,0,1
S7,air_15,Batch3,0,0,0,1,0,1
S7,air_16,Batch3,0,0,0,1,0,1
S7,air_17,Batch3,0,0,0,1,0,1
S7,air_18,Batch4,0,0,0,1,0,1
S7,air_19,Batch4,0,0,0,1,0,1
S7,air_20,Batch4,0,0,0,1,0,1
S7,air_21,Batch4,0,0,0,1,0,1
S7,air_22,Batch4,0,0,0,1,0,1
S7,air_23,Batch4,0,0,0,1,0,1
S7,air_24,Batch4,0,0,0,1,0,1
S7,air_25,Batch4,0,0,0,1,0,1
S7,air_26,Batch4,0,0,0,1,0,1
S7,air_27,Batch4,0,0,0,1,0,1
S7,air_28,Batch4,0,0,0,1,0,1
S7,air_29,Batch4,0,0,0,1,0,1
S7,air_30,Batch4,0,0,0,1,0,1
S7,air_31,Batch4,0,0,0,1,0,1
S7,air_32,Batch4,0,0,0,1,0,1
S7,air_33,Batch4,0,0,0,1,0,1
S7,air_34,Batch4,0,0,0,1,0,1
S7,air_35,Batch4,0,0,0,1,0,1
S7,air_36,Batch4,0,0,0,1,0,1
S7,air_37,Batch4,0,0,0,1,0,1
S7,air_38,Batch4,0,0,0,1,0,1
S7,air_39,Batch4,0,0,0,1,0,1
S7,air_40,Batch4,0,0,0,1,0,1
S7,air_41,Batch4,0,0,0,1,0,1
S7,air_42,Batch4,0,0,0,1,0,1
S7,air_43,Batch4,0,0,0,1,0,1
S7,air_44,Batch4,0,0,0,1,0,1
S7,air_45,Batch4,0,0,0,1,0,1
S7,air_46,Batch4,0,0,0,1,0,1
S7,air_47,Batch4,0,0,0,1,0,1
S7,air_48,Batch4,0,0,0,1,0,1
S7,air_49,Batch5,0,0,0,1,0,1
S7,air_50,Batch5,0,0,0,1,0,1
S7,air_51,Batch5,0,0,0,1,0,1
S7,air_52,Batch5,0,0,0,1,0,1
S7,air_53,Batch5,0,0,0,1,0,1
S7,air_54,Batch5,0,0,0,1,0,1
S7,air_55,Batch5,0,0,0,1,0,1
S7,air_56,Batch5,0,0,0,1,0,1
S7,air_57,Batch5,0,0,0,1,0,1
S7,air_58,Batch5,0,0,0,1,0,1
S7,air_59,Batch5,0,0,0,1,0,1
S7,air_60,Batch5,0,0,0,1,0,1
S7,air_61,Batch5,0,0,0,1,0,1
S7,air_62,Batch5,0,0,0,1,0,1
S7,air_63,Batch6,0,0,0,1,0,1
S7,air_64,Batch6,0,0,0,1,0,1
S7,air_65,Batch6,0,0,0,1,0,1
S7,air_66,Batch6,0,0,0,1,0,1
S7,air_67,Batch6,0,0,0,1,0,1
S7,air_68,Batch6,0,0,0,1,0,1
S7,air_69,Batch6,0,0,0,1,0,1
S7,air_70,Batch6,0,0,0,1,0,1
S7,air_71,Batch6,0,0,0,1,0,1
S7,air_72,Batch6,0,0,0,1,0,1
S7,alcohol_1,Batch2,0,0,1,0,0,0
S7,alcohol_o1,Batch1,1,0,0,0,0,0
S7,alcohol_2,Batch2,0,0,1,0,0,0
S7,alcohol_o2,Batch1,1,0,0,0,0,0
S7,alcohol_3,Batch2,0,0,1,0,0,0
S7,alcohol_o3,Batch1,1,0,0,0,0,0
S7,alcohol_4,Batch2,0,0,1,0,0,0
S7,alcohol_o4,Batch1,1,0,0,0,0,0
S7,alcohol_5,Batch2,0,0,1,0,0,0
S7,alcohol_o5,Batch1,1,0,0,0,0,0
S7,alcohol_6,Batch2,0,0,1,0,0,0
S7,alcohol_o6,Batch1,1,0,0,0,0,0
S7,alcohol_7,Batch2,0,0,1,0,0,0
S7,alcohol_o7,Batch1,1,0,0,0,0,0
S7,alcohol_8,Batch2,0,0,1,0,0,0
S7,alcohol_o8,Batch1,1,0,0,0,0,0
S7,alcohol_9,Batch2,0,0,1,0,0,0
S7,alcohol_o9,Batch1,1,0,0,0,0,0
S7,alcohol_10,Batch2,0,0,1,0,0,0
S7,alcohol_o10,Batch1,1,0,0,0,0,0
S7,alcohol_11,Batch3,0,0,1,0,0,0
S7,alcohol_o11,Batch1,1,0,0,0,0,0
S7,alcohol_12,Batch3,0,0,1,0,0,0
S7,alcohol_o12,Batch1,1,0,0,0,0,0
S7,alcohol_13,Batch3,0,0,1,0,0,0
S7,alcohol_14,Batch3,0,0,1,0,0,0
S7,alcohol_15,Batch3,0,0,1,0,0,0
S7,alcohol_16,Batch3,0,0,0,0,1,0
S7,alcohol_17,Batch3,0,0,0,0,1,0
S7,alcohol_18,Batch3,0,0,0,0,1,0
S7,alcohol_19,Batch3,0,0,0,0,1,0
S7,alcohol_20,Batch3,0,0,0,0,1,0
S7,alcohol_21,Batch3,0,0,0,0,1,0
S7,alcohol_22,Batch3,0,0,0,0,1,0
S7,alcohol_23,Batch3,0,0,0,0,1,0
S7,alcohol_24,Batch3,0,0,0,0,1,0
S7,alcohol_25,Batch3,0,0,0,0,1,0
S7,alcohol_26,Batch3,0,0,0,1,0,1
S7,alcohol_27,Batch3,0,0,0,1,0,1
S7,alcohol_28,Batch3,0,0,0,1,0,1
S7,alcohol_29,Batch3,0,0,0,1,0,1
S7,alcohol_30,Batch3,0,0,0,1,0,1
S7,alcohol_31,Batch3,0,0,0,1,0,1
S7,alcohol_32,Batch3,0,0,0,1,0,1
S7,alcohol_33,Batch3,0,0,0,1,0,1
S7,alcohol_34,Batch3,0,0,0,1,0,1
S7,alcohol_35,Batch3,0,0,0,1,0,1
S7,alcohol_36,Batch3,0,0,0,1,0,1
S7,alcohol_37,Batch3,0,0,0,1,0,1
S7,alcohol_38,Batch3,0,0,0,1,0,1
S7,alcohol_39,Batch3,0,0,0,1,0,1
S7,alcohol_40,Batch3,0,0,0,1,0,1
S7,alcohol_41,Batch3,0,0,0,1,0,1
S7,alcohol_42,Batch3,0,0,0,1,0,1
S7,alcohol_43,Batch3,0,0,0,1,0,1
S7,alcohol_44,Batch4,0,0,0,1,0,1
S7,alcohol_45,Batch4,0,0,0,1,0,1
S7,alcohol_46,Batch4,0,0,0,1,0,1
S7,alcohol_47,Batch4,0,0,0,1,0,1
S7,alcohol_48,Batch4,0,0,0,1,0,1
S7,alcohol_49,Batch4,0,0,0,1,0,1
S7,alcohol_50,Batch4,0,0,0,1,0,1
S7,alcohol_51,Batch4,0,0,0,1,0,1
S7,alcohol_52,Batch4,0,0,0,1,0,1
S7,alcohol_53,Batch4,0,0,0,1,0,1
S7,alcohol_54,Batch4,0,0,0,1,0,1
S7,alcohol_55,Batch4,0,0,0,1,0,1
S7,alcohol_56,Batch4,0,0,0,1,0,1
S7,alcohol_57,Batch4,0,0,0,1,0,1
S7,alcohol_58,Batch4,0,0,0,1,0,1
S7,alcohol_59,Batch4,0,0,0,1,0,1
S7,alcohol_60,Batch4,0,0,0,1,0,1
S7,alcohol_61,Batch4,0,0,0,1,0,1
S7,alcohol_62,Batch4,0,0,0,1,0,1
S7,alcohol_63,Batch4,0,0,0,1,0,1
S7,alcohol_64,Batch4,0,0,0,1,0,1
S7,alcohol_65,Batch4,0,0,0,1,0,1
S7,alcohol_66,Batch4,0,0,0,1,0,1
S7,alcohol_67,Batch4,0,0,0,1,0,1
S7,alcohol_68,Batch4,0,0,0,1,0,1
S7,alcohol_69,Batch5,0,0,0,1,0,1
S7,alcohol_70,Batch5,0,0,0,1,0,1
S7,alcohol_71,Batch5,0,0,0,1,0,1
S7,alcohol_72,Batch5,0,0,0,1,0,1
S7,alcohol_73,Batch5,0,0,0,1,0,1
S7,alcohol_74,Batch5,0,0,0,1,0,1
S7,alcohol_75,Batch5,0,0,0,1,0,1
S7,alcohol_76,Batch5,0,0,0,1,0,1
S7,alcohol_77,Batch5,0,0,0,1,0,1
S7,alcohol_78,Batch5,0,0,0,1,0,1
S7,alcohol_79,Batch5,0,0,0,1,0,1
S7,alcohol_80,Batch5,0,0,0,1,0,1
S7,alcohol_81,Batch5,0,0,0,1,0,1
S7,alcohol_82,Batch5,0,0,0,1,0,1
S7,alcohol_83,Batch5,0,0,0,1,0,1
S7,alcohol_84,Batch5,0,0,0,1,0,1
S7,alcohol_85,Batch6,0,0,0,1,0,1
S7,alcohol_86,Batch6,0,0,0,1,0,1
S7,alcohol_87,Batch6,0,0,0,1,0,1
S7,alcohol_88,Batch6,0,0,0,1,0,1
S7,alcohol_89,Batch6,0,0,0,1,0,1
S7,alcohol_90,Batch6,0,0,0,1,0,1
S7,alcohol_91,Batch6,0,0,0,1,0,1
S7,alcohol_92,Batch6,0,0,0,1,0,1
S7,alcohol_93,Batch6,0,0,0,1,0,1
S7,alcohol_94,Batch6,0,0,0,1,0,1
S7,alcohol_95,Batch6,0,0,0,1,0,1
S7,alcohol_96,Batch6,0,0,0,1,0,1
S7,acetone_1,Batch2,0,0,1,0,0,0
S7,acetone_o1,Batch1,1,0,0,0,0,0
S7,acetone_2,Batch2,0,0,1,0,0,0
S7,acetone_o2,Batch1,1,0,0,0,0,0
S7,acetone_3,Batch2,0,0,1,0,0,0
S7,acetone_o3,Batch1,1,0,0,0,0,0
S7,acetone_4,Batch2,0,0,1,0,0,0
S7,acetone_o4,Batch1,1,0,0,0,0,0
S7,acetone_5,Batch2,0,0,1,0,0,0
S7,acetone_o5,Batch1,1,0,0,0,0,0
S7,acetone_6,Batch2,0,0,1,0,0,0
S7,acetone_o6,Batch1,1,0,0,0,0,0
S7,acetone_7,Batch2,0,0,1,0,0,0
S7,acetone_o7,Batch1,1,0,0,0,0,0
S7,acetone_8,Batch2,0,0,1,0,0,0
S7,acetone_o8,Batch1,1,0,0,0,0,0
S7,acetone_9,Batch2,0,0,1,0,0,0
S7,acetone_o9,Batch1,1,0,0,0,0,0
S7,acetone_10,Batch2,0,0,1,0,0,0
S7,acetone_o10,Batch1,1,0,0,0,0,0
S7,acetone_11,Batch3,0,0,1,0,0,0
S7,acetone_o11,Batch1,1,0,0,0,0,0
S7,acetone_12,Batch3,0,0,1,0,0,0
S7,acetone_o12,Batch1,1,0,0,0,0,0
S7,acetone_13,Batch3,0,0,1,0,0,0
S7,acetone_14,Batch3,0,0,1,0,0,0
S7,acetone_15,Batch3,0,0,1,0,0,0
S7,acetone_16,Batch3,0,0,0,0,1,0
S7,acetone_17,Batch3,0,0,0,0,1,0
S7,acetone_18,Batch3,0,0,0,0,1,0
S7,acetone_19,Batch3,0,0,0,0,1,0
S7,acetone_20,Batch3,0,0,0,0,1,0
S7,acetone_21,Batch3,0,0,0,0,1,0
S7,acetone_22,Batch3,0,0,0,0,1,0
S7,acetone_23,Batch3,0,0,0,0,1,0
S7,acetone_24,Batch3,0,0,0,0,1,0
S7,acetone_25,Batch3,0,0,0,0,1,0
S7,acetone_26,Batch3,0,0,0,1,0,1
S7,acetone_27,Batch3,0,0,0,1,0,1
S7,acetone_28,Batch3,0,0,0,1,0,1
S7,acetone_29,Batch3,0,0,0,1,0,1
S7,acetone_30,Batch3,0,0,0,1,0,1
S7,acetone_31,Batch3,0,0,0,1,0,1
S7,acetone_32,Batch3,0,0,0,1,0,1
S7,acetone_33,Batch3,0,0,0,1,0,1
S7,acetone_34,Batch3,0,0,0,1,0,1
S7,acetone_35,Batch3,0,0,0,1,0,1
S7,acetone_36,Batch3,0,0,0,1,0,1
S7,acetone_37,Batch3,0,0,0,1,0,1
S7,acetone_38,Batch3,0,0,0,1,0,1
S7,acetone_39,Batch3,0,0,0,1,0,1
S7,acetone_40,Batch3,0,0,0,1,0,1
S7,acetone_41,Batch3,0,0,0,1,0,1
S7,acetone_42,Batch3,0,0,0,1,0,1
S7,acetone_43,Batch3,0,0,0,1,0,1
S7,acetone_44,Batch4,0,0,0,1,0,1
S7,acetone_45,Batch4,0,0,0,1,0,1
S7,acetone_46,Batch4,0,0,0,1,0,1
S7,acetone_47,Batch4,0,0,0,1,0,1
S7,acetone_48,Batch4,0,0,0,1,0,1
S7,acetone_49,Batch4,0,0,0,1,0,1
S7,acetone_50,Batch4,0,0,0,1,0,1
S7,acetone_51,Batch4,0,0,0,1,0,1
S7,acetone_52,Batch4,0,0,0,1,0,1
S7,acetone_53,Batch4,0,0,0,1,0,1
S7,acetone_54,Batch4,0,0,0,1,0,1
S7,acetone_55,Batch4,0,0,0,1,0,1
S7,acetone_56,Batch4,0,0,0,1,0,1
S7,acetone_57,Batch4,0,0,0,1,0,1
S7,acetone_58,Batch4,0,0,0,1,0,1
S7,acetone_59,Batch4,0,0,0,1,0,1
S7,acetone_60,Batch4,0,0,0,1,0,1
S7,acetone_61,Batch4,0,0,0,1,0,1
S7,acetone_62,Batch4,0,0,0,1,0,1
S7,acetone_63,Batch4,0,0,0,1,0,1
S7,acetone_64,Batch4,0,0,0,1,0,1
S7,acetone_65,Batch4,0,0,0,1,0,1
S7,acetone_66,Batch4,0,0,0,1,0,1
S7,acetone_67,Batch4,0,0,0,1,0,1
S7,acetone_68,Batch4,0,0,0,1,0,1
S7,acetone_69,Batch5,0,0,0,1,0,1
S7,acetone_70,Batch5,0,0,0,1,0,1
S7,acetone_71,Batch5,0,0,0,1,0,1
S7,acetone_72,Batch5,0,0,0,1,0,1
S7,acetone_73,Batch5,0,0,0,1,0,1
S7,acetone_74,Batch5,0,0,0,1,0,1
S7,acetone_75,Batch5,0,0,0,1,0,1
S7,acetone_76,Batch5,0,0,0,1,0,1
S7,acetone_77,Batch5,0,0,0,1,0,1
S7,acetone_78,Batch5,0,0,0,1,0,1
S7,acetone_79,Batch5,0,0,0,1,0,1
S7,acetone_80,Batch5,0,0,0,1,0,1
S7,acetone_81,Batch5,0,0,0,1,0,1
S7,acetone_82,Batch5,0,0,0,1,0,1
S7,acetone_83,Batch5,0,0,0,1,0,1
S7,acetone_84,Batch5,0,0,0,1,0,1
S7,acetone_85,Batch6,0,0,0,1,0,1
S7,acetone_86,Batch6,0,0,0,1,0,1
S7,acetone_87,Batch6,0,0,0,1,0,1
S7,acetone_88,Batch6,0,0,0,1,0,1
S7,acetone_89,Batch6,0,0,0,1,0,1
S7,acetone_90,Batch6,0,0,0,1,0,1
S7,acetone_91,Batch6,0,0,0,1,0,1
S7,acetone_92,Batch6,0,0,0,1,0,1
S7,acetone_93,Batch6,0,0,0,1,0,1
S7,acetone_94,Batch6,0,0,0,1,0,1
S7,acetone_95,Batch6,0,0,0,1,0,1
S7,acetone_96,Batch6,0,0,0,1,0,1
