feature_set,split,method,model,classifier_strategy,model_path,balanced_accuracy,balanced_accuracy_std,accuracy,macro_f1
54D,S1,logistic-regression,LR,raw LR,raw features -> sklearn Logistic Regression,0.820216049382716,,0.8205128205128205,0.8267239643133975
54D,S1,mlp,sklearn MLP,raw MLP,raw features -> sklearn MLP,0.761522633744856,0.0348187292433302,0.7575091575091576,0.7605783064535241
54D,S1,source-only,No-DA NN,MLP head,bottleneck16 -> neural MLP head,0.7265432098765432,0.0542331642566582,0.7208791208791208,0.7035998247682426
54D,S1,dann,DANN,MLP head,bottleneck16 -> neural MLP head,0.8424125514403291,0.0284884350180675,0.8454212454212454,0.8470574056487804
54D,S1,deep-coral,Deep CORAL,MLP head,bottleneck16 -> neural MLP head,0.8629886831275719,0.0388639049165917,0.8637362637362637,0.8664130074747021
54D,S1,mk-mmd,MK-MMD,MLP head,bottleneck16 -> neural MLP head,0.8678497942386831,0.040400987812067,0.8725274725274726,0.8722818354469665
54D,S1,cdan,CDAN,MLP head,bottleneck16 -> neural MLP head,0.8508230452674898,0.0423233495093467,0.8534798534798534,0.8555402966963728
54D,S2,logistic-regression,LR,raw LR,raw features -> sklearn Logistic Regression,0.8167438271604938,,0.8168498168498168,0.8231666880588714
54D,S2,mlp,sklearn MLP,raw MLP,raw features -> sklearn MLP,0.761522633744856,0.0348187292433302,0.7575091575091576,0.7605783064535241
54D,S2,source-only,No-DA NN,MLP head,bottleneck16 -> neural MLP head,0.7422582304526748,0.080818194516926,0.7377289377289377,0.7251843733654512
54D,S2,dann,DANN,MLP head,bottleneck16 -> neural MLP head,0.8593621399176955,0.041216172564799,0.8615384615384615,0.8639603764205
54D,S2,deep-coral,Deep CORAL,MLP head,bottleneck16 -> neural MLP head,0.7998713991769548,0.0579937955635116,0.7963369963369964,0.7933268944381416
54D,S2,mk-mmd,MK-MMD,MLP head,bottleneck16 -> neural MLP head,0.8345164609053498,0.0969250335075637,0.841025641025641,0.8280097605497312
54D,S2,cdan,CDAN,MLP head,bottleneck16 -> neural MLP head,0.8220679012345679,0.0306738709007327,0.8212454212454213,0.8232511942445647
54D,S3,logistic-regression,LR,raw LR,raw features -> sklearn Logistic Regression,0.8458076131687243,,0.8461538461538461,0.8494322444247425
54D,S3,mlp,sklearn MLP,raw MLP,raw features -> sklearn MLP,0.761522633744856,0.0348187292433302,0.7575091575091576,0.7605783064535241
54D,S3,source-only,No-DA NN,MLP head,bottleneck16 -> neural MLP head,0.7935956790123457,0.0184289960058362,0.7912087912087912,0.7897814083733703
54D,S3,dann,DANN,MLP head,bottleneck16 -> neural MLP head,0.8141203703703702,0.0481928560217219,0.8161172161172161,0.8180790580692445
54D,S3,deep-coral,Deep CORAL,MLP head,bottleneck16 -> neural MLP head,0.8580504115226338,0.0328488141109924,0.8593406593406593,0.8593144309723495
54D,S3,mk-mmd,MK-MMD,MLP head,bottleneck16 -> neural MLP head,0.889351851851852,0.0144476027881702,0.8893772893772894,0.8906097203108944
54D,S3,cdan,CDAN,MLP head,bottleneck16 -> neural MLP head,0.8703189300411521,0.0145195397984035,0.871062271062271,0.8739855481320706
54D,S4,logistic-regression,LR,raw LR,raw features -> sklearn Logistic Regression,0.9197196559413826,,0.9183673469387756,0.9217000722282412
54D,S4,mlp,sklearn MLP,raw MLP,raw features -> sklearn MLP,0.8277795476266328,0.0194837426700462,0.8228571428571427,0.8185067301041491
54D,S4,source-only,No-DA NN,MLP head,bottleneck16 -> neural MLP head,0.8817351598173515,0.008936347015044,0.8783673469387756,0.8813556499783427
54D,S4,dann,DANN,MLP head,bottleneck16 -> neural MLP head,0.8928958266964001,0.0455836771696768,0.8914285714285715,0.8931788361899367
54D,S4,deep-coral,Deep CORAL,MLP head,bottleneck16 -> neural MLP head,0.9165657852819368,0.0158135197910175,0.9159183673469388,0.9185426651874746
54D,S4,mk-mmd,MK-MMD,MLP head,bottleneck16 -> neural MLP head,0.9101199957523628,0.0196721530527732,0.9110204081632652,0.9131132579345718
54D,S4,cdan,CDAN,MLP head,bottleneck16 -> neural MLP head,0.9003716682595307,0.0234398170299413,0.899591836734694,0.902243496541728
54D,S5,logistic-regression,LR,raw LR,raw features -> sklearn Logistic Regression,0.9320093039899804,,0.9307359307359307,0.9332263814616756
54D,S5,mlp,sklearn MLP,raw MLP,raw features -> sklearn MLP,0.8821613884415817,0.0087942008224235,0.8796536796536797,0.8799244348938993
54D,S5,source-only,No-DA NN,MLP head,bottleneck16 -> neural MLP head,0.9125424941850064,0.0105126901559161,0.90995670995671,0.9126282141909404
54D,S5,dann,DANN,MLP head,bottleneck16 -> neural MLP head,0.9208445160135982,0.0261376266728144,0.9203463203463202,0.9229403706701536
54D,S5,deep-coral,Deep CORAL,MLP head,bottleneck16 -> neural MLP head,0.9345857935229916,0.0063518883911911,0.9341991341991344,0.9363975396704018
54D,S5,mk-mmd,MK-MMD,MLP head,bottleneck16 -> neural MLP head,0.9306852746466272,0.0129324242817275,0.9316017316017317,0.9328301932251352
54D,S5,cdan,CDAN,MLP head,bottleneck16 -> neural MLP head,0.9279656468062264,0.016680469130536,0.9281385281385284,0.9300533557031748
54D,S6,logistic-regression,LR,raw LR,raw features -> sklearn Logistic Regression,0.9712348163052388,,0.9707317073170731,0.971348528823216
54D,S6,mlp,sklearn MLP,raw MLP,raw features -> sklearn MLP,0.9436023548699606,0.0115354390590546,0.9453658536585364,0.9451734546275314
54D,S6,source-only,No-DA NN,MLP head,bottleneck16 -> neural MLP head,0.9605484760414338,0.0123866252603207,0.9600000000000002,0.9608288529886811
54D,S6,dann,DANN,MLP head,bottleneck16 -> neural MLP head,0.9572397347045234,0.010295448507353,0.9580487804878048,0.9581022855367752
54D,S6,deep-coral,Deep CORAL,MLP head,bottleneck16 -> neural MLP head,0.954899768984276,0.0086634542343072,0.955121951219512,0.9557901342000216
54D,S6,mk-mmd,MK-MMD,MLP head,bottleneck16 -> neural MLP head,0.9546613011401744,0.0040339999607623,0.9551219512195122,0.955630629002166
54D,S6,cdan,CDAN,MLP head,bottleneck16 -> neural MLP head,0.9530218347119755,0.0124817561969965,0.953170731707317,0.9536679207565522
54D,S7,logistic-regression,LR,raw LR,raw features -> sklearn Logistic Regression,0.9712348163052388,,0.9707317073170731,0.971348528823216
54D,S7,mlp,sklearn MLP,raw MLP,raw features -> sklearn MLP,0.9436023548699606,0.0115354390590546,0.9453658536585364,0.9451734546275314
54D,S7,source-only,No-DA NN,MLP head,bottleneck16 -> neural MLP head,0.9563156718086298,0.0073126527460453,0.9560975609756096,0.956937717240973
54D,S7,dann,DANN,MLP head,bottleneck16 -> neural MLP head,0.9532453983158208,0.0114405942337241,0.9541463414634148,0.954495676189091
54D,S7,deep-coral,Deep CORAL,MLP head,bottleneck16 -> neural MLP head,0.9667635442283328,0.0117057603142357,0.9668292682926828,0.967113091321292
54D,S7,mk-mmd,MK-MMD,MLP head,bottleneck16 -> neural MLP head,0.9567777032565764,0.0153518196491391,0.9570731707317072,0.9573581401123044
54D,S7,cdan,CDAN,MLP head,bottleneck16 -> neural MLP head,0.9478500633430212,0.0238734573983038,0.9482926829268292,0.9487844505902118
48D,S1,logistic-regression,LR,raw LR,raw features -> sklearn Logistic Regression,0.7067901234567903,,0.706959706959707,0.7149530651174386
48D,S1,mlp,sklearn MLP,raw MLP,raw features -> sklearn MLP,0.6957561728395061,0.0197045670937384,0.6981684981684981,0.7003642180023112
48D,S1,source-only,No-DA NN,MLP head,bottleneck16 -> neural MLP head,0.6556841563786009,0.0692569222647378,0.6586080586080587,0.6564080166348315
48D,S1,dann,DANN,MLP head,bottleneck16 -> neural MLP head,0.7627829218106996,0.01653348517994,0.7699633699633699,0.7642233655422022
48D,S1,deep-coral,Deep CORAL,MLP head,bottleneck16 -> neural MLP head,0.6966049382716049,0.0531373091998342,0.701098901098901,0.7008760151310434
48D,S1,mk-mmd,MK-MMD,MLP head,bottleneck16 -> neural MLP head,0.7193672839506172,0.0541307430049681,0.7304029304029304,0.7196751331985738
48D,S1,cdan,CDAN,MLP head,bottleneck16 -> neural MLP head,0.7006172839506174,0.0978612550093789,0.7106227106227105,0.7043098496078157
48D,S2,logistic-regression,LR,raw LR,raw features -> sklearn Logistic Regression,0.6078960905349794,,0.608058608058608,0.6105555010839843
48D,S2,mlp,sklearn MLP,raw MLP,raw features -> sklearn MLP,0.6957561728395061,0.0197045670937384,0.6981684981684981,0.7003642180023112
48D,S2,source-only,No-DA NN,MLP head,bottleneck16 -> neural MLP head,0.6426440329218107,0.0620078310574135,0.6432234432234432,0.6324594535520214
48D,S2,dann,DANN,MLP head,bottleneck16 -> neural MLP head,0.6898919753086419,0.057276155971718,0.6989010989010989,0.6900768127607703
48D,S2,deep-coral,Deep CORAL,MLP head,bottleneck16 -> neural MLP head,0.6822530864197531,0.0393682807498129,0.6871794871794872,0.681674360914519
48D,S2,mk-mmd,MK-MMD,MLP head,bottleneck16 -> neural MLP head,0.68369341563786,0.0559353415477102,0.6857142857142857,0.678493616020999
48D,S2,cdan,CDAN,MLP head,bottleneck16 -> neural MLP head,0.7032664609053498,0.1124645115714258,0.7098901098901098,0.7064233510890683
48D,S3,logistic-regression,LR,raw LR,raw features -> sklearn Logistic Regression,0.6078960905349794,,0.608058608058608,0.6105555010839843
48D,S3,mlp,sklearn MLP,raw MLP,raw features -> sklearn MLP,0.6957561728395061,0.0197045670937384,0.6981684981684981,0.7003642180023112
48D,S3,source-only,No-DA NN,MLP head,bottleneck16 -> neural MLP head,0.6057098765432098,0.10277221490144,0.608058608058608,0.6070537312898495
48D,S3,dann,DANN,MLP head,bottleneck16 -> neural MLP head,0.6626286008230452,0.0581651585341771,0.6695970695970697,0.6564546586539282
48D,S3,deep-coral,Deep CORAL,MLP head,bottleneck16 -> neural MLP head,0.7155092592592591,0.0511745965552068,0.723076923076923,0.7155327847664942
48D,S3,mk-mmd,MK-MMD,MLP head,bottleneck16 -> neural MLP head,0.7044495884773662,0.0929729876222992,0.712087912087912,0.7011535414485193
48D,S3,cdan,CDAN,MLP head,bottleneck16 -> neural MLP head,0.7025205761316873,0.0781540964716859,0.7047619047619047,0.7076109064034826
48D,S4,logistic-regression,LR,raw LR,raw features -> sklearn Logistic Regression,0.8775087607518318,,0.8775510204081632,0.8820899597297114
48D,S4,mlp,sklearn MLP,raw MLP,raw features -> sklearn MLP,0.8327492832112137,0.0196207323093619,0.8334693877551022,0.8368390650712214
48D,S4,source-only,No-DA NN,MLP head,bottleneck16 -> neural MLP head,0.7888605713072103,0.0675808985769399,0.7844897959183674,0.7752515979885318
48D,S4,dann,DANN,MLP head,bottleneck16 -> neural MLP head,0.8563661463311032,0.0336764954735739,0.8587755102040816,0.8585080901710495
48D,S4,deep-coral,Deep CORAL,MLP head,bottleneck16 -> neural MLP head,0.8874800892003822,0.0196791021439888,0.889795918367347,0.8903211670807558
48D,S4,mk-mmd,MK-MMD,MLP head,bottleneck16 -> neural MLP head,0.8872889455240521,0.0429016192249893,0.8906122448979593,0.889871925454908
48D,S4,cdan,CDAN,MLP head,bottleneck16 -> neural MLP head,0.8673250504406924,0.0309065189226338,0.8685714285714287,0.8699446799518175
48D,S5,logistic-regression,LR,raw LR,raw features -> sklearn Logistic Regression,0.9525854356772232,,0.9523809523809524,0.9540819702669412
48D,S5,mlp,sklearn MLP,raw MLP,raw features -> sklearn MLP,0.8721417069243156,0.0221985549188898,0.8727272727272727,0.8752107849745606
48D,S5,source-only,No-DA NN,MLP head,bottleneck16 -> neural MLP head,0.8654142064770083,0.0386652311437756,0.8623376623376624,0.8632791218048486
48D,S5,dann,DANN,MLP head,bottleneck16 -> neural MLP head,0.8819824655573447,0.0329146627323071,0.8805194805194805,0.8820255100215277
48D,S5,deep-coral,Deep CORAL,MLP head,bottleneck16 -> neural MLP head,0.9237072821613884,0.0129596254795304,0.9238095238095236,0.9247351973639923
48D,S5,mk-mmd,MK-MMD,MLP head,bottleneck16 -> neural MLP head,0.8947933440687063,0.0315820431650477,0.8961038961038963,0.8979416152835593
48D,S5,cdan,CDAN,MLP head,bottleneck16 -> neural MLP head,0.9109679728037215,0.0225622395525372,0.90995670995671,0.9117366866556578
48D,S6,logistic-regression,LR,raw LR,raw features -> sklearn Logistic Regression,0.9618451449437364,,0.9609756097560976,0.96176508883444
48D,S6,mlp,sklearn MLP,raw MLP,raw features -> sklearn MLP,0.9356136820925556,0.0095945865773398,0.9375609756097564,0.93789665981486
48D,S6,source-only,No-DA NN,MLP head,bottleneck16 -> neural MLP head,0.9107534093449589,0.0291420109928573,0.9102439024390244,0.911570969273526
48D,S6,dann,DANN,MLP head,bottleneck16 -> neural MLP head,0.9395185930397196,0.0128406538895261,0.9395121951219512,0.9405027279621476
48D,S6,deep-coral,Deep CORAL,MLP head,bottleneck16 -> neural MLP head,0.9213950368879946,0.0590521017740779,0.9239024390243904,0.9239435639353568
48D,S6,mk-mmd,MK-MMD,MLP head,bottleneck16 -> neural MLP head,0.930099113197705,0.0392484851231951,0.9317073170731708,0.9319906548595056
48D,S6,cdan,CDAN,MLP head,bottleneck16 -> neural MLP head,0.9151799687010956,0.0319850256790964,0.9170731707317072,0.9175143093004582
48D,S7,logistic-regression,LR,raw LR,raw features -> sklearn Logistic Regression,0.9812206572769954,,0.9804878048780488,0.9812057441598836
48D,S7,mlp,sklearn MLP,raw MLP,raw features -> sklearn MLP,0.9356136820925556,0.0095945865773398,0.9375609756097564,0.93789665981486
48D,S7,source-only,No-DA NN,MLP head,bottleneck16 -> neural MLP head,0.9176689768239064,0.0142592185557751,0.918048780487805,0.9189905226324638
48D,S7,dann,DANN,MLP head,bottleneck16 -> neural MLP head,0.959713838587078,0.0195353317368226,0.96,0.9602903835267548
48D,S7,deep-coral,Deep CORAL,MLP head,bottleneck16 -> neural MLP head,0.9541992696922276,0.0181760402790977,0.9541463414634146,0.9548342701875808
48D,S7,mk-mmd,MK-MMD,MLP head,bottleneck16 -> neural MLP head,0.939399359117669,0.0143668874868854,0.9395121951219512,0.94000172625805
48D,S7,cdan,CDAN,MLP head,bottleneck16 -> neural MLP head,0.942782621655861,0.0269462625406591,0.944390243902439,0.9445125965009314
54D,S1,c-dann,C-DANN,MLP head,bottleneck16 -> neural MLP head,0.8408179012345679,0.0221308154636527,0.8410256410256409,0.8447211305294455
54D,S1,cdan+c-dann,CDAN+C-DANN,MLP head,bottleneck16 -> neural MLP head,0.8309670781893004,0.0671067510443531,0.8307692307692308,0.8302135184126916
54D,S1,mk-mmd+cdan,MK-MMD+CDAN,MLP head,bottleneck16 -> neural MLP head,0.8825360082304525,0.0203925792518812,0.8857142857142858,0.8871306809353634
54D,S2,c-dann,C-DANN,MLP head,bottleneck16 -> neural MLP head,0.8851594650205762,0.0305564323667687,0.8864468864468865,0.887307229507875
54D,S2,cdan+c-dann,CDAN+C-DANN,MLP head,bottleneck16 -> neural MLP head,0.886522633744856,0.0281304710300968,0.8893772893772892,0.8888857663204076
54D,S2,mk-mmd+cdan,MK-MMD+CDAN,MLP head,bottleneck16 -> neural MLP head,0.884619341563786,0.0424541878433849,0.887912087912088,0.8880303732731176
54D,S3,c-dann,C-DANN,MLP head,bottleneck16 -> neural MLP head,0.8660751028806585,0.0368360665076852,0.8673992673992675,0.8680397823970096
54D,S3,cdan+c-dann,CDAN+C-DANN,MLP head,bottleneck16 -> neural MLP head,0.85815329218107,0.0111118850705905,0.8608058608058607,0.8630792525379747
54D,S3,mk-mmd+cdan,MK-MMD+CDAN,MLP head,bottleneck16 -> neural MLP head,0.877829218106996,0.0338220164609053,0.8791208791208792,0.8799702694345344
54D,S4,c-dann,C-DANN,MLP head,bottleneck16 -> neural MLP head,0.9096208983752788,0.0358073592260957,0.9102040816326532,0.9124134464183
54D,S4,cdan+c-dann,CDAN+C-DANN,MLP head,bottleneck16 -> neural MLP head,0.9205267070192203,0.0209456194690305,0.9208163265306124,0.9227623981420064
54D,S4,mk-mmd+cdan,MK-MMD+CDAN,MLP head,bottleneck16 -> neural MLP head,0.917925029202506,0.0122790310018868,0.9183673469387756,0.9206434606082428
54D,S5,c-dann,C-DANN,MLP head,bottleneck16 -> neural MLP head,0.9295043836106638,0.0253594391862389,0.9290043290043288,0.9308096762046296
54D,S5,cdan+c-dann,CDAN+C-DANN,MLP head,bottleneck16 -> neural MLP head,0.9102880658436212,0.0225831585231545,0.909090909090909,0.9112361540867508
54D,S5,mk-mmd+cdan,MK-MMD+CDAN,MLP head,bottleneck16 -> neural MLP head,0.9213812846663088,0.0238674677541099,0.9212121212121211,0.9230523051319725
54D,S6,c-dann,C-DANN,MLP head,bottleneck16 -> neural MLP head,0.9595946046650272,0.0184749014884459,0.96,0.9605609401974282
54D,S6,cdan+c-dann,CDAN+C-DANN,MLP head,bottleneck16 -> neural MLP head,0.9517400700499292,0.0106588244966974,0.951219512195122,0.9515000635670984
54D,S6,mk-mmd+cdan,MK-MMD+CDAN,MLP head,bottleneck16 -> neural MLP head,0.945733661226619,0.0172608219315898,0.946341463414634,0.9464800208938652
54D,S7,c-dann,C-DANN,MLP head,bottleneck16 -> neural MLP head,0.9463149265966166,0.0123748507604735,0.9473170731707315,0.9479640860143274
54D,S7,cdan+c-dann,CDAN+C-DANN,MLP head,bottleneck16 -> neural MLP head,0.9412772933899692,0.0167253203358177,0.9414634146341464,0.942193646111592
54D,S7,mk-mmd+cdan,MK-MMD+CDAN,MLP head,bottleneck16 -> neural MLP head,0.9466726283627692,0.0160314659815838,0.9473170731707315,0.947536377336998
48D,S1,c-dann,C-DANN,MLP head,bottleneck16 -> neural MLP head,0.7294495884773663,0.071605799762597,0.7384615384615385,0.7320011733035894
48D,S1,cdan+c-dann,CDAN+C-DANN,MLP head,bottleneck16 -> neural MLP head,0.6852880658436213,0.1009290933761071,0.6974358974358974,0.6892773439457947
48D,S1,mk-mmd+cdan,MK-MMD+CDAN,MLP head,bottleneck16 -> neural MLP head,0.6984825102880658,0.0665648469068749,0.7113553113553113,0.6985418485478607
48D,S2,c-dann,C-DANN,MLP head,bottleneck16 -> neural MLP head,0.7040637860082304,0.0593941895343333,0.7084249084249084,0.706018562756436
48D,S2,cdan+c-dann,CDAN+C-DANN,MLP head,bottleneck16 -> neural MLP head,0.7609567901234567,0.0706705928893057,0.7677655677655677,0.7659027781182325
48D,S2,mk-mmd+cdan,MK-MMD+CDAN,MLP head,bottleneck16 -> neural MLP head,0.6994598765432098,0.0780361725964103,0.7069597069597069,0.7021433870397489
48D,S3,c-dann,C-DANN,MLP head,bottleneck16 -> neural MLP head,0.7362911522633745,0.0618141096209319,0.7443223443223442,0.738640950186355
48D,S3,cdan+c-dann,CDAN+C-DANN,MLP head,bottleneck16 -> neural MLP head,0.7666152263374486,0.0600391229539273,0.7714285714285714,0.7682207035271796
48D,S3,mk-mmd+cdan,MK-MMD+CDAN,MLP head,bottleneck16 -> neural MLP head,0.7408179012345679,0.0665363309277971,0.7501831501831501,0.7438805592423332
48D,S4,c-dann,C-DANN,MLP head,bottleneck16 -> neural MLP head,0.880365296803653,0.0175066306207509,0.8824489795918368,0.8823890556675831
48D,S4,cdan+c-dann,CDAN+C-DANN,MLP head,bottleneck16 -> neural MLP head,0.8764574705320166,0.03953558038777,0.8767346938775511,0.8774398898316831
48D,S4,mk-mmd+cdan,MK-MMD+CDAN,MLP head,bottleneck16 -> neural MLP head,0.88944462142933,0.0240618375441781,0.8914285714285715,0.8913192194433608
48D,S5,c-dann,C-DANN,MLP head,bottleneck16 -> neural MLP head,0.8913938092682054,0.0270043182568014,0.8917748917748917,0.8932689552440388
48D,S5,cdan+c-dann,CDAN+C-DANN,MLP head,bottleneck16 -> neural MLP head,0.8795491143317229,0.0350979482363407,0.8805194805194805,0.882584005887401
48D,S5,mk-mmd+cdan,MK-MMD+CDAN,MLP head,bottleneck16 -> neural MLP head,0.9075326534263732,0.017319236125177,0.9064935064935064,0.907299478180914
48D,S6,c-dann,C-DANN,MLP head,bottleneck16 -> neural MLP head,0.937163723079216,0.0365517338446896,0.937560975609756,0.9383431706598688
48D,S6,cdan+c-dann,CDAN+C-DANN,MLP head,bottleneck16 -> neural MLP head,0.9264773828154108,0.0178996450684646,0.9268292682926828,0.9273901078850784
48D,S6,mk-mmd+cdan,MK-MMD+CDAN,MLP head,bottleneck16 -> neural MLP head,0.9308145167300096,0.0339196982162582,0.9317073170731708,0.9319000975655156
48D,S7,c-dann,C-DANN,MLP head,bottleneck16 -> neural MLP head,0.9639466428198824,0.0138405352469371,0.9639024390243902,0.9644393851318392
48D,S7,cdan+c-dann,CDAN+C-DANN,MLP head,bottleneck16 -> neural MLP head,0.939861390565616,0.0217273076933597,0.9404878048780488,0.9408698058540848
48D,S7,mk-mmd+cdan,MK-MMD+CDAN,MLP head,bottleneck16 -> neural MLP head,0.941977792682018,0.0214626622834059,0.942439024390244,0.94297891064726
48D,S1,mk-mmd+c-dann,MK-MMD+C-DANN,MLP head,bottleneck16 -> neural MLP head,0.7305812757201646,0.048038217334177,0.7435897435897436,0.7325806962352532
48D,S1,mk-mmd+cdan+c-dann,MK-MMD+CDAN+C-DANN,MLP head,bottleneck16 -> neural MLP head,0.757664609053498,0.0554372925585089,0.7684981684981684,0.7599811491620646
48D,S2,mk-mmd+c-dann,MK-MMD+C-DANN,MLP head,bottleneck16 -> neural MLP head,0.7094650205761316,0.0684078053315303,0.7157509157509158,0.71046373535624
48D,S2,mk-mmd+cdan+c-dann,MK-MMD+CDAN+C-DANN,MLP head,bottleneck16 -> neural MLP head,0.7337705761316873,0.0995889207591182,0.7413919413919414,0.7356572029946535
48D,S3,mk-mmd+c-dann,MK-MMD+C-DANN,MLP head,bottleneck16 -> neural MLP head,0.7977880658436214,0.0604758684955476,0.8051282051282052,0.8005612464850141
48D,S3,mk-mmd+cdan+c-dann,MK-MMD+CDAN+C-DANN,MLP head,bottleneck16 -> neural MLP head,0.708667695473251,0.1238323294744406,0.7172161172161172,0.7104146351911569
48D,S4,mk-mmd+c-dann,MK-MMD+C-DANN,MLP head,bottleneck16 -> neural MLP head,0.8673569077200808,0.0376117837790937,0.8702040816326531,0.8707814803050905
48D,S4,mk-mmd+cdan+c-dann,MK-MMD+CDAN+C-DANN,MLP head,bottleneck16 -> neural MLP head,0.8896357651056599,0.0179494716811031,0.8906122448979591,0.8926232219925515
48D,S5,mk-mmd+c-dann,MK-MMD+C-DANN,MLP head,bottleneck16 -> neural MLP head,0.9197351941313292,0.031998345712892,0.9194805194805196,0.9200318616826296
48D,S5,mk-mmd+cdan+c-dann,MK-MMD+CDAN+C-DANN,MLP head,bottleneck16 -> neural MLP head,0.8858114152800143,0.0226824542329934,0.884848484848485,0.8858072434125871
48D,S6,mk-mmd+c-dann,MK-MMD+C-DANN,MLP head,bottleneck16 -> neural MLP head,0.9417393248379164,0.0336603860383636,0.942439024390244,0.94254885135246
48D,S6,mk-mmd+cdan+c-dann,MK-MMD+CDAN+C-DANN,MLP head,bottleneck16 -> neural MLP head,0.928921678217453,0.0306955623290362,0.9307317073170732,0.9310668304502924
48D,S7,mk-mmd+c-dann,MK-MMD+C-DANN,MLP head,bottleneck16 -> neural MLP head,0.9204709739921008,0.0411265354381957,0.921951219512195,0.921189097713911
48D,S7,mk-mmd+cdan+c-dann,MK-MMD+CDAN+C-DANN,MLP head,bottleneck16 -> neural MLP head,0.9381175944556226,0.0307984323527901,0.937560975609756,0.9382127380610916
54D,S1,mk-mmd+c-dann,MK-MMD+C-DANN,MLP head,bottleneck16 -> neural MLP head,0.8584876543209876,0.0267828928825381,0.86007326007326,0.8612151332567388
54D,S1,mk-mmd+cdan+c-dann,MK-MMD+CDAN+C-DANN,MLP head,bottleneck16 -> neural MLP head,0.8652263374485596,0.0265916215709866,0.868131868131868,0.8690986531076177
54D,S2,mk-mmd+c-dann,MK-MMD+C-DANN,MLP head,bottleneck16 -> neural MLP head,0.8698816872427985,0.0363973727546048,0.8739926739926739,0.8740685965204135
54D,S2,mk-mmd+cdan+c-dann,MK-MMD+CDAN+C-DANN,MLP head,bottleneck16 -> neural MLP head,0.8920524691358024,0.0248078954244054,0.8967032967032967,0.8960938027200541
54D,S3,mk-mmd+c-dann,MK-MMD+C-DANN,MLP head,bottleneck16 -> neural MLP head,0.8800154320987655,0.0242025928985809,0.8827838827838829,0.8841728936853548
54D,S3,mk-mmd+cdan+c-dann,MK-MMD+CDAN+C-DANN,MLP head,bottleneck16 -> neural MLP head,0.865380658436214,0.0214475176876521,0.8666666666666668,0.8699613256497642
54D,S4,mk-mmd+c-dann,MK-MMD+C-DANN,MLP head,bottleneck16 -> neural MLP head,0.922491239248168,0.0265714134587996,0.9224489795918368,0.9234353594202072
54D,S4,mk-mmd+cdan+c-dann,MK-MMD+CDAN+C-DANN,MLP head,bottleneck16 -> neural MLP head,0.9047467346288628,0.0308550903396082,0.9044897959183672,0.9065260950525292
54D,S5,mk-mmd+c-dann,MK-MMD+C-DANN,MLP head,bottleneck16 -> neural MLP head,0.9173734120594024,0.01496302459782,0.917748917748918,0.919959924311109
54D,S5,mk-mmd+cdan+c-dann,MK-MMD+CDAN+C-DANN,MLP head,bottleneck16 -> neural MLP head,0.9233136518160674,0.0140796508321103,0.922943722943723,0.924606676816402
54D,S6,mk-mmd+c-dann,MK-MMD+C-DANN,MLP head,bottleneck16 -> neural MLP head,0.9433638870258588,0.0190177317239791,0.9453658536585364,0.94527052531159
54D,S6,mk-mmd+cdan+c-dann,MK-MMD+CDAN+C-DANN,MLP head,bottleneck16 -> neural MLP head,0.941143155227662,0.0150827119012755,0.942439024390244,0.9425913357673704
54D,S7,mk-mmd+c-dann,MK-MMD+C-DANN,MLP head,bottleneck16 -> neural MLP head,0.9452567255384156,0.0171556319073302,0.946341463414634,0.9461819342077612
54D,S7,mk-mmd+cdan+c-dann,MK-MMD+CDAN+C-DANN,MLP head,bottleneck16 -> neural MLP head,0.939145987033311,0.0108366997767384,0.9404878048780488,0.9412671138372448
48D,S1,c-dann,C-DANN + MLPLR,MLPLR,frozen bottleneck16 -> sklearn LR,0.7154063786008231,0.0656556637417561,0.7216117216117216,0.7197843050779158
48D,S1,cdan,CDAN + MLPLR,MLPLR,frozen bottleneck16 -> sklearn LR,0.7068672839506174,0.0936007995810563,0.7135531135531135,0.7139194509111388
48D,S1,cdan+c-dann,CDAN+C-DANN + MLPLR,MLPLR,frozen bottleneck16 -> sklearn LR,0.6815329218106996,0.1009276677900345,0.6879120879120879,0.6901945331639425
48D,S1,dann,DANN + MLPLR,MLPLR,frozen bottleneck16 -> sklearn LR,0.7548868312757203,0.0256585230993244,0.7619047619047619,0.7591867290398608
48D,S1,deep-coral,Deep CORAL + MLPLR,MLPLR,frozen bottleneck16 -> sklearn LR,0.6877057613168724,0.0555110037030263,0.6915750915750916,0.6931369962005881
48D,S1,mk-mmd,MK-MMD + MLPLR,MLPLR,frozen bottleneck16 -> sklearn LR,0.736548353909465,0.049960269449342,0.7443223443223442,0.7405725468852047
48D,S1,source-only,No-DA NN + MLPLR,MLPLR,frozen bottleneck16 -> sklearn LR,0.6729938271604938,0.0661031623379118,0.6761904761904762,0.6763145219519726
48D,S2,c-dann,C-DANN + MLPLR,MLPLR,frozen bottleneck16 -> sklearn LR,0.7062242798353909,0.0440608077911618,0.7135531135531136,0.7105176392853191
48D,S2,cdan,CDAN + MLPLR,MLPLR,frozen bottleneck16 -> sklearn LR,0.7029320987654322,0.1069487697117413,0.706959706959707,0.7107641543710277
48D,S2,cdan+c-dann,CDAN+C-DANN + MLPLR,MLPLR,frozen bottleneck16 -> sklearn LR,0.7564814814814815,0.0797936033865636,0.7626373626373626,0.7625284617007152
48D,S2,dann,DANN + MLPLR,MLPLR,frozen bottleneck16 -> sklearn LR,0.6898405349794239,0.054858871252646,0.6945054945054945,0.696128819474469
48D,S2,deep-coral,Deep CORAL + MLPLR,MLPLR,frozen bottleneck16 -> sklearn LR,0.6921810699588478,0.0475108774594202,0.6967032967032967,0.6951193578878042
48D,S2,mk-mmd,MK-MMD + MLPLR,MLPLR,frozen bottleneck16 -> sklearn LR,0.6868827160493828,0.0513162727341939,0.6945054945054945,0.6910523589407089
48D,S2,source-only,No-DA NN + MLPLR,MLPLR,frozen bottleneck16 -> sklearn LR,0.6752057613168725,0.0200816269233783,0.6783882783882784,0.6762660006422919
48D,S3,c-dann,C-DANN + MLPLR,MLPLR,frozen bottleneck16 -> sklearn LR,0.7313786008230452,0.0515707259315996,0.7347985347985347,0.7320915409934295
48D,S3,cdan,CDAN + MLPLR,MLPLR,frozen bottleneck16 -> sklearn LR,0.6760545267489712,0.0861133043648394,0.6776556776556777,0.680365557513539
48D,S3,cdan+c-dann,CDAN+C-DANN + MLPLR,MLPLR,frozen bottleneck16 -> sklearn LR,0.7550668724279836,0.0639587502102611,0.7589743589743589,0.7575156988083607
48D,S3,dann,DANN + MLPLR,MLPLR,frozen bottleneck16 -> sklearn LR,0.6622685185185185,0.0653557556231614,0.6681318681318682,0.6659456390533861
48D,S3,deep-coral,Deep CORAL + MLPLR,MLPLR,frozen bottleneck16 -> sklearn LR,0.7026748971193416,0.0534033402292174,0.7069597069597069,0.7057998732815737
48D,S3,mk-mmd,MK-MMD + MLPLR,MLPLR,frozen bottleneck16 -> sklearn LR,0.7213477366255144,0.0982897108505117,0.7274725274725276,0.7223059766801675
48D,S3,source-only,No-DA NN + MLPLR,MLPLR,frozen bottleneck16 -> sklearn LR,0.6339506172839505,0.1158653664313124,0.6329670329670329,0.6335941289455671
48D,S4,c-dann,C-DANN + MLPLR,MLPLR,frozen bottleneck16 -> sklearn LR,0.8556971434639481,0.0526759389513284,0.856326530612245,0.8569016951730013
48D,S4,cdan,CDAN + MLPLR,MLPLR,frozen bottleneck16 -> sklearn LR,0.8545078050334501,0.0369279898757863,0.8555102040816326,0.8585829534957089
48D,S4,cdan+c-dann,CDAN+C-DANN + MLPLR,MLPLR,frozen bottleneck16 -> sklearn LR,0.8550069024105342,0.0167839377636982,0.856326530612245,0.8580214033402495
48D,S4,dann,DANN + MLPLR,MLPLR,frozen bottleneck16 -> sklearn LR,0.8685143888711904,0.034533296571417,0.8693877551020408,0.8705704263287093
48D,S4,deep-coral,Deep CORAL + MLPLR,MLPLR,frozen bottleneck16 -> sklearn LR,0.8704258256344908,0.012540796060161,0.8718367346938776,0.8738324514290164
48D,S4,mk-mmd,MK-MMD + MLPLR,MLPLR,frozen bottleneck16 -> sklearn LR,0.8611022618668365,0.0606639918616052,0.8644897959183673,0.8651727237193771
48D,S4,source-only,No-DA NN + MLPLR,MLPLR,frozen bottleneck16 -> sklearn LR,0.7958691727726451,0.0428216921931736,0.793469387755102,0.7931896908466116
48D,S5,c-dann,C-DANN + MLPLR,MLPLR,frozen bottleneck16 -> sklearn LR,0.8541420647700841,0.0255610612600625,0.8545454545454545,0.8576748493607728
48D,S5,cdan,CDAN + MLPLR,MLPLR,frozen bottleneck16 -> sklearn LR,0.8700662014671675,0.0514423362269597,0.8675324675324676,0.8695921149285566
48D,S5,cdan+c-dann,CDAN+C-DANN + MLPLR,MLPLR,frozen bottleneck16 -> sklearn LR,0.8725711218464841,0.0283854826085235,0.8727272727272727,0.8754763714714958
48D,S5,dann,DANN + MLPLR,MLPLR,frozen bottleneck16 -> sklearn LR,0.8757917337627482,0.0386639891786412,0.8744588744588745,0.8769844068232358
48D,S5,deep-coral,Deep CORAL + MLPLR,MLPLR,frozen bottleneck16 -> sklearn LR,0.9015924136697082,0.0292748131444409,0.9012987012987016,0.9032457179797668
48D,S5,mk-mmd,MK-MMD + MLPLR,MLPLR,frozen bottleneck16 -> sklearn LR,0.8894614421184468,0.0223594195007815,0.89004329004329,0.8919745640614234
48D,S5,source-only,No-DA NN + MLPLR,MLPLR,frozen bottleneck16 -> sklearn LR,0.8557881553050635,0.0276356226888829,0.8528138528138527,0.8546690950092776
48D,S6,c-dann,C-DANN + MLPLR,MLPLR,frozen bottleneck16 -> sklearn LR,0.9315299202623146,0.0308114032625564,0.9317073170731708,0.9332807613087905
48D,S6,cdan,CDAN + MLPLR,MLPLR,frozen bottleneck16 -> sklearn LR,0.9202474103882554,0.0245817419742942,0.9209756097560976,0.9217688001394118
48D,S6,cdan+c-dann,CDAN+C-DANN + MLPLR,MLPLR,frozen bottleneck16 -> sklearn LR,0.9195469110962068,0.0112726218837993,0.9200000000000002,0.9209539848662462
48D,S6,dann,DANN + MLPLR,MLPLR,frozen bottleneck16 -> sklearn LR,0.9322304195543633,0.0115020764394348,0.9326829268292682,0.9337414411819208
48D,S6,deep-coral,Deep CORAL + MLPLR,MLPLR,frozen bottleneck16 -> sklearn LR,0.9332886206125643,0.0126312227120766,0.9336585365853658,0.9351259357775628
48D,S6,mk-mmd,MK-MMD + MLPLR,MLPLR,frozen bottleneck16 -> sklearn LR,0.929637081749758,0.0135405658433923,0.9307317073170732,0.9314313985990058
48D,S6,source-only,No-DA NN + MLPLR,MLPLR,frozen bottleneck16 -> sklearn LR,0.9145092778895596,0.0238440712183324,0.9141463414634146,0.9155758807147808
48D,S7,c-dann,C-DANN + MLPLR,MLPLR,frozen bottleneck16 -> sklearn LR,0.9487890304791712,0.0060153428739613,0.9492682926829268,0.9503222221051556
48D,S7,cdan,CDAN + MLPLR,MLPLR,frozen bottleneck16 -> sklearn LR,0.9360906177807587,0.012187645725376,0.937560975609756,0.9383759363725016
48D,S7,cdan+c-dann,CDAN+C-DANN + MLPLR,MLPLR,frozen bottleneck16 -> sklearn LR,0.9299947835159104,0.0130198583897321,0.9307317073170732,0.9315586083765114
48D,S7,dann,DANN + MLPLR,MLPLR,frozen bottleneck16 -> sklearn LR,0.938683955585364,0.0046581414068094,0.9395121951219514,0.940569649115049
48D,S7,deep-coral,Deep CORAL + MLPLR,MLPLR,frozen bottleneck16 -> sklearn LR,0.937879126611521,0.0105563431099718,0.9375609756097564,0.9390985955262916
48D,S7,mk-mmd,MK-MMD + MLPLR,MLPLR,frozen bottleneck16 -> sklearn LR,0.9217676428944032,0.0128713022305517,0.9229268292682928,0.9238436371061468
48D,S7,source-only,No-DA NN + MLPLR,MLPLR,frozen bottleneck16 -> sklearn LR,0.9284745510097622,0.0153608967086432,0.9287804878048782,0.9299000361128208
54D,S1,c-dann,C-DANN + MLPLR,MLPLR,frozen bottleneck16 -> sklearn LR,0.801954732510288,0.0335262370343534,0.8021978021978022,0.8065163541093749
54D,S1,cdan,CDAN + MLPLR,MLPLR,frozen bottleneck16 -> sklearn LR,0.8358024691358026,0.0488675005347273,0.8373626373626374,0.8405226647474185
54D,S1,cdan+c-dann,CDAN+C-DANN + MLPLR,MLPLR,frozen bottleneck16 -> sklearn LR,0.8007458847736626,0.0921878926546028,0.8014652014652015,0.7970220309134853
54D,S1,dann,DANN + MLPLR,MLPLR,frozen bottleneck16 -> sklearn LR,0.8277006172839506,0.0273187318942382,0.8300366300366301,0.8329187006048832
54D,S1,deep-coral,Deep CORAL + MLPLR,MLPLR,frozen bottleneck16 -> sklearn LR,0.8127057613168726,0.0241835548844959,0.8124542124542126,0.8163593893884918
54D,S1,mk-mmd,MK-MMD + MLPLR,MLPLR,frozen bottleneck16 -> sklearn LR,0.8629629629629629,0.028030200729131,0.8652014652014653,0.8677437638086971
54D,S1,source-only,No-DA NN + MLPLR,MLPLR,frozen bottleneck16 -> sklearn LR,0.7382201646090535,0.0447329048435888,0.7333333333333333,0.7205455183338604
54D,S2,c-dann,C-DANN + MLPLR,MLPLR,frozen bottleneck16 -> sklearn LR,0.8545781893004115,0.0315870691340731,0.8556776556776559,0.8581208409961786
54D,S2,cdan,CDAN + MLPLR,MLPLR,frozen bottleneck16 -> sklearn LR,0.7776748971193416,0.0347271515705409,0.7750915750915751,0.7735978664478089
54D,S2,cdan+c-dann,CDAN+C-DANN + MLPLR,MLPLR,frozen bottleneck16 -> sklearn LR,0.8468621399176953,0.0463510443033503,0.8483516483516483,0.8496065245377522
54D,S2,dann,DANN + MLPLR,MLPLR,frozen bottleneck16 -> sklearn LR,0.8194444444444443,0.0681901544142053,0.8205128205128205,0.821649350016175
54D,S2,deep-coral,Deep CORAL + MLPLR,MLPLR,frozen bottleneck16 -> sklearn LR,0.8037037037037036,0.049485974354325,0.8014652014652015,0.8012657273838535
54D,S2,mk-mmd,MK-MMD + MLPLR,MLPLR,frozen bottleneck16 -> sklearn LR,0.8423353909465021,0.0316446882699697,0.8424908424908425,0.8458329373733859
54D,S2,source-only,No-DA NN + MLPLR,MLPLR,frozen bottleneck16 -> sklearn LR,0.7906121399176954,0.0478646838752339,0.789010989010989,0.7883950590525021
54D,S3,c-dann,C-DANN + MLPLR,MLPLR,frozen bottleneck16 -> sklearn LR,0.8440843621399177,0.0475126178891557,0.8454212454212454,0.8479497494085914
54D,S3,cdan,CDAN + MLPLR,MLPLR,frozen bottleneck16 -> sklearn LR,0.8382201646090536,0.0308873637767163,0.8388278388278388,0.842640584235237
54D,S3,cdan+c-dann,CDAN+C-DANN + MLPLR,MLPLR,frozen bottleneck16 -> sklearn LR,0.831764403292181,0.0301400111346074,0.832967032967033,0.8360033984062737
54D,S3,dann,DANN + MLPLR,MLPLR,frozen bottleneck16 -> sklearn LR,0.7912037037037037,0.0134345088887453,0.7919413919413919,0.7936857202445944
54D,S3,deep-coral,Deep CORAL + MLPLR,MLPLR,frozen bottleneck16 -> sklearn LR,0.842772633744856,0.0390475175123327,0.8432234432234432,0.8440387112201012
54D,S3,mk-mmd,MK-MMD + MLPLR,MLPLR,frozen bottleneck16 -> sklearn LR,0.8532150205761317,0.0308747249278684,0.8527472527472527,0.856375623804926
54D,S3,source-only,No-DA NN + MLPLR,MLPLR,frozen bottleneck16 -> sklearn LR,0.8026748971193415,0.026683136824372,0.8014652014652015,0.8039629389247935
54D,S4,c-dann,C-DANN + MLPLR,MLPLR,frozen bottleneck16 -> sklearn LR,0.8998194754167994,0.036473365796696,0.8995918367346938,0.9025644379916288
54D,S4,cdan,CDAN + MLPLR,MLPLR,frozen bottleneck16 -> sklearn LR,0.8971328448550494,0.0142607838003928,0.8963265306122448,0.8991539347455267
54D,S4,cdan+c-dann,CDAN+C-DANN + MLPLR,MLPLR,frozen bottleneck16 -> sklearn LR,0.9090368482531592,0.0205824694140154,0.9085714285714286,0.9116010414769772
54D,S4,dann,DANN + MLPLR,MLPLR,frozen bottleneck16 -> sklearn LR,0.8774769034724436,0.0448062596113251,0.8759183673469388,0.8788167178155322
54D,S4,deep-coral,Deep CORAL + MLPLR,MLPLR,frozen bottleneck16 -> sklearn LR,0.914877349474355,0.0133410427177065,0.9142857142857144,0.9171935735824585
54D,S4,mk-mmd,MK-MMD + MLPLR,MLPLR,frozen bottleneck16 -> sklearn LR,0.9049697355845812,0.012135734996743,0.9053061224489796,0.9077184331934834
54D,S4,source-only,No-DA NN + MLPLR,MLPLR,frozen bottleneck16 -> sklearn LR,0.8906233407666985,0.0152499568587467,0.8881632653061224,0.8917751347123339
54D,S5,c-dann,C-DANN + MLPLR,MLPLR,frozen bottleneck16 -> sklearn LR,0.9136876006441224,0.0154561826999352,0.9134199134199136,0.9163736139153256
54D,S5,cdan,CDAN + MLPLR,MLPLR,frozen bottleneck16 -> sklearn LR,0.911755233494364,0.01479412050613,0.9116883116883115,0.9142565260206638
54D,S5,cdan+c-dann,CDAN+C-DANN + MLPLR,MLPLR,frozen bottleneck16 -> sklearn LR,0.9021291823224192,0.0165887664863113,0.9021645021645022,0.9051419058347416
54D,S5,dann,DANN + MLPLR,MLPLR,frozen bottleneck16 -> sklearn LR,0.9092860976918948,0.0148446700401143,0.909090909090909,0.9122844439800736
54D,S5,deep-coral,Deep CORAL + MLPLR,MLPLR,frozen bottleneck16 -> sklearn LR,0.9256396493111472,0.008001274543946,0.9255411255411256,0.9281828784247652
54D,S5,mk-mmd,MK-MMD + MLPLR,MLPLR,frozen bottleneck16 -> sklearn LR,0.9308284129540167,0.011271147647069,0.9316017316017317,0.9334280582246672
54D,S5,source-only,No-DA NN + MLPLR,MLPLR,frozen bottleneck16 -> sklearn LR,0.9107174807657898,0.0127951756513015,0.909090909090909,0.9126606171395768
54D,S6,c-dann,C-DANN + MLPLR,MLPLR,frozen bottleneck16 -> sklearn LR,0.957940233996572,0.0168660593439131,0.9590243902439024,0.9594917877860948
54D,S6,cdan,CDAN + MLPLR,MLPLR,frozen bottleneck16 -> sklearn LR,0.9537223340040242,0.0144277934127894,0.9541463414634146,0.9548594627993564
54D,S6,cdan+c-dann,CDAN+C-DANN + MLPLR,MLPLR,frozen bottleneck16 -> sklearn LR,0.9495044340114764,0.0145575597878273,0.9492682926829268,0.9499630128376838
54D,S6,dann,DANN + MLPLR,MLPLR,frozen bottleneck16 -> sklearn LR,0.9499515612191668,0.0151581142696953,0.951219512195122,0.9512563868874852
54D,S6,deep-coral,Deep CORAL + MLPLR,MLPLR,frozen bottleneck16 -> sklearn LR,0.9578359043147774,0.0099228554389123,0.9580487804878048,0.9588759127220748
54D,S6,mk-mmd,MK-MMD + MLPLR,MLPLR,frozen bottleneck16 -> sklearn LR,0.9492510619271182,0.0022615680610319,0.9502439024390243,0.9507924758845532
54D,S6,source-only,No-DA NN + MLPLR,MLPLR,frozen bottleneck16 -> sklearn LR,0.964065876741933,0.0187788547802286,0.9639024390243902,0.9648363547017064
54D,S7,c-dann,C-DANN + MLPLR,MLPLR,frozen bottleneck16 -> sklearn LR,0.945614427304568,0.0169880064271959,0.9463414634146344,0.9473831978498106
54D,S7,cdan,CDAN + MLPLR,MLPLR,frozen bottleneck16 -> sklearn LR,0.940800357701766,0.0208981552114258,0.9414634146341464,0.9422491228201986
54D,S7,cdan+c-dann,CDAN+C-DANN + MLPLR,MLPLR,frozen bottleneck16 -> sklearn LR,0.9498472315373722,0.0146937215240685,0.9502439024390243,0.951153889491587
54D,S7,dann,DANN + MLPLR,MLPLR,frozen bottleneck16 -> sklearn LR,0.943960056636113,0.0139050451198251,0.9453658536585364,0.9459726687644
54D,S7,deep-coral,Deep CORAL + MLPLR,MLPLR,frozen bottleneck16 -> sklearn LR,0.961234071093226,0.0207057261691411,0.9619512195121952,0.9622694555836352
54D,S7,mk-mmd,MK-MMD + MLPLR,MLPLR,frozen bottleneck16 -> sklearn LR,0.9511289961994188,0.0197338698075465,0.9521951219512196,0.9523961507787494
54D,S7,source-only,No-DA NN + MLPLR,MLPLR,frozen bottleneck16 -> sklearn LR,0.9590133392950292,0.0115823544734604,0.9590243902439024,0.9600875185906552
48D,S1,mk-mmd+c-dann,MK-MMD+C-DANN + MLPLR,MLPLR,frozen bottleneck16 -> sklearn LR,0.7364454732510288,0.0442914191546085,0.7428571428571428,0.7423422172912435
48D,S1,mk-mmd+cdan,MK-MMD+CDAN + MLPLR,MLPLR,frozen bottleneck16 -> sklearn LR,0.7049125514403292,0.0425112385559764,0.7113553113553113,0.7116843833797157
48D,S1,mk-mmd+cdan+c-dann,MK-MMD+CDAN+C-DANN + MLPLR,MLPLR,frozen bottleneck16 -> sklearn LR,0.7483281893004116,0.0700686868458809,0.7545787545787546,0.7527295389071817
48D,S2,mk-mmd+c-dann,MK-MMD+C-DANN + MLPLR,MLPLR,frozen bottleneck16 -> sklearn LR,0.7095164609053497,0.0561850505464708,0.7201465201465201,0.713560100427904
48D,S2,mk-mmd+cdan,MK-MMD+CDAN + MLPLR,MLPLR,frozen bottleneck16 -> sklearn LR,0.6947788065843621,0.0653786019036904,0.7025641025641025,0.7010235583159588
48D,S2,mk-mmd+cdan+c-dann,MK-MMD+CDAN+C-DANN + MLPLR,MLPLR,frozen bottleneck16 -> sklearn LR,0.7081275720164609,0.1041482719494873,0.715018315018315,0.7137005336999737
48D,S3,mk-mmd+c-dann,MK-MMD+C-DANN + MLPLR,MLPLR,frozen bottleneck16 -> sklearn LR,0.7821502057613168,0.0367481211652666,0.7875457875457876,0.788961002655627
48D,S3,mk-mmd+cdan,MK-MMD+CDAN + MLPLR,MLPLR,frozen bottleneck16 -> sklearn LR,0.7149948559670782,0.0370520374287336,0.7230769230769231,0.7212455010589445
48D,S3,mk-mmd+cdan+c-dann,MK-MMD+CDAN+C-DANN + MLPLR,MLPLR,frozen bottleneck16 -> sklearn LR,0.7183899176954733,0.1171693736439894,0.7238095238095238,0.7233890134914388
48D,S4,mk-mmd+c-dann,MK-MMD+C-DANN + MLPLR,MLPLR,frozen bottleneck16 -> sklearn LR,0.877179568864819,0.0295287986969643,0.8783673469387756,0.880067823816524
48D,S4,mk-mmd+cdan,MK-MMD+CDAN + MLPLR,MLPLR,frozen bottleneck16 -> sklearn LR,0.8501645959435065,0.0132307891861088,0.8522448979591838,0.8538274547108863
48D,S4,mk-mmd+cdan+c-dann,MK-MMD+CDAN+C-DANN + MLPLR,MLPLR,frozen bottleneck16 -> sklearn LR,0.854836996920463,0.0359986082407884,0.8546938775510202,0.8579887860195224
48D,S5,mk-mmd+c-dann,MK-MMD+C-DANN + MLPLR,MLPLR,frozen bottleneck16 -> sklearn LR,0.8901055645016998,0.0073667573017837,0.8917748917748918,0.8939354554283454
48D,S5,mk-mmd+cdan,MK-MMD+CDAN + MLPLR,MLPLR,frozen bottleneck16 -> sklearn LR,0.9007335838253712,0.0182441691211778,0.9012987012987012,0.9024644922509852
48D,S5,mk-mmd+cdan+c-dann,MK-MMD+CDAN+C-DANN + MLPLR,MLPLR,frozen bottleneck16 -> sklearn LR,0.8747539810341742,0.0316233227611676,0.8753246753246753,0.8769792024772975
48D,S6,mk-mmd+c-dann,MK-MMD+C-DANN + MLPLR,MLPLR,frozen bottleneck16 -> sklearn LR,0.936224755943066,0.0140510905770696,0.9365853658536584,0.9374943937055648
48D,S6,mk-mmd+cdan,MK-MMD+CDAN + MLPLR,MLPLR,frozen bottleneck16 -> sklearn LR,0.9332886206125643,0.0223488076270071,0.9336585365853658,0.9349918966994852
48D,S6,mk-mmd+cdan+c-dann,MK-MMD+CDAN+C-DANN + MLPLR,MLPLR,frozen bottleneck16 -> sklearn LR,0.9248230121469556,0.0120839752776061,0.9258536585365852,0.9267116933847104
48D,S7,mk-mmd+c-dann,MK-MMD+C-DANN + MLPLR,MLPLR,frozen bottleneck16 -> sklearn LR,0.9142410015649453,0.0354561742048734,0.9160975609756096,0.916590791559955
48D,S7,mk-mmd+cdan,MK-MMD+CDAN + MLPLR,MLPLR,frozen bottleneck16 -> sklearn LR,0.9340934495864072,0.0123651985320921,0.9356097560975608,0.9364133340398676
48D,S7,mk-mmd+cdan+c-dann,MK-MMD+CDAN+C-DANN + MLPLR,MLPLR,frozen bottleneck16 -> sklearn LR,0.928459646769506,0.0139837996702643,0.9297560975609758,0.9309654827963438
54D,S1,mk-mmd+c-dann,MK-MMD+C-DANN + MLPLR,MLPLR,frozen bottleneck16 -> sklearn LR,0.8301954732510287,0.0378827772169726,0.8307692307692308,0.8338161287330237
54D,S1,mk-mmd+cdan,MK-MMD+CDAN + MLPLR,MLPLR,frozen bottleneck16 -> sklearn LR,0.8611882716049383,0.0309095228318226,0.8637362637362637,0.8663926198179427
54D,S1,mk-mmd+cdan+c-dann,MK-MMD+CDAN+C-DANN + MLPLR,MLPLR,frozen bottleneck16 -> sklearn LR,0.8569444444444445,0.0370087385103841,0.86007326007326,0.8616400386445647
54D,S2,mk-mmd+c-dann,MK-MMD+C-DANN + MLPLR,MLPLR,frozen bottleneck16 -> sklearn LR,0.8638374485596708,0.0234895308717005,0.8666666666666668,0.8683268477278381
54D,S2,mk-mmd+cdan,MK-MMD+CDAN + MLPLR,MLPLR,frozen bottleneck16 -> sklearn LR,0.8902520576131687,0.0326763278531571,0.8930402930402931,0.8941605026168734
54D,S2,mk-mmd+cdan+c-dann,MK-MMD+CDAN+C-DANN + MLPLR,MLPLR,frozen bottleneck16 -> sklearn LR,0.8778549382716049,0.0277827487074046,0.8813186813186814,0.8823340281800902
54D,S3,mk-mmd+c-dann,MK-MMD+C-DANN + MLPLR,MLPLR,frozen bottleneck16 -> sklearn LR,0.8642232510288066,0.018654301866322,0.8666666666666666,0.8693065180830919
54D,S3,mk-mmd+cdan,MK-MMD+CDAN + MLPLR,MLPLR,frozen bottleneck16 -> sklearn LR,0.8577417695473251,0.0400659574017933,0.8586080586080586,0.8611422781612145
54D,S3,mk-mmd+cdan+c-dann,MK-MMD+CDAN+C-DANN + MLPLR,MLPLR,frozen bottleneck16 -> sklearn LR,0.8138374485596707,0.0480559956486284,0.8139194139194139,0.8180177385290298
54D,S4,mk-mmd+c-dann,MK-MMD+C-DANN + MLPLR,MLPLR,frozen bottleneck16 -> sklearn LR,0.9049697355845812,0.029301227130803,0.9053061224489796,0.9072992438055356
54D,S4,mk-mmd+cdan,MK-MMD+CDAN + MLPLR,MLPLR,frozen bottleneck16 -> sklearn LR,0.91554635234151,0.0117138753752289,0.9167346938775512,0.9191020435944968
54D,S4,mk-mmd+cdan+c-dann,MK-MMD+CDAN+C-DANN + MLPLR,MLPLR,frozen bottleneck16 -> sklearn LR,0.9070723160242116,0.0231182864480996,0.906938775510204,0.9093015716103622
54D,S5,mk-mmd+c-dann,MK-MMD+C-DANN + MLPLR,MLPLR,frozen bottleneck16 -> sklearn LR,0.9107532653426372,0.0227789281053091,0.9116883116883118,0.9143484094498556
54D,S5,mk-mmd+cdan,MK-MMD+CDAN + MLPLR,MLPLR,frozen bottleneck16 -> sklearn LR,0.9157273215244228,0.0181811536006224,0.916017316017316,0.91854139281003
54D,S5,mk-mmd+cdan+c-dann,MK-MMD+CDAN+C-DANN + MLPLR,MLPLR,frozen bottleneck16 -> sklearn LR,0.9250670960815888,0.014680074751411,0.9255411255411256,0.9277933649804142
54D,S6,mk-mmd+c-dann,MK-MMD+C-DANN + MLPLR,MLPLR,frozen bottleneck16 -> sklearn LR,0.9447797898502124,0.0173614408243113,0.946341463414634,0.9464960302797611
54D,S6,mk-mmd+cdan,MK-MMD+CDAN + MLPLR,MLPLR,frozen bottleneck16 -> sklearn LR,0.9452567255384156,0.0182917749658732,0.946341463414634,0.9466310794883864
54D,S6,mk-mmd+cdan+c-dann,MK-MMD+CDAN+C-DANN + MLPLR,MLPLR,frozen bottleneck16 -> sklearn LR,0.9377300842089576,0.0150613597707088,0.9395121951219512,0.9395269472170096
54D,S7,mk-mmd+c-dann,MK-MMD+C-DANN + MLPLR,MLPLR,frozen bottleneck16 -> sklearn LR,0.942782621655861,0.0114548807168282,0.944390243902439,0.9444940972898832
54D,S7,mk-mmd+cdan,MK-MMD+CDAN + MLPLR,MLPLR,frozen bottleneck16 -> sklearn LR,0.9481928608689172,0.0180186039081975,0.9492682926829268,0.9497164727522854
54D,S7,mk-mmd+cdan+c-dann,MK-MMD+CDAN+C-DANN + MLPLR,MLPLR,frozen bottleneck16 -> sklearn LR,0.9405618898576644,0.0070786511921084,0.9414634146341464,0.942419038722134
