protocol,description,task,model,best_params,train_n,validation_n,test_n,train_accuracy,validation_accuracy,test_accuracy,train_balanced_accuracy,validation_balanced_accuracy,test_balanced_accuracy,train_macro_f1,validation_macro_f1,test_macro_f1,train_test_accuracy_gap,validation_test_accuracy_gap,fit_assessment
A_cross_period_low_target,Train Period I + Period II Day1; validate Period II Day2-Day3; test Period II Day4-Day17 + Period III Day18-Day19,three_class,LDA,shrinkage=0.01,36,24,182,1.0,0.75,0.7252747252747253,1.0,0.7999999999999999,0.7153846153846154,1.0,0.7301587301587301,0.7161169505859611,0.27472527472527475,0.02472527472527475,reasonable_or_mild_shift
A_cross_period_low_target,Train Period I + Period II Day1; validate Period II Day2-Day3; test Period II Day4-Day17 + Period III Day18-Day19,three_class,Logistic Regression,l2=0.001,36,24,182,1.0,0.75,0.8076923076923077,1.0,0.7999999999999999,0.8102564102564104,1.0,0.7284878863826232,0.7983345059983947,0.1923076923076923,-0.05769230769230771,reasonable_or_mild_shift
A_cross_period_low_target,Train Period I + Period II Day1; validate Period II Day2-Day3; test Period II Day4-Day17 + Period III Day18-Day19,three_class,kNN,k=1,36,24,182,1.0,0.625,0.5879120879120879,1.0,0.6999999999999998,0.5846153846153846,1.0,0.6930946291560103,0.5915364213318178,0.41208791208791207,0.03708791208791207,reasonable_or_mild_shift
A_cross_period_low_target,Train Period I + Period II Day1; validate Period II Day2-Day3; test Period II Day4-Day17 + Period III Day18-Day19,three_class,Random Forest,subspace_mult=3.0,36,24,182,0.6944444444444444,0.5833333333333334,0.6318681318681318,0.7843137254901961,0.6666666666666666,0.6564102564102564,0.6240856844305119,0.5566703827573393,0.5874156232496229,0.06257631257631258,-0.04853479853479847,possible_underfitting
A_cross_period_low_target,Train Period I + Period II Day1; validate Period II Day2-Day3; test Period II Day4-Day17 + Period III Day18-Day19,three_class,RBF LS-SVM,gamma_mult=2.0;c_value=10.0,36,24,182,1.0,1.0,0.7637362637362637,1.0,1.0,0.7525641025641026,1.0,1.0,0.7607499966625282,0.2362637362637363,0.2362637362637363,possible_overfitting_or_domain_shift
A_cross_period_low_target,Train Period I + Period II Day1; validate Period II Day2-Day3; test Period II Day4-Day17 + Period III Day18-Day19,binary_alcohol_acetone,LDA,shrinkage=0.25,34,20,130,0.9705882352941176,0.95,0.8076923076923077,0.9705882352941176,0.95,0.8076923076923077,0.9705627705627706,0.949874686716792,0.8003072196620584,0.16289592760180993,0.14230769230769225,reasonable_or_mild_shift
A_cross_period_low_target,Train Period I + Period II Day1; validate Period II Day2-Day3; test Period II Day4-Day17 + Period III Day18-Day19,binary_alcohol_acetone,Logistic Regression,l2=0.05,34,20,130,1.0,0.95,0.8538461538461538,1.0,0.95,0.8538461538461539,1.0,0.949874686716792,0.8506560251526695,0.1461538461538462,0.09615384615384615,reasonable_or_mild_shift
A_cross_period_low_target,Train Period I + Period II Day1; validate Period II Day2-Day3; test Period II Day4-Day17 + Period III Day18-Day19,binary_alcohol_acetone,kNN,k=3,34,20,130,0.9411764705882353,0.65,0.6538461538461539,0.9411764705882353,0.6499999999999999,0.6538461538461539,0.9411764705882353,0.6491228070175439,0.6528395940893715,0.2873303167420814,-0.0038461538461538325,reasonable_or_mild_shift
A_cross_period_low_target,Train Period I + Period II Day1; validate Period II Day2-Day3; test Period II Day4-Day17 + Period III Day18-Day19,binary_alcohol_acetone,Random Forest,subspace_mult=1.5,34,20,130,0.7941176470588235,0.55,0.6,0.7941176470588236,0.55,0.6000000000000001,0.7925021795989537,0.4871794871794872,0.5305555555555557,0.1941176470588235,-0.04999999999999993,reasonable_or_mild_shift
A_cross_period_low_target,Train Period I + Period II Day1; validate Period II Day2-Day3; test Period II Day4-Day17 + Period III Day18-Day19,binary_alcohol_acetone,RBF LS-SVM,gamma_mult=0.5;c_value=100.0,34,20,130,1.0,1.0,0.7923076923076923,1.0,1.0,0.7923076923076924,1.0,1.0,0.7855964815832877,0.20769230769230773,0.20769230769230773,possible_overfitting_or_domain_shift
B_newdata_temporal,Train Period II Day1-Day10; validate Period II Day11-Day13; test Period II Day14-Day17 + Period III Day18-Day19,three_class,LDA,shrinkage=0.01,123,31,64,1.0,0.8709677419354839,0.953125,1.0,0.8518518518518517,0.9527777777777778,1.0,0.8692810457516339,0.9543781615210186,0.046875,-0.08215725806451613,reasonable_or_mild_shift
B_newdata_temporal,Train Period II Day1-Day10; validate Period II Day11-Day13; test Period II Day14-Day17 + Period III Day18-Day19,three_class,Logistic Regression,l2=0.001,123,31,64,1.0,0.8709677419354839,0.96875,1.0,0.8518518518518517,0.9666666666666667,1.0,0.8722222222222222,0.9695726495726497,0.03125,-0.09778225806451613,reasonable_or_mild_shift
B_newdata_temporal,Train Period II Day1-Day10; validate Period II Day11-Day13; test Period II Day14-Day17 + Period III Day18-Day19,three_class,kNN,k=7,123,31,64,0.959349593495935,0.9032258064516129,0.96875,0.9673202614379086,0.8888888888888888,0.9666666666666667,0.9627334989087077,0.8977591036414566,0.9665831244778613,-0.00940040650406504,-0.06552419354838712,reasonable_or_mild_shift
B_newdata_temporal,Train Period II Day1-Day10; validate Period II Day11-Day13; test Period II Day14-Day17 + Period III Day18-Day19,three_class,Random Forest,subspace_mult=1.5,123,31,64,0.8373983739837398,0.8064516129032258,0.859375,0.869281045751634,0.7777777777777777,0.85,0.8382497212931995,0.782559847895601,0.8493883377604309,-0.02197662601626016,-0.052923387096774244,reasonable_or_mild_shift
B_newdata_temporal,Train Period II Day1-Day10; validate Period II Day11-Day13; test Period II Day14-Day17 + Period III Day18-Day19,three_class,RBF LS-SVM,gamma_mult=0.5;c_value=10.0,123,31,64,1.0,1.0,1.0,1.0,1.0,1.0,1.0,1.0,1.0,0.0,0.0,reasonable_or_mild_shift
B_newdata_temporal,Train Period II Day1-Day10; validate Period II Day11-Day13; test Period II Day14-Day17 + Period III Day18-Day19,binary_alcohol_acetone,LDA,shrinkage=0.01,102,18,40,1.0,0.9444444444444444,0.975,1.0,0.9444444444444444,0.975,1.0,0.9442724458204335,0.9749843652282677,0.025000000000000022,-0.030555555555555558,reasonable_or_mild_shift
B_newdata_temporal,Train Period II Day1-Day10; validate Period II Day11-Day13; test Period II Day14-Day17 + Period III Day18-Day19,binary_alcohol_acetone,Logistic Regression,l2=0.001,102,18,40,1.0,1.0,1.0,1.0,1.0,1.0,1.0,1.0,1.0,0.0,0.0,reasonable_or_mild_shift
B_newdata_temporal,Train Period II Day1-Day10; validate Period II Day11-Day13; test Period II Day14-Day17 + Period III Day18-Day19,binary_alcohol_acetone,kNN,k=5,102,18,40,0.9607843137254902,0.9444444444444444,0.95,0.9607843137254901,0.9444444444444444,0.95,0.9607692307692308,0.9442724458204335,0.949874686716792,0.010784313725490269,-0.005555555555555536,reasonable_or_mild_shift
B_newdata_temporal,Train Period II Day1-Day10; validate Period II Day11-Day13; test Period II Day14-Day17 + Period III Day18-Day19,binary_alcohol_acetone,Random Forest,subspace_mult=1.5,102,18,40,0.8529411764705882,0.7777777777777778,0.825,0.8529411764705883,0.7777777777777778,0.825,0.8512107361664885,0.7662337662337662,0.819471308833011,0.027941176470588247,-0.047222222222222165,reasonable_or_mild_shift
B_newdata_temporal,Train Period II Day1-Day10; validate Period II Day11-Day13; test Period II Day14-Day17 + Period III Day18-Day19,binary_alcohol_acetone,RBF LS-SVM,gamma_mult=0.5;c_value=10.0,102,18,40,1.0,1.0,1.0,1.0,1.0,1.0,1.0,1.0,1.0,0.0,0.0,reasonable_or_mild_shift
C_recent_to_period3,Train Period II Day1-Day15; validate Period II Day16-Day17; test Period III Day18-Day19,three_class,LDA,shrinkage=0.01,170,28,20,0.9882352941176471,1.0,1.0,0.9894179894179894,1.0,1.0,0.9872592592592592,1.0,1.0,-0.0117647058823529,0.0,reasonable_or_mild_shift
C_recent_to_period3,Train Period II Day1-Day15; validate Period II Day16-Day17; test Period III Day18-Day19,three_class,Logistic Regression,l2=0.001,170,28,20,1.0,1.0,1.0,1.0,1.0,1.0,1.0,1.0,1.0,0.0,0.0,reasonable_or_mild_shift
C_recent_to_period3,Train Period II Day1-Day15; validate Period II Day16-Day17; test Period III Day18-Day19,three_class,kNN,k=1,170,28,20,1.0,1.0,1.0,1.0,1.0,1.0,1.0,1.0,1.0,0.0,0.0,reasonable_or_mild_shift
C_recent_to_period3,Train Period II Day1-Day15; validate Period II Day16-Day17; test Period III Day18-Day19,three_class,Random Forest,subspace_mult=1.5,170,28,20,0.8588235294117647,0.8928571428571429,1.0,0.873015873015873,0.9,1.0,0.8603063213589529,0.8976982097186701,1.0,-0.14117647058823535,-0.1071428571428571,reasonable_or_mild_shift
C_recent_to_period3,Train Period II Day1-Day15; validate Period II Day16-Day17; test Period III Day18-Day19,three_class,RBF LS-SVM,gamma_mult=0.5;c_value=1.0,170,28,20,0.9882352941176471,1.0,1.0,0.9894179894179894,1.0,1.0,0.987216248506571,1.0,1.0,-0.0117647058823529,0.0,reasonable_or_mild_shift
C_recent_to_period3,Train Period II Day1-Day15; validate Period II Day16-Day17; test Period III Day18-Day19,binary_alcohol_acetone,LDA,shrinkage=0.01,126,20,14,1.0,1.0,1.0,1.0,1.0,1.0,1.0,1.0,1.0,0.0,0.0,reasonable_or_mild_shift
C_recent_to_period3,Train Period II Day1-Day15; validate Period II Day16-Day17; test Period III Day18-Day19,binary_alcohol_acetone,Logistic Regression,l2=0.001,126,20,14,1.0,1.0,1.0,1.0,1.0,1.0,1.0,1.0,1.0,0.0,0.0,reasonable_or_mild_shift
C_recent_to_period3,Train Period II Day1-Day15; validate Period II Day16-Day17; test Period III Day18-Day19,binary_alcohol_acetone,kNN,k=1,126,20,14,1.0,1.0,1.0,1.0,1.0,1.0,1.0,1.0,1.0,0.0,0.0,reasonable_or_mild_shift
C_recent_to_period3,Train Period II Day1-Day15; validate Period II Day16-Day17; test Period III Day18-Day19,binary_alcohol_acetone,Random Forest,subspace_mult=1.5,126,20,14,0.873015873015873,0.85,1.0,0.873015873015873,0.85,1.0,0.8718535469107551,0.8465473145780051,1.0,-0.12698412698412698,-0.15000000000000002,reasonable_or_mild_shift
C_recent_to_period3,Train Period II Day1-Day15; validate Period II Day16-Day17; test Period III Day18-Day19,binary_alcohol_acetone,RBF LS-SVM,gamma_mult=0.5;c_value=1.0,126,20,14,1.0,1.0,1.0,1.0,1.0,1.0,1.0,1.0,1.0,0.0,0.0,reasonable_or_mild_shift
