representation,day,day_num,separation,distance
raw6_post60_centroid_zscore,Day1,1,acetone_minus_alcohol,4.9201371056279415
raw6_post60_centroid_zscore,Day1,1,alcohol_minus_air,5.474233579178471
raw6_post60_centroid_zscore,Day1,1,acetone_minus_air,8.725453445967727
raw6_post60_centroid_zscore,Day2,2,acetone_minus_alcohol,2.342854119912821
raw6_post60_centroid_zscore,Day2,2,alcohol_minus_air,2.8699380079982664
raw6_post60_centroid_zscore,Day2,2,acetone_minus_air,3.9632496084155955
raw6_post60_centroid_zscore,Day3,3,acetone_minus_alcohol,1.8515023558408144
raw6_post60_centroid_zscore,Day3,3,alcohol_minus_air,2.1475890877570842
raw6_post60_centroid_zscore,Day3,3,acetone_minus_air,3.0810161354948615
raw6_post60_centroid_zscore,Day4,4,acetone_minus_alcohol,1.2990995425375045
raw6_post60_centroid_zscore,Day4,4,alcohol_minus_air,2.0277230205032546
raw6_post60_centroid_zscore,Day4,4,acetone_minus_air,2.428580209904219
raw6_post60_centroid_zscore,Day5,5,acetone_minus_alcohol,2.4438206087564116
raw6_post60_centroid_zscore,Day5,5,alcohol_minus_air,3.839526823039012
raw6_post60_centroid_zscore,Day5,5,acetone_minus_air,4.827939312565417
raw6_post60_centroid_zscore,Day6,6,acetone_minus_alcohol,1.7644142369334386
raw6_post60_centroid_zscore,Day6,6,alcohol_minus_air,3.9052368171166165
raw6_post60_centroid_zscore,Day6,6,acetone_minus_air,3.7402483993779048
raw6_post60_centroid_zscore,Day7,7,acetone_minus_alcohol,2.0633339231869043
raw6_post60_centroid_zscore,Day7,7,alcohol_minus_air,2.4946795555228545
raw6_post60_centroid_zscore,Day7,7,acetone_minus_air,3.9248984354135508
raw6_post60_centroid_zscore,Day8,8,acetone_minus_alcohol,1.3544721933971213
raw6_post60_centroid_zscore,Day8,8,alcohol_minus_air,1.2026052541297738
raw6_post60_centroid_zscore,Day8,8,acetone_minus_air,2.227599944726113
raw6_post60_centroid_zscore,Day9,9,acetone_minus_alcohol,0.9125369717317745
raw6_post60_centroid_zscore,Day9,9,alcohol_minus_air,2.069783970892129
raw6_post60_centroid_zscore,Day9,9,acetone_minus_air,1.9306181913425866
raw6_post60_centroid_zscore,Day10,10,acetone_minus_alcohol,1.2379590169517876
raw6_post60_centroid_zscore,Day10,10,alcohol_minus_air,2.0252080267573236
raw6_post60_centroid_zscore,Day10,10,acetone_minus_air,1.94181050421339
raw6_post60_centroid_zscore,Day11,11,acetone_minus_alcohol,1.1965533984603154
raw6_post60_centroid_zscore,Day11,11,alcohol_minus_air,1.0991928814944327
raw6_post60_centroid_zscore,Day11,11,acetone_minus_air,1.9137955993924889
raw6_post60_centroid_zscore,Day12,12,acetone_minus_alcohol,1.9438138797085733
raw6_post60_centroid_zscore,Day12,12,alcohol_minus_air,3.3474512175147355
raw6_post60_centroid_zscore,Day12,12,acetone_minus_air,3.43424679047924
raw6_post60_centroid_zscore,Day13,13,acetone_minus_alcohol,2.010062955918359
raw6_post60_centroid_zscore,Day13,13,alcohol_minus_air,3.7304772958149788
raw6_post60_centroid_zscore,Day13,13,acetone_minus_air,3.4172630547349816
raw6_post60_centroid_zscore,Day14,14,acetone_minus_alcohol,0.9895741714398215
raw6_post60_centroid_zscore,Day14,14,alcohol_minus_air,2.4621500341434555
raw6_post60_centroid_zscore,Day14,14,acetone_minus_air,2.160820812132841
raw6_post60_centroid_zscore,Day16,16,acetone_minus_alcohol,1.8663778776270086
raw6_post60_centroid_zscore,Day16,16,alcohol_minus_air,3.9218919865804076
raw6_post60_centroid_zscore,Day16,16,acetone_minus_air,3.6348016654844613
raw6_post60_centroid_zscore,Day17,17,acetone_minus_alcohol,2.4672353113943033
raw6_post60_centroid_zscore,Day17,17,alcohol_minus_air,5.137060809114982
raw6_post60_centroid_zscore,Day17,17,acetone_minus_air,4.083960924575271
uci48_features_zscore,Day1,1,acetone_minus_alcohol,13.597487635326438
uci48_features_zscore,Day1,1,alcohol_minus_air,8.535024120100518
uci48_features_zscore,Day1,1,acetone_minus_air,19.735341662636507
uci48_features_zscore,Day2,2,acetone_minus_alcohol,6.323302952621787
uci48_features_zscore,Day2,2,alcohol_minus_air,8.067895244392767
uci48_features_zscore,Day2,2,acetone_minus_air,11.26309453448675
uci48_features_zscore,Day3,3,acetone_minus_alcohol,4.865687880770201
uci48_features_zscore,Day3,3,alcohol_minus_air,7.487099127499499
uci48_features_zscore,Day3,3,acetone_minus_air,8.373124346866755
uci48_features_zscore,Day4,4,acetone_minus_alcohol,4.235087808564745
uci48_features_zscore,Day4,4,alcohol_minus_air,6.4772507632080565
uci48_features_zscore,Day4,4,acetone_minus_air,8.714929504075947
uci48_features_zscore,Day5,5,acetone_minus_alcohol,6.975174359898622
uci48_features_zscore,Day5,5,alcohol_minus_air,7.823510391891563
uci48_features_zscore,Day5,5,acetone_minus_air,12.43678618194407
uci48_features_zscore,Day6,6,acetone_minus_alcohol,4.888100104615046
uci48_features_zscore,Day6,6,alcohol_minus_air,7.892117054000074
uci48_features_zscore,Day6,6,acetone_minus_air,9.17365906262244
uci48_features_zscore,Day7,7,acetone_minus_alcohol,5.845377401974081
uci48_features_zscore,Day7,7,alcohol_minus_air,6.156166038288289
uci48_features_zscore,Day7,7,acetone_minus_air,8.492182980316759
uci48_features_zscore,Day8,8,acetone_minus_alcohol,8.029011030790752
uci48_features_zscore,Day8,8,alcohol_minus_air,5.635463265421831
uci48_features_zscore,Day8,8,acetone_minus_air,12.194939534409164
uci48_features_zscore,Day9,9,acetone_minus_alcohol,6.153319944945794
uci48_features_zscore,Day9,9,alcohol_minus_air,10.685631328275093
uci48_features_zscore,Day9,9,acetone_minus_air,10.964712594117698
uci48_features_zscore,Day10,10,acetone_minus_alcohol,4.566827334160731
uci48_features_zscore,Day10,10,alcohol_minus_air,6.94534676745321
uci48_features_zscore,Day10,10,acetone_minus_air,9.310111660036263
uci48_features_zscore,Day11,11,acetone_minus_alcohol,5.986693084350542
uci48_features_zscore,Day11,11,alcohol_minus_air,5.297889609955759
uci48_features_zscore,Day11,11,acetone_minus_air,9.460989580673578
uci48_features_zscore,Day12,12,acetone_minus_alcohol,7.805219185488489
uci48_features_zscore,Day12,12,alcohol_minus_air,8.334850452559547
uci48_features_zscore,Day12,12,acetone_minus_air,14.075446325913479
uci48_features_zscore,Day13,13,acetone_minus_alcohol,4.118918244569083
uci48_features_zscore,Day13,13,alcohol_minus_air,7.366049172846098
uci48_features_zscore,Day13,13,acetone_minus_air,8.974061794606232
uci48_features_zscore,Day14,14,acetone_minus_alcohol,3.583618771225438
uci48_features_zscore,Day14,14,alcohol_minus_air,6.359080850184032
uci48_features_zscore,Day14,14,acetone_minus_air,4.5852130904538715
uci48_features_zscore,Day16,16,acetone_minus_alcohol,3.79421648812435
uci48_features_zscore,Day16,16,alcohol_minus_air,6.903507553528621
uci48_features_zscore,Day16,16,acetone_minus_air,6.817817506397573
uci48_features_zscore,Day17,17,acetone_minus_alcohol,6.354321617156335
uci48_features_zscore,Day17,17,alcohol_minus_air,9.672499296444315
uci48_features_zscore,Day17,17,acetone_minus_air,10.863640666251571
