split,description,task,variant,lambda,seed,classifier_label_usage,domain_label_usage,model_selection_labels,best_epoch,class_loss_last,domain_loss_last,classifier_train_n,source_train_n,source_val_n,target_labeled_train_n,target_domain_n,target_validation_n,target_test_n,train_accuracy,validation_accuracy,test_accuracy,train_balanced_accuracy,validation_balanced_accuracy,test_balanced_accuracy,train_macro_f1,validation_macro_f1,test_macro_f1,train_test_accuracy_gap,domain_discriminator_accuracy,judgment
D1_transductive_target_all,Source labels = all Period I; target domain = all Period II/III unlabeled; no separate validation; test = all Period II/III labels for evaluation only.,three_class_with_air,MLP source only,0.0,11,source labels only,source/target domain labels only; gas labels not used for target domain loss,classifier training labels,20,0.00018211537098977715,0.0,30,30,0,0,227,0,227,1.0,1.0,0.748898678414097,1.0,1.0,0.7584577114427861,1.0,1.0,0.7449828889122488,0.25110132158590304,0.5525291828793775,candidate; high train-test gap; domain near-invariant
D1_transductive_target_all,Source labels = all Period I; target domain = all Period II/III unlabeled; no separate validation; test = all Period II/III labels for evaluation only.,three_class_with_air,DANN-UDA,0.05,11,source labels only,source/target domain labels only; gas labels not used for target domain loss,classifier training labels,30,0.0003045251651201397,0.3481048047542572,30,30,0,0,227,0,227,1.0,1.0,0.775330396475771,1.0,1.0,0.784266169154229,1.0,1.0,0.7734959349593495,0.22466960352422904,0.8832684824902723,best in split; domain still separable
D1_transductive_target_all,Source labels = all Period I; target domain = all Period II/III unlabeled; no separate validation; test = all Period II/III labels for evaluation only.,binary_without_air,MLP source only,0.0,7,source labels only,source/target domain labels only; gas labels not used for target domain loss,classifier training labels,20,9.954963024938479e-05,0.0,24,24,0,0,160,0,160,1.0,1.0,0.8,1.0,1.0,0.8,1.0,1.0,0.7998749218261413,0.19999999999999996,0.532608695652174,candidate; domain near-invariant
D1_transductive_target_all,Source labels = all Period I; target domain = all Period II/III unlabeled; no separate validation; test = all Period II/III labels for evaluation only.,binary_without_air,DANN-UDA,0.5,7,source labels only,source/target domain labels only; gas labels not used for target domain loss,classifier training labels,30,3.352898056618869e-05,0.3871324062347412,24,24,0,0,160,0,160,1.0,1.0,0.8125,1.0,1.0,0.8125,1.0,1.0,0.8117647058823529,0.1875,0.8695652173913043,best in split; domain still separable
D2_source_holdout_target_all,Source Period I is split into train/validation; target domain = all Period II/III unlabeled; test = all Period II/III labels for evaluation only.,three_class_with_air,MLP source only,0.0,11,source labels only,source/target domain labels only; gas labels not used for target domain loss,source validation labels,50,0.00026633322704583406,0.0,25,25,5,0,227,0,227,1.0,0.8,0.8237885462555066,1.0,0.8333333333333334,0.8244402985074627,1.0,0.8222222222222223,0.8233155161373,0.17621145374449343,0.5396825396825397,candidate; domain near-invariant
D2_source_holdout_target_all,Source Period I is split into train/validation; target domain = all Period II/III unlabeled; test = all Period II/III labels for evaluation only.,three_class_with_air,DANN-UDA,0.05,23,source labels only,source/target domain labels only; gas labels not used for target domain loss,source validation labels,60,0.00011293496208963916,0.3557478189468384,25,25,5,0,227,0,227,1.0,1.0,0.8458149779735683,1.0,1.0,0.8501243781094527,1.0,1.0,0.8458637030622308,0.1541850220264317,0.9007936507936508,best in split; domain still separable
D2_source_holdout_target_all,Source Period I is split into train/validation; target domain = all Period II/III unlabeled; test = all Period II/III labels for evaluation only.,binary_without_air,MLP source only,0.0,7,source labels only,source/target domain labels only; gas labels not used for target domain loss,source validation labels,30,0.00014106240996625274,0.0,20,20,4,0,160,0,160,1.0,1.0,0.80625,1.0,1.0,0.8062499999999999,1.0,1.0,0.8061818608104412,0.19374999999999998,0.4777777777777778,candidate; domain near-invariant
D2_source_holdout_target_all,Source Period I is split into train/validation; target domain = all Period II/III unlabeled; test = all Period II/III labels for evaluation only.,binary_without_air,DANN-UDA,0.05,23,source labels only,source/target domain labels only; gas labels not used for target domain loss,source validation labels,40,1.45785643326235e-05,0.3431929349899292,20,20,4,0,160,0,160,1.0,1.0,0.8375,1.0,1.0,0.8375,1.0,1.0,0.8375,0.16249999999999998,0.8833333333333333,best in split; domain still separable
D3_uda_day1_val_day2_3,Source labels = all Period I; target domain = Day1 unlabeled; validation = Day2-3 labels; test = Day4-19 labels.,three_class_with_air,MLP source only,0.0,7,source labels only,source/target domain labels only; gas labels not used for target domain loss,target validation labels,20,0.0001474184828111902,0.0,30,30,0,0,16,26,185,0.9,0.8076923076923077,0.7027027027027027,0.9166666666666666,0.8333333333333334,0.7104895104895105,0.8944099378881987,0.8157136980666393,0.7069826214135158,0.19729729729729728,0.41304347826086957,candidate
D3_uda_day1_val_day2_3,Source labels = all Period I; target domain = Day1 unlabeled; validation = Day2-3 labels; test = Day4-19 labels.,three_class_with_air,DANN-UDA,0.2,23,source labels only,source/target domain labels only; gas labels not used for target domain loss,target validation labels,220,0.08889953047037125,0.6782187819480896,30,30,0,0,16,26,185,1.0,0.9615384615384616,0.8648648648648649,1.0,0.9666666666666667,0.8680652680652682,1.0,0.9568151147098516,0.8655619905619906,0.1351351351351351,0.6521739130434783,best in split
D3_uda_day1_val_day2_3,Source labels = all Period I; target domain = Day1 unlabeled; validation = Day2-3 labels; test = Day4-19 labels.,binary_without_air,MLP source only,0.0,7,source labels only,source/target domain labels only; gas labels not used for target domain loss,target validation labels,80,3.5122149711241946e-05,0.0,24,24,0,0,10,20,130,1.0,1.0,0.9153846153846154,1.0,1.0,0.9153846153846155,1.0,1.0,0.9151385674440685,0.08461538461538465,0.3235294117647059,candidate
D3_uda_day1_val_day2_3,Source labels = all Period I; target domain = Day1 unlabeled; validation = Day2-3 labels; test = Day4-19 labels.,binary_without_air,DANN-UDA,0.5,7,source labels only,source/target domain labels only; gas labels not used for target domain loss,target validation labels,370,8.543295280105667e-07,0.6061484217643738,24,24,0,0,10,20,130,1.0,1.0,0.9615384615384616,1.0,1.0,0.9615384615384616,1.0,1.0,0.9615179681487183,0.038461538461538436,0.7058823529411765,best in split
D4_semi_day1_val_day2_3,Source labels = all Period I; target Day1 is available for domain loss and optional label-supervised calibration; validation = Day2-3; test = Day4-19.,three_class_with_air,MLP source only,0.0,7,source labels only,source/target domain labels only; gas labels not used for target domain loss,target validation labels,20,0.0001474184828111902,0.0,30,30,0,16,16,26,185,0.9,0.8076923076923077,0.7027027027027027,0.9166666666666666,0.8333333333333334,0.7104895104895105,0.8944099378881987,0.8157136980666393,0.7069826214135158,0.19729729729729728,0.41304347826086957,candidate
D4_semi_day1_val_day2_3,Source labels = all Period I; target Day1 is available for domain loss and optional label-supervised calibration; validation = Day2-3; test = Day4-19.,three_class_with_air,DANN-UDA,0.2,23,source labels only,source/target domain labels only; gas labels not used for target domain loss,target validation labels,220,0.08889953047037125,0.6782187819480896,30,30,0,16,16,26,185,1.0,0.9615384615384616,0.8648648648648649,1.0,0.9666666666666667,0.8680652680652682,1.0,0.9568151147098516,0.8655619905619906,0.1351351351351351,0.6521739130434783,candidate
D4_semi_day1_val_day2_3,Source labels = all Period I; target Day1 is available for domain loss and optional label-supervised calibration; validation = Day2-3; test = Day4-19.,three_class_with_air,MLP source + target labels,0.0,23,source labels + selected target labels,source/target domain labels only; gas labels not used for target domain loss,target validation labels,20,0.0005193086108192801,0.0,46,30,0,16,16,26,185,0.9130434782608695,0.9615384615384616,0.8486486486486486,0.9215686274509803,0.9666666666666667,0.8536130536130536,0.9111952861952862,0.9568151147098516,0.8488703182893621,0.06439482961222087,0.6304347826086957,candidate
D4_semi_day1_val_day2_3,Source labels = all Period I; target Day1 is available for domain loss and optional label-supervised calibration; validation = Day2-3; test = Day4-19.,three_class_with_air,DANN-semi,0.2,23,source labels + selected target labels,source/target domain labels only; gas labels not used for target domain loss,target validation labels,120,5.8232195442542434e-05,0.6655561923980713,46,30,0,16,16,26,185,1.0,1.0,0.8702702702702703,1.0,1.0,0.8722610722610723,1.0,1.0,0.8717424999954465,0.12972972972972974,0.6521739130434783,best in split
D4_semi_day1_val_day2_3,Source labels = all Period I; target Day1 is available for domain loss and optional label-supervised calibration; validation = Day2-3; test = Day4-19.,binary_without_air,MLP source only,0.0,7,source labels only,source/target domain labels only; gas labels not used for target domain loss,target validation labels,80,3.5122149711241946e-05,0.0,24,24,0,10,10,20,130,1.0,1.0,0.9153846153846154,1.0,1.0,0.9153846153846155,1.0,1.0,0.9151385674440685,0.08461538461538465,0.3235294117647059,candidate
D4_semi_day1_val_day2_3,Source labels = all Period I; target Day1 is available for domain loss and optional label-supervised calibration; validation = Day2-3; test = Day4-19.,binary_without_air,DANN-UDA,0.5,7,source labels only,source/target domain labels only; gas labels not used for target domain loss,target validation labels,370,8.543295280105667e-07,0.6061484217643738,24,24,0,10,10,20,130,1.0,1.0,0.9615384615384616,1.0,1.0,0.9615384615384616,1.0,1.0,0.9615179681487183,0.038461538461538436,0.7058823529411765,best in split
D4_semi_day1_val_day2_3,Source labels = all Period I; target Day1 is available for domain loss and optional label-supervised calibration; validation = Day2-3; test = Day4-19.,binary_without_air,MLP source + target labels,0.0,11,source labels + selected target labels,source/target domain labels only; gas labels not used for target domain loss,target validation labels,120,1.608201455383096e-05,0.0,34,24,0,10,10,20,130,1.0,1.0,0.9307692307692308,1.0,1.0,0.9307692307692308,1.0,1.0,0.9306666666666668,0.0692307692307692,0.38235294117647056,candidate
D4_semi_day1_val_day2_3,Source labels = all Period I; target Day1 is available for domain loss and optional label-supervised calibration; validation = Day2-3; test = Day4-19.,binary_without_air,DANN-semi,0.2,7,source labels + selected target labels,source/target domain labels only; gas labels not used for target domain loss,target validation labels,190,1.7530773277485423e-08,0.6088157892227173,34,24,0,10,10,20,130,1.0,1.0,0.9153846153846154,1.0,1.0,0.9153846153846155,1.0,1.0,0.9151385674440685,0.08461538461538465,0.7058823529411765,candidate
D5_semi_day1_2_val_day3_5,Source labels = all Period I; target Day1-2 available for domain loss and optional label-supervised calibration; validation = Day3-5; test = Day6-19.,three_class_with_air,MLP source only,0.0,23,source labels only,source/target domain labels only; gas labels not used for target domain loss,target validation labels,20,2.4415738153038546e-05,0.0,30,30,0,28,28,40,159,0.8666666666666667,0.825,0.6855345911949685,0.8888888888888888,0.8444444444444444,0.6925170068027211,0.8582345191040844,0.8239858906525573,0.6816263542454019,0.18113207547169818,0.4482758620689655,candidate
D5_semi_day1_2_val_day3_5,Source labels = all Period I; target Day1-2 available for domain loss and optional label-supervised calibration; validation = Day3-5; test = Day6-19.,three_class_with_air,DANN-UDA,0.05,11,source labels only,source/target domain labels only; gas labels not used for target domain loss,target validation labels,210,0.0001985559065360576,0.6824901700019836,30,30,0,28,28,40,159,1.0,0.9,0.8679245283018868,1.0,0.9,0.8660482374768089,1.0,0.9063067150635208,0.8668842107289652,0.13207547169811318,0.6206896551724138,candidate
D5_semi_day1_2_val_day3_5,Source labels = all Period I; target Day1-2 available for domain loss and optional label-supervised calibration; validation = Day3-5; test = Day6-19.,three_class_with_air,MLP source + target labels,0.0,23,source labels + selected target labels,source/target domain labels only; gas labels not used for target domain loss,target validation labels,30,0.002166230231523514,0.0,58,30,0,28,28,40,159,1.0,0.925,0.8364779874213837,1.0,0.9333333333333332,0.8379715522572665,1.0,0.9326599326599326,0.8338275481132623,0.16352201257861632,0.5689655172413793,candidate; domain near-invariant
D5_semi_day1_2_val_day3_5,Source labels = all Period I; target Day1-2 available for domain loss and optional label-supervised calibration; validation = Day3-5; test = Day6-19.,three_class_with_air,DANN-semi,0.5,11,source labels + selected target labels,source/target domain labels only; gas labels not used for target domain loss,target validation labels,400,0.014036357402801514,0.6784947514533997,58,30,0,28,28,40,159,1.0,0.95,0.9245283018867925,1.0,0.9555555555555556,0.92430426716141,1.0,0.9553571428571429,0.9252770534550195,0.07547169811320753,0.5344827586206896,best in split; domain near-invariant
D5_semi_day1_2_val_day3_5,Source labels = all Period I; target Day1-2 available for domain loss and optional label-supervised calibration; validation = Day3-5; test = Day6-19.,binary_without_air,MLP source only,0.0,7,source labels only,source/target domain labels only; gas labels not used for target domain loss,target validation labels,100,4.42330892838072e-05,0.0,24,24,0,20,20,30,110,1.0,0.8666666666666667,0.9363636363636364,1.0,0.8666666666666667,0.9363636363636363,1.0,0.8660714285714285,0.9362318840579711,0.0636363636363636,0.5,best in split; domain near-invariant
D5_semi_day1_2_val_day3_5,Source labels = all Period I; target Day1-2 available for domain loss and optional label-supervised calibration; validation = Day3-5; test = Day6-19.,binary_without_air,DANN-UDA,0.2,7,source labels only,source/target domain labels only; gas labels not used for target domain loss,target validation labels,90,9.934106870446158e-09,0.6890092492103577,24,24,0,20,20,30,110,1.0,0.9333333333333333,0.9363636363636364,1.0,0.9333333333333333,0.9363636363636363,1.0,0.9333333333333333,0.9362318840579711,0.0636363636363636,0.3409090909090909,best in split
D5_semi_day1_2_val_day3_5,Source labels = all Period I; target Day1-2 available for domain loss and optional label-supervised calibration; validation = Day3-5; test = Day6-19.,binary_without_air,MLP source + target labels,0.0,7,source labels + selected target labels,source/target domain labels only; gas labels not used for target domain loss,target validation labels,30,0.0003106167132500559,0.0,44,24,0,20,20,30,110,1.0,0.9333333333333333,0.9272727272727272,1.0,0.9333333333333333,0.9272727272727272,1.0,0.9330357142857143,0.9270557029177718,0.07272727272727275,0.38636363636363635,candidate
D5_semi_day1_2_val_day3_5,Source labels = all Period I; target Day1-2 available for domain loss and optional label-supervised calibration; validation = Day3-5; test = Day6-19.,binary_without_air,DANN-semi,0.05,23,source labels + selected target labels,source/target domain labels only; gas labels not used for target domain loss,target validation labels,220,4.987647571397247e-06,0.6020548939704895,44,24,0,20,20,30,110,1.0,0.9666666666666667,0.9181818181818182,1.0,0.9666666666666667,0.9181818181818182,1.0,0.9666295884315907,0.917849141150112,0.08181818181818179,0.5909090909090909,candidate; domain near-invariant
D6_semi_day12_val_day13_14,Source labels = all Period I; target Day12 available for domain loss and optional label-supervised calibration; validation = Day13-14; test = Day15-19.,three_class_with_air,MLP source only,0.0,23,source labels only,source/target domain labels only; gas labels not used for target domain loss,target validation labels,30,0.0010698647238314152,0.0,30,30,0,9,9,24,52,1.0,0.7916666666666666,0.6730769230769231,1.0,0.75,0.6721132897603486,1.0,0.7436507936507937,0.6753740970072241,0.32692307692307687,0.38461538461538464,candidate; high train-test gap
D6_semi_day12_val_day13_14,Source labels = all Period I; target Day12 available for domain loss and optional label-supervised calibration; validation = Day13-14; test = Day15-19.,three_class_with_air,DANN-UDA,0.2,23,source labels only,source/target domain labels only; gas labels not used for target domain loss,target validation labels,400,0.004535849206149578,0.5262659192085266,30,30,0,9,9,24,52,1.0,0.9166666666666666,0.8461538461538461,1.0,0.9166666666666666,0.8485838779956426,1.0,0.9075851684547337,0.8458333333333333,0.15384615384615385,0.7692307692307693,candidate; domain still separable
D6_semi_day12_val_day13_14,Source labels = all Period I; target Day12 available for domain loss and optional label-supervised calibration; validation = Day13-14; test = Day15-19.,three_class_with_air,MLP source + target labels,0.0,7,source labels + selected target labels,source/target domain labels only; gas labels not used for target domain loss,target validation labels,330,5.53859026695136e-05,0.0,39,30,0,9,9,24,52,1.0,0.875,0.6730769230769231,1.0,0.8333333333333334,0.6699346405228758,1.0,0.8321678321678321,0.649595502536679,0.32692307692307687,0.23076923076923078,candidate; high train-test gap
D6_semi_day12_val_day13_14,Source labels = all Period I; target Day12 available for domain loss and optional label-supervised calibration; validation = Day13-14; test = Day15-19.,three_class_with_air,DANN-semi,0.2,23,source labels + selected target labels,source/target domain labels only; gas labels not used for target domain loss,target validation labels,240,2.035198667726945e-05,0.44290298223495483,39,30,0,9,9,24,52,1.0,0.9583333333333334,0.9230769230769231,1.0,0.9444444444444445,0.9226579520697168,1.0,0.9440559440559441,0.9221963899383253,0.07692307692307687,0.8205128205128205,best in split; domain still separable
D6_semi_day12_val_day13_14,Source labels = all Period I; target Day12 available for domain loss and optional label-supervised calibration; validation = Day13-14; test = Day15-19.,binary_without_air,MLP source only,0.0,7,source labels only,source/target domain labels only; gas labels not used for target domain loss,target validation labels,180,2.1854848455404863e-06,0.0,24,24,0,4,4,12,34,1.0,0.9166666666666666,0.9117647058823529,1.0,0.9166666666666667,0.9117647058823529,1.0,0.916083916083916,0.9110723626852659,0.08823529411764708,0.17857142857142858,candidate
D6_semi_day12_val_day13_14,Source labels = all Period I; target Day12 available for domain loss and optional label-supervised calibration; validation = Day13-14; test = Day15-19.,binary_without_air,DANN-UDA,0.2,23,source labels only,source/target domain labels only; gas labels not used for target domain loss,target validation labels,190,0.0,0.3881010115146637,24,24,0,4,4,12,34,1.0,1.0,1.0,1.0,1.0,1.0,1.0,1.0,1.0,0.0,0.75,best in split
D6_semi_day12_val_day13_14,Source labels = all Period I; target Day12 available for domain loss and optional label-supervised calibration; validation = Day13-14; test = Day15-19.,binary_without_air,MLP source + target labels,0.0,23,source labels + selected target labels,source/target domain labels only; gas labels not used for target domain loss,target validation labels,290,9.749182027007919e-06,0.0,28,24,0,4,4,12,34,1.0,0.9166666666666666,0.9117647058823529,1.0,0.9166666666666667,0.9117647058823529,1.0,0.916083916083916,0.9110723626852659,0.08823529411764708,0.5714285714285714,candidate; domain near-invariant
D6_semi_day12_val_day13_14,Source labels = all Period I; target Day12 available for domain loss and optional label-supervised calibration; validation = Day13-14; test = Day15-19.,binary_without_air,DANN-semi,0.05,7,source labels + selected target labels,source/target domain labels only; gas labels not used for target domain loss,target validation labels,140,1.7881383485018887e-07,0.4079959988594055,28,24,0,4,4,12,34,1.0,0.9166666666666666,0.9705882352941176,1.0,0.9166666666666667,0.9705882352941176,1.0,0.916083916083916,0.9705627705627706,0.02941176470588236,0.8571428571428571,candidate; domain still separable
