period,day,day_num,label,file,s1_exp_mean,s1_exp_absmax,s1_exp_span,s1_exp_tail,s1_exp_auc_abs,s1_rec_mean,s1_rec_tail,s1_rec_slope,s1_overall_std,s2_exp_mean,s2_exp_absmax,s2_exp_span,s2_exp_tail,s2_exp_auc_abs,s2_rec_mean,s2_rec_tail,s2_rec_slope,s2_overall_std,s3_exp_mean,s3_exp_absmax,s3_exp_span,s3_exp_tail,s3_exp_auc_abs,s3_rec_mean,s3_rec_tail,s3_rec_slope,s3_overall_std,s4_exp_mean,s4_exp_absmax,s4_exp_span,s4_exp_tail,s4_exp_auc_abs,s4_rec_mean,s4_rec_tail,s4_rec_slope,s4_overall_std,s5_exp_mean,s5_exp_absmax,s5_exp_span,s5_exp_tail,s5_exp_auc_abs,s5_rec_mean,s5_rec_tail,s5_rec_slope,s5_overall_std,s6_exp_mean,s6_exp_absmax,s6_exp_span,s6_exp_tail,s6_exp_auc_abs,s6_rec_mean,s6_rec_tail,s6_rec_slope,s6_overall_std
Period_I,Day1,1,alcohol,alcohol_o1.csv,0.037637130801687756,0.04,0.04,0.034666666666666665,0.037637130801687756,0.04212244897959184,0.038064516129032264,-0.00022854529571148248,0.020314895065332534,0.01771778499682611,0.02654867256637168,0.017699115044247787,0.016076696165191744,0.01771778499682611,0.020877731623622896,0.01605766485869255,-0.00016988842653235234,0.009376109990146611,0.00986996323438695,0.017543859649122806,0.017543859649122806,0.00760233918128655,0.00986996323438695,0.010502446592672156,0.005376344086021505,-0.00018375329450176953,0.005585047879330453,0.017190185966557275,0.030864197530864196,0.030864197530864196,0.016769547325102878,0.017190185966557275,0.022121441169060212,0.015033851055356434,-0.0002320346669424285,0.010331502120427901,0.006329113924050633,0.03333333333333333,0.03333333333333333,0.0077777777777777776,0.006329113924050633,0.017823129251700678,-0.0005376344086021505,-0.0009929641994570562,0.018384218877049933,-0.005370157268891446,0.09090909090909091,0.09090909090909091,-0.006060606060606061,0.005370157268891446,-0.001484230055658627,-0.002932551319648094,-4.333533081661112e-05,0.019023807917743423
Period_I,Day1,1,alcohol,alcohol_o2.csv,0.025485232067510546,0.08,0.08,0.014000000000000002,0.025485232067510546,0.0013061224489795918,0.0,1.1853009545769186e-05,0.017605129795941143,0.012151898734177215,0.02666666666666667,0.02666666666666667,0.007777777777777777,0.012151898734177215,0.0012879818594104307,-0.004516129032258064,-9.464769552820979e-05,0.008192419338521634,0.010201042442293374,0.01764705882352941,0.01764705882352941,0.00656862745098039,0.010201042442293374,0.0020888355342136853,-0.0037001897533206836,-0.00014199809985900678,0.005618163211695072,0.020833333333333332,0.0375,0.04375,0.025937499999999995,0.021360759493670885,0.013061224489795919,0.002016129032258064,-0.0003634236051617136,0.012726435844070204,0.0528153644696639,0.10344827586206896,0.10344827586206896,0.03505747126436782,0.0528153644696639,0.025334271639690365,0.004449388209121246,-0.0005403111729761905,0.025140571979846222,-0.01649405446873801,0.09090909090909091,0.09090909090909091,-0.013636363636363636,0.01649405446873801,-0.01484230055658627,-0.013196480938416423,-3.514628094797008e-06,0.0359982778047145
Period_I,Day1,1,alcohol,alcohol_o3.csv,0.0035161744022503515,0.041666666666666664,0.08333333333333333,0.0006944444444444444,0.005625879043600563,0.001530612244897959,0.0,-5.6892283939118254e-05,0.015223989216750127,-0.00250109781010749,0.00904977375565611,0.013574660633484163,0.00015082956259426848,0.0032266070985356166,-0.0008865084495336591,-0.005838563713326523,-0.00017601600052339706,0.004547530759962003,0.0023244649940625073,0.005988023952095809,0.005988023952095809,0.0054890219560878245,0.0023244649940625073,0.004546010020774777,0.0018350395982229093,-0.00010228225823557487,0.0034577255441413167,-0.00559934187830056,0.012578616352201259,0.01886792452830189,-0.002830188679245283,0.005864713531300586,-0.00834295982543961,-0.015621829985798337,-0.00026814589148720525,0.006403728069697256,0.01868595539481615,0.07142857142857142,0.07142857142857142,0.0363095238095238,0.01868595539481615,0.018804664723032063,0.001728110599078341,-0.0007611705641185735,0.020765935045413283,0.010126582278481013,0.1,0.1,0.008333333333333333,0.010126582278481013,0.015918367346938776,0.00967741935483871,-0.0002782425189903899,0.031617240184377136
Period_I,Day1,1,acetone,acetone_o1.csv,0.01094409282700422,0.0625,0.0625,0.004166666666666667,0.01094409282700422,0.00025510204081632655,0.0,-2.868163250272656e-05,0.011177381997538007,-0.0015183480373353792,0.015151515151515152,0.022727272727272728,-0.005176767676767676,0.003468226569492392,-0.010157699443413729,-0.00867546432062561,-5.8406728170371605e-05,0.005472314672781783,0.002132888208837576,0.01098901098901099,0.016483516483516484,0.0007326007326007327,0.0031065980433069044,-0.0004709576138147568,8.862105636299186e-05,-6.640774269191227e-05,0.0036615330958582755,0.01478764935525849,0.0794392523364486,0.08411214953271028,0.0031152647975077876,0.015221420403012735,-0.015391951172992562,-0.02185709978896593,-0.0003365637468321928,0.018176831668962647,0.050030138637733576,0.38095238095238093,0.38095238095238093,0.023015873015873007,0.050030138637733576,0.001943634596695821,-0.0030721966205837174,-0.00027902504679518943,0.04601626673282039,-0.008087201125175808,0.08333333333333333,0.08333333333333333,-0.0013888888888888887,0.008087201125175808,-0.005442176870748299,-0.005376344086021505,-6.73594946515634e-05,0.03226234119260912
Period_I,Day1,1,acetone,acetone_o2.csv,0.009423347398030942,0.03333333333333333,0.03333333333333333,0.0,0.009423347398030942,-0.001897018970189702,0.0,-5.57779068928043e-05,0.01211999546713846,0.0030186287753706576,0.011857707509881422,0.01976284584980237,-0.003952569169960474,0.005019929620920264,-0.006844692952858381,-0.007140124952186661,-4.787024380020103e-05,0.005579456395416641,0.0014614713716615986,0.00558659217877095,0.0111731843575419,-0.0029795158286778397,0.002970086981118733,-0.005291365762819639,-0.005676698504234997,-3.964158011844244e-05,0.004216235591347882,0.005093125346289903,0.020202020202020204,0.025252525252525256,0.0007575757575757576,0.005860290670417253,-0.010963291451096329,-0.017350928641251224,-0.0002926147448562248,0.008951188987789687,0.03007681488694147,0.10256410256410256,0.10256410256410256,0.02179487179487179,0.03007681488694147,0.020637898686679177,-0.008271298593879239,-0.0015424376781898162,0.039497994735637657,0.03413885692366705,0.09090909090909091,0.09090909090909091,0.028787878787878786,0.03413885692366705,0.023281596452328163,0.026392961876832842,0.00018379522163328122,0.04120419808963867
Period_I,Day1,1,acetone,acetone_o3.csv,0.07434890149861778,0.2413793103448276,0.2413793103448276,0.15057471264367814,0.07434890149861778,0.07811400422237859,0.034482758620689655,-0.0027266543933078748,0.06155355400601759,0.03681774874098272,0.10483870967741936,0.10080645161290323,0.06955645161290322,0.03681774874098272,0.033229098090849236,0.010796045785639957,-0.001407967766457346,0.02808708650953826,0.008127157652474109,0.011363636363636364,0.011363636363636364,0.010227272727272729,0.008127157652474109,0.009021335807050094,0.0070564516129032265,-0.00012013831238412805,0.006658006002705839,0.03402176326893182,0.07894736842105263,0.08421052631578947,0.05078947368421053,0.034332667110815014,0.026444683136412454,0.001697792869269949,-0.0013320405919965013,0.023481068320604294,0.10622983370563414,0.35294117647058826,0.35294117647058826,0.11029411764705883,0.10622983370563414,0.06842737094837933,0.020398481973434527,-0.0030200362529600594,0.07569995074951148,0.0,0.0,0.0,0.0,0.0,0.0,0.0,0.0,0.006761786297696772
Period_I,Day2,2,alcohol,alcohol_o4.csv,0.028571428571428574,0.02857142857142857,0.0,0.028571428571428567,0.028571428571428574,0.03137026239067056,0.028571428571428564,-0.0001658055695877428,0.01774795793581221,0.01246929907424901,0.014925373134328358,0.00373134328358209,0.014800995024875623,0.01246929907424901,0.016113310996040204,0.014985556090515169,-5.206739474699122e-05,0.006944747549825507,0.00769421692727724,0.0106951871657754,0.0053475935828877,0.010695187165775404,0.00769421692727724,0.011109898504856486,0.010695187165775404,-3.0292414694153183e-05,0.004924024358444318,0.027255103204470294,0.036036036036036036,0.02252252252252252,0.03378378378378378,0.027255103204470294,0.030740945026659316,0.029279279279279275,-0.00016442977729054064,0.014617578620951505,0.04867757538334876,0.07317073170731707,0.048780487804878044,0.05731707317073172,0.04867757538334876,0.05176704828272774,0.04878048780487805,-0.00037670988234643027,0.023437003080424297,0.0,0.0,0.0,0.0,0.0,0.0,0.0,0.0,0.0
Period_I,Day2,2,alcohol,alcohol_o5.csv,0.054171770790798955,0.25806451612903225,0.25806451612903225,0.024193548387096774,0.054171770790798955,0.0015735641227380016,0.0,-0.00012571384150021433,0.034149044125815625,0.0015719367915942753,0.03529411764705882,0.043137254901960784,-0.006013071895424836,0.005774799371225284,-0.0033636218715128326,-0.0018342820999367488,7.891513741890575e-05,0.005605501383308999,0.0024806417211480497,0.02197802197802198,0.02197802197802198,0.0,0.0024806417211480497,0.0011167694094523363,0.001683800070896845,3.3526169232987735e-05,0.0029217951868738385,0.019349614286323147,0.030303030303030304,0.03535353535353535,0.016245791245791247,0.019690576652601967,0.01276997618461033,0.012544802867383511,-5.029058984840403e-05,0.00886936908725676,0.12646172393007835,0.5142857142857142,0.5428571428571428,0.08333333333333331,0.1286317058468957,0.011962833914053428,0.0,-0.0008779046666951535,0.07433754635908994,-0.0038677918424753865,0.08333333333333333,0.08333333333333333,0.0,0.0038677918424753865,-0.0023712737127371273,-0.0026881720430107525,-3.963275046904653e-05,0.024530211751638973
Period_I,Day2,2,alcohol,alcohol_o6.csv,0.03566081393766162,0.1935483870967742,0.1935483870967742,0.026344086021505373,0.03566081393766162,0.017178075006556513,0.01716961498439126,-0.00018199804681881329,0.02294869169771022,0.0024654587573425995,0.03137254901960784,0.03529411764705882,0.00045751633986928104,0.002697112600314387,0.0018810776343057545,0.003921568627450979,7.350651535317803e-05,0.003697033593954638,0.0005764220331557954,0.01639344262295082,0.02185792349726776,0.0,0.0008069908464181136,0.0,0.0,0.0,0.002409418326474131,0.020194386716207987,0.029850746268656716,0.029850746268656716,0.025207296849087894,0.020194386716207987,0.01611859402176111,0.01243781094527363,-0.00023871552153395756,0.010498945897533628,0.08462929475587704,0.37142857142857144,0.37142857142857144,0.07761904761904762,0.08462929475587704,0.0380952380952381,0.028571428571428564,-0.0007473306941655179,0.04622562822681231,-0.0028129395218002813,0.08333333333333333,0.08333333333333333,-0.0013888888888888887,0.0028129395218002813,-0.003726287262872628,-0.004032258064516129,-0.00013878403368973867,0.022499892832392242
Period_I,Day2,2,acetone,acetone_o4.csv,0.260548523206751,1.4642857142857142,1.4285714285714284,0.5875,0.260548523206751,0.147212543554007,0.10771889400921654,-0.0023125765859843815,0.19751452835208702,0.10756867482535847,0.43568464730290457,0.4107883817427386,0.22538035961272473,0.10756867482535847,0.06439968964004991,0.04698166242805512,-0.0011074749848964153,0.07301391613681298,0.026254102203469288,0.05555555555555555,0.04444444444444444,0.035370370370370365,0.026254102203469288,0.022289972899728994,0.020250896057347662,-6.985616121949945e-05,0.012897927595389352,0.13039056583360378,0.5230769230769231,0.49743589743589745,0.31042735042735037,0.13039056583360378,0.10587867417135712,0.06600496277915632,-0.002292223081359335,0.09859205186838217,0.41864451476793246,3.375,3.3125,1.171875,0.41864451476793246,0.12207825203252033,0.08618951612903226,-0.002361665214421918,0.4223758083547329,0.02416570771001151,0.09090909090909091,0.09090909090909091,0.07272727272727274,0.02416570771001151,0.043237250554323724,0.041055718475073305,-0.00014417218435976525,0.039437419348803474
Period_I,Day2,2,acetone,acetone_o5.csv,0.4267854352242538,1.037037037037037,1.037037037037037,0.35,0.4267854352242538,0.10052910052910051,0.041218637992831555,-0.00342723298565537,0.2054672972799717,0.167092153317023,0.31512605042016806,0.31932773109243695,0.13067226890756306,0.1674467255256533,0.03162407820270966,0.009081051775548925,-0.0015470822687515574,0.08396356084100895,0.019588430804044977,0.03910614525139665,0.03910614525139665,0.018994413407821226,0.019588430804044977,0.011355603693991563,0.008650207244548572,-0.00012741285842960193,0.008071752552291924,0.21487228347171175,0.27956989247311825,0.27956989247311825,0.21379928315412186,0.21487228347171175,0.08297125301733593,0.036507110648629895,-0.0027688438567145483,0.0984154777971953,0.6059071729957807,1.4666666666666666,1.4666666666666666,0.5844444444444444,0.6059071729957807,0.11850340136054426,0.03548387096774192,-0.005808971649864832,0.30329265753416496,0.01611047180667434,0.09090909090909091,0.09090909090909091,0.02727272727272727,0.01611047180667434,0.010018552875695733,0.00439882697947214,-0.00032321354184913027,0.027120338245117427
Period_I,Day2,2,acetone,acetone_o6.csv,0.2120253164556962,0.4642857142857143,0.5,0.24226190476190468,0.21292947558770348,0.03790087463556852,0.0,-0.0024342929355038105,0.11445639275850195,0.10848136723043647,0.18067226890756302,0.1764705882352941,0.12044817927170864,0.10848136723043647,0.021540044589264274,0.005082678232583354,-0.001101018159741705,0.052704201530936134,0.011314617070928505,0.01675977653631285,0.01675977653631285,0.012383612662942271,0.011314617070928505,0.004150039904229848,0.0004505316273202379,-0.00016485308202574727,0.005182246203850211,0.14285393661908613,0.2074468085106383,0.2074468085106383,0.1681737588652482,0.14285393661908613,0.05217108119843682,0.014927934111187369,-0.0022027317762183564,0.06935485059919677,0.5023909985935302,0.9333333333333333,0.9333333333333333,0.4705555555555556,0.5023909985935302,0.10013605442176876,0.03333333333333333,-0.004753341374357548,0.24717713611532058,0.022247794399693138,0.09090909090909091,0.09090909090909091,0.03787878787878788,0.022247794399693138,0.00816326530612245,0.0,-0.0005940195944848028,0.02858734658958165
Period_I,Day2,2,alcohol,alcohol_o7.csv,0.030942334739803085,0.06060606060606061,0.06060606060606061,0.024747474747474747,0.030942334739803085,0.011750154607297463,0.013685239491691103,-0.00016355766401250784,0.017315935669835664,0.0014009757383966245,0.0078125,0.0078125,0.000390625,0.0014009757383966245,0.004480229591836735,0.006678427419354839,6.659710013816268e-05,0.0029651254265980003,0.0051219567228502445,0.0106951871657754,0.0106951871657754,0.005080213903743317,0.0051219567228502445,0.006002400960384152,0.006210108676901848,-1.915014747912916e-05,0.002853652652803312,0.016580495632019965,0.023474178403755867,0.023474178403755867,0.017918622848200314,0.016580495632019965,0.016192392449937722,0.015296077540511889,-4.730845556534375e-05,0.009217134019727714,0.10173464603844351,0.19444444444444445,0.16666666666666669,0.08240740740740739,0.10173464603844351,0.0370748299319728,0.033602150537634407,-0.00047044806430269223,0.0444298979300421,0.04289732770745428,0.08333333333333333,0.08333333333333333,0.044444444444444446,0.04289732770745428,0.04217687074829932,0.033602150537634407,-0.0003585388477948094,0.0414143930164623
Period_I,Day2,2,alcohol,alcohol_o8.csv,0.02345495160089352,0.058823529411764705,0.058823529411764705,0.02401960784313725,0.02345495160089352,0.0027611044417767106,0.0014231499051233396,-0.0001769341709413717,0.013938971991784059,0.0014499128423179056,0.007722007722007722,0.011583011583011584,0.0005791505791505791,0.0017105713308244953,0.0007091639744700966,0.003238261302777432,9.642573763711e-05,0.0023646017696811925,0.002589690353403433,0.005291005291005291,0.005291005291005291,0.003527336860670194,0.002589690353403433,0.002634704675521002,0.0033282130056323605,2.9987391200261833e-06,0.0026605027537172565,0.006801148295859583,0.0136986301369863,0.0136986301369863,0.00821917808219178,0.006801148295859583,0.006728170720342932,0.006554720871998821,-8.352476658266848e-06,0.004453449475250417,0.05818343326671107,0.13157894736842105,0.13157894736842105,0.06447368421052632,0.05818343326671107,0.024274973147153593,0.021222410865874373,-0.00032712649406729577,0.028128843829236947,-0.014930217461863033,0.07692307692307693,0.07692307692307693,-0.008974358974358975,0.014930217461863033,-0.015698587127158554,-0.01240694789081886,-3.4714295195374923e-06,0.033199870601472455
Period_I,Day2,2,alcohol,alcohol_o9.csv,0.09563994374120957,0.2222222222222222,0.25,0.07314814814814814,0.09681200187529301,-0.010544217687074833,-0.030017921146953404,-0.001252206290378265,0.0573649357694177,0.003616636528028933,0.022556390977443608,0.03007518796992481,-0.002819548872180451,0.005932552901240442,-0.01439312567132116,-0.018918263400436577,-0.000222826255607682,0.00922683642764158,0.001502198069233658,0.005235602094240838,0.010471204188481676,-8.726003490401397e-05,0.002032385623080831,-0.0071375146917405695,-0.010471204188481676,-0.00015248931517891797,0.004562709780763346,0.011295321309883873,0.02654867256637168,0.035398230088495575,0.007079646017699116,0.012415518464583102,-0.01350912046234423,-0.022480730802169568,-0.0004673740752092429,0.012513197124229445,0.16761603375527426,0.325,0.35000000000000003,0.12375000000000001,0.1699367088607595,-0.01408163265306122,-0.04838709677419353,-0.0019716209154499115,0.09858096418242367,0.0,0.0,0.0,0.0,0.0,-0.0003139717425431711,-0.0012406947890818859,-2.9974633691308907e-05,0.002866751044607738
Period_I,Day2,2,acetone,acetone_o7.csv,0.03103307472437729,0.0967741935483871,0.0967741935483871,0.01129032258064516,0.03103307472437729,-0.0057932850559578655,-0.019771071800208113,-0.0004010985928820836,0.02260973619534361,0.01086201345466253,0.040160642570281124,0.04417670682730924,0.001539491298527443,0.010997576805110737,-0.00773707073190722,-0.011529990931467811,-0.0001584989829436784,0.009985416379414738,0.00027221995372260786,0.005376344086021506,0.010752688172043012,-0.0003584229390681004,0.0008166598611678235,-0.00621022602589423,-0.009191814082552896,-8.286514577112362e-05,0.004508373941111713,0.014818891538759451,0.033816425120772944,0.043478260869565216,0.004911433172302737,0.015430400130455164,-0.01441388149462684,-0.02392083528128409,-0.00039553595734798883,0.01403421079591698,0.05726341169379145,0.22857142857142856,0.2571428571428571,0.015714285714285715,0.05846895720313442,-0.024956268221574342,-0.03870967741935482,-0.0006645109077773648,0.04471411257794195,0.0035161744022503515,0.08333333333333333,0.08333333333333333,0.004166666666666667,0.0035161744022503515,0.0003401360544217687,0.0,-1.959115718261184e-05,0.013366437870503938
Period_I,Day2,2,acetone,acetone_o8.csv,0.09922886657936852,0.3103448275862069,0.3103448275862069,0.07471264367816091,0.09922886657936852,0.03771991555242786,0.012235817575083423,-0.0013823323266933221,0.05035921534881417,0.03752322411487906,0.0823045267489712,0.08641975308641975,0.024211248285322357,0.037905228247469225,0.007306626354245401,-0.0021903624054161693,-0.0006408074440317563,0.02297236911056227,0.0015678679301837635,0.00546448087431694,0.01092896174863388,0.0007285974499089253,0.001982891794055936,-0.0013828482212557157,-0.005111933721135202,-0.00013448278809453004,0.003565951394942376,0.05253914198205145,0.09137055837563451,0.09644670050761421,0.04297800338409476,0.05292467176422712,0.013218688490624674,-0.0023743245456034055,-0.000846852381277987,0.026686566535278653,0.16811708860759494,0.71875,0.71875,0.125,0.16811708860759494,0.028826530612244897,0.0,-0.0018649176613887712,0.1006475962361116,0.0,0.0,0.0,0.0,0.0,0.0,0.0,0.0,0.0
Period_I,Day2,2,acetone,acetone_o9.csv,0.3227120616906736,0.896551724137931,0.896551724137931,0.23333333333333336,0.3227120616906736,0.05840957072484165,0.0,-0.003318128543075398,0.171243623317018,0.12927849852058057,0.26556016597510373,0.2697095435684647,0.0966113416320885,0.12955862527793827,0.022897789821322727,-0.00046847811537946725,-0.0014327999446959263,0.06762932166811934,0.006282746789075903,0.02197802197802198,0.027472527472527476,0.0020146520146520144,0.006792785273797934,-0.0017941242431038344,-0.006114852889046436,-0.00015772877563849797,0.005926802092324515,0.16018608676836524,0.2717948717948718,0.28717948717948716,0.12811965811965811,0.16152764254030078,0.03585557299843014,-0.002894954507857734,-0.0021218013916216288,0.08222488896315625,0.5003955696202531,1.90625,1.9375,0.32760416666666664,0.5025052742616034,0.048214285714285716,-0.03024193548387097,-0.004902564610114833,0.2975079236774433,-0.0007032348804500703,0.08333333333333333,0.08333333333333333,0.0,0.0007032348804500703,-0.0010204081632653062,-0.0013440860215053762,-3.462025949702804e-05,0.00874117182891275
Period_I,Day3,3,alcohol,alcohol_o10.csv,0.12160337552742616,0.24,0.26,0.08366666666666665,0.1217721518987342,-0.006991869918699187,-0.019032258064516132,-0.0008857076428828158,0.06728118970153783,0.012250836607012946,0.02413793103448276,0.027586206896551724,0.007471264367816092,0.012396333478830202,-0.00407905803195963,-0.004226918798665184,-9.559762346327504e-05,0.00810686118722231,0.009488422864580053,0.014925373134328358,0.014925373134328358,0.009867330016583744,0.009488422864580053,0.005804311774461029,0.005777563793933556,-3.465772574948039e-05,0.004283488422846446,0.036407474382157926,0.04897959183673469,0.04897959183673469,0.03816326530612245,0.036407474382157926,0.015314418450306951,0.006056616194865042,-0.0005571460069202752,0.016876046854047456,0.20382330147248776,0.5102040816326531,0.5102040816326531,0.1629251700680272,0.20382330147248776,0.022316243570598974,-0.0003291639236339697,-0.0016668918207801496,0.10648431297672392,0.06088004822182035,0.07142857142857142,0.07142857142857142,0.06785714285714285,0.06088004822182035,0.05516840882694539,0.051843317972350235,-0.0002445321752788627,0.03468024673688782
Period_I,Day3,3,alcohol,alcohol_o11.csv,0.07705008255365986,0.17391304347826086,0.17391304347826086,0.08369565217391303,0.07705008255365986,0.01845607808340727,-0.002805049088359046,-0.001367068675377295,0.03950699965973697,0.011221833198671335,0.024822695035460994,0.024822695035460994,0.013652482269503545,0.011221833198671335,0.002793457808655377,-0.0018874399450926566,-0.0002561832924881385,0.005895638165613947,0.00244391527760371,0.01485148514851485,0.019801980198019802,0.003960396039603961,0.002819902243388896,0.0009900990099009901,-7.984669434685404e-05,-7.628577366474953e-05,0.0031763026594985705,0.01717776247726991,0.02510460251046025,0.029288702928870293,0.01813110181311018,0.017318997934431434,0.0057894287422081804,-0.004858955324605211,-0.0005290785658341276,0.009372718227741432,0.09112128557321125,0.2553191489361702,0.2553191489361702,0.06382978723404255,0.09112128557321125,0.021623968736430747,-0.0024021962937542897,-0.0016533786264651617,0.04936093143437566,0.039180229053646765,0.07142857142857142,0.07142857142857142,0.03214285714285714,0.039180229053646765,0.02419825072886297,0.024193548387096774,-3.105090667267838e-05,0.03478442002892851
Period_I,Day3,3,alcohol,alcohol_o12.csv,0.07088607594936709,0.13333333333333333,0.15555555555555556,0.06666666666666665,0.0720112517580872,0.0022583559168925034,-0.01899641577060931,-0.0011487699700338712,0.041031684200963855,0.007909501988717996,0.017921146953405017,0.02150537634408602,0.006093189964157705,0.008121228619391135,-0.0015444240463910008,-0.003526419239218407,-0.00013603208865043084,0.005315935683130419,0.004950495049504951,0.009900990099009901,0.009900990099009901,0.005363036303630364,0.004950495049504951,0.0037229332689366497,0.002714787607793037,-6.497239286546072e-05,0.002659309388533144,0.016680132866505073,0.02553191489361702,0.02978723404255319,0.01879432624113475,0.016787862465212317,0.006780833765784467,0.0008236101578586138,-0.0003118897019119304,0.008522155327851078,0.09668731483975224,0.2765957446808511,0.2978723404255319,0.07446808510638298,0.0977646108268247,0.004670472236637257,-0.01921757035003431,-0.001294655264323102,0.05685621433469866,-0.007594936708860761,0.06666666666666667,0.06666666666666667,-0.0033333333333333335,0.007594936708860761,-0.006233062330623306,-0.009677419354838712,-0.00010317917199900569,0.02740099399436609
Period_I,Day3,3,acetone,acetone_o10.csv,0.20345785736338376,0.6097560975609756,0.6341463414634146,0.14756097560975606,0.20469280642173512,0.010652065704330513,-0.019276160503540522,-0.0016888263867995358,0.11179956480082127,0.08459134239724955,0.17037037037037037,0.17407407407407408,0.06049382716049382,0.08490389123300515,0.005699168556311415,-0.003823178016726404,-0.0006332629560258449,0.04402226829423326,0.0037105358013697176,0.010050251256281407,0.010050251256281407,0.0009212730318257956,0.0037105358013697176,-0.001415239462619219,-0.005025125628140705,-0.00011650087554541244,0.0032159343966048923,0.12464060341286733,0.20353982300884957,0.21238938053097345,0.11430678466076698,0.12523804189537358,0.023966046595629405,-0.002212389380530974,-0.0015468637771144543,0.06128220092937458,0.4572902015939991,1.2666666666666666,1.2888888888888888,0.3729629629629629,0.45916549460853257,0.013151927437641724,-0.03333333333333333,-0.003187701837877401,0.25453385611565876,-0.0014064697609001409,0.06666666666666667,0.06666666666666667,0.0,0.0014064697609001409,-0.00272108843537415,-0.0064516129032258064,-0.00015823011569381047,0.019636364009779667
Period_I,Day3,3,acetone,acetone_o11.csv,0.21518987341772153,0.9230769230769231,0.9230769230769231,0.12393162393162391,0.21518987341772153,0.034432234432234435,0.02440033085194374,-0.0008172420432777424,0.12156737565606926,0.08443577297674566,0.24060150375939848,0.24436090225563908,0.04592731829573936,0.0847530217949938,0.011876630351388676,0.007700703371331554,-0.00033003194953017123,0.045812458938413576,0.003619696288204931,0.015228426395939087,0.02030456852791878,0.0030456852791878168,0.004048062712844568,0.00016575157981974515,0.0,-1.1868273556063334e-05,0.0036092016763434767,0.1398514615193692,0.2398190045248869,0.248868778280543,0.11576168929110103,0.14023330851327873,0.037325699510573455,0.017004816815063495,-0.0012721949079022741,0.06808863816054027,0.4794052642153908,2.619047619047619,2.642857142857143,0.34682539682539676,0.48061080972473386,0.04713313896987366,0.018817204301075266,-0.0020959535413174477,0.2929525102364773,0.06359252561784205,0.07142857142857142,0.07142857142857142,0.06785714285714285,0.06359252561784205,0.051603498542274036,0.03225806451612903,-0.000612795521399229,0.03378700430145453
Period_I,Day3,3,acetone,acetone_o12.csv,0.7104430379746836,1.525,1.525,0.4620833333333333,0.7104430379746836,0.08632653061224489,0.0008064516129032258,-0.005902386097989877,0.3823960879420888,0.23449876868539518,0.40892193308550184,0.40892193308550184,0.17750929368029741,0.23449876868539518,0.04146878082087854,0.011572130950953352,-0.0022271417854445846,0.1179528538072148,0.020261731885454815,0.03553299492385787,0.04060913705583757,0.015228426395939092,0.02043307845531067,0.00414378949549363,8.187326019322089e-05,-0.00021223705826914019,0.010474327564482242,0.31849072103356857,0.504424778761062,0.504424778761062,0.24402654867256637,0.31849072103356857,0.06913491060140871,0.021267485012846133,-0.0031033872542514974,0.15576468919755665,1.0320871357079775,3.511627906976744,3.511627906976744,0.6375968992248062,1.0320871357079775,0.0812529663028002,-0.0048762190547636895,-0.006714125837624963,0.6083815941663041,0.06720916214587098,0.07142857142857142,0.07142857142857142,0.0714285714285714,0.06720916214587098,0.06559766763848396,0.05414746543778801,-0.0003450460361376158,0.033504233436184146
Period_III,Day18,18,alcohol,alcohol_74.csv,0.28148328464784156,0.6346153846153846,0.6346153846153846,0.16185897435897437,0.28148328464784156,0.05321821036106751,0.01923076923076923,-0.002042463910260694,0.15137526849208963,0.020133710960830782,0.0365296803652968,0.0319634703196347,0.016514459665144598,0.020133710960830782,0.010716615413288604,0.008174988952717632,-0.00014459639477309877,0.00904675089210769,0.009259259259259259,0.018518518518518517,0.018518518518518517,0.007793209876543209,0.009259259259259259,0.0033824640967498104,0.0011947431302270011,-0.00010898428973455961,0.004613315359473956,0.022743183667291063,0.03587443946188341,0.04035874439461883,0.02466367713004485,0.023008079317326065,0.01067081541136634,0.0020251699696224503,-0.00042833340049653294,0.01158318395448113,0.274074074074074,0.6222222222222222,0.6222222222222222,0.16481481481481478,0.274074074074074,0.04471655328798186,0.01003584229390681,-0.0021317209213536723,0.15029360000154343,0.00028129395218002813,0.06666666666666667,0.06666666666666667,0.0,0.00028129395218002813,0.00027210884353741496,0.0,-1.3097501341977942e-05,0.008540438712782162
Period_III,Day18,18,alcohol,alcohol_75.csv,0.4113525993153411,0.7924528301886793,0.8113207547169812,0.2676100628930817,0.4132632752169413,0.043280708509819014,0.00030432136335970786,-0.0028553000284208675,0.21738772627026495,0.021994386849189525,0.04072398190045249,0.04524886877828054,0.015912518853695323,0.02233804914370811,0.0025671807184412232,0.0005108743249160707,-0.0001701613398405345,0.01152501393989922,0.01183778715424285,0.018518518518518517,0.018518518518518517,0.009336419753086422,0.01183778715424285,0.0027210884353741495,0.0034348864994026276,-5.497666212838142e-05,0.005358875294169159,0.02278102590301035,0.03587443946188341,0.04484304932735426,0.020702541106128552,0.023575712853115362,0.0004026722796742022,-0.006798784898018228,-0.00041823758876841576,0.01350921357705628,0.3751523675574309,0.8888888888888888,0.8888888888888888,0.2225925925925925,0.3751523675574309,0.031655328798185944,0.0032258064516129032,-0.002022998546895046,0.20304614359443923,-0.0036568213783403658,0.06666666666666667,0.06666666666666667,-0.005555555555555555,0.0036568213783403658,-0.01904761904761905,-0.030107526881720432,-0.0005058757532481624,0.021741926137720226
Period_III,Day18,18,alcohol,alcohol_76.csv,0.3981136758500869,0.6470588235294118,0.6470588235294118,0.40816993464052287,0.3981136758500869,0.0791516606642657,0.020556609740670452,-0.003529834620794304,0.193625386446413,0.024969654933240847,0.0365296803652968,0.0365296803652968,0.025799086757990867,0.024969654933240847,0.009542447115832634,0.004418912947414936,-0.0002513227175804438,0.011368366135957068,0.01234422529683054,0.018604651162790697,0.018604651162790697,0.012558139534883718,0.01234422529683054,0.005543426672994779,0.004051012753188295,-8.967210659680327e-05,0.005250127955587553,0.0331194728628403,0.045662100456621,0.0502283105022831,0.0365296803652968,0.03323507311716087,0.014537321778026278,0.006112829577257328,-0.0004111257970358732,0.016159791269151184,0.3800345224395857,0.75,0.75,0.28712121212121217,0.3800345224395857,0.04907235621521335,0.012463343108504398,-0.002249120142847534,0.19439899178346193,0.0009041591320072332,0.07142857142857142,0.07142857142857142,0.0011904761904761904,0.0009041591320072332,0.0,0.0,0.0,0.008365004742706489
Period_III,Day18,18,acetone,acetone_74.csv,0.3335864978902953,0.54,0.56,0.3086666666666667,0.33510548523206746,0.06674796747967482,0.007096774193548388,-0.00361596732008944,0.16469462950459046,0.08767855069097666,0.13302752293577982,0.13761467889908258,0.0813455657492355,0.08814307281384275,0.02017602744834788,0.0035513465522343892,-0.0010470141087845404,0.04288464415192528,0.0005102541458149347,0.004651162790697674,0.009302325581395349,0.0017054263565891472,0.0010205082916298694,-0.0017583664208735113,-0.003975993998499625,-0.00010179415553874811,0.002803044452549032,0.06655336771370526,0.09259259259259259,0.09722222222222221,0.06597222222222222,0.06702219096733864,0.02326106594399277,0.005152329749103942,-0.0009444350681893764,0.03190324321961778,0.3194975959179667,0.6046511627906976,0.6046511627906976,0.2589147286821706,0.3194975959179667,0.058423142370958595,0.006376594148537133,-0.0032120081107940386,0.15899957819682464,-0.03496081977094634,0.07142857142857142,0.07142857142857142,-0.03928571428571429,0.03496081977094634,-0.04616724738675957,-0.05529953917050692,-0.00025939052201988985,0.03566451006647481
Period_III,Day18,18,acetone,acetone_75.csv,0.3833634719710669,0.8163265306122449,0.8163265306122449,0.33333333333333337,0.3833634719710669,0.06405664306538943,0.015141540487162606,-0.0031125004218709924,0.18819557329451853,0.09849804513606629,0.1743119266055046,0.17889908256880735,0.08509174311926605,0.09900127743583789,0.015034637708294331,0.0002959455460195324,-0.0009161345695276797,0.04920791846407386,0.00358846957687606,0.009345794392523364,0.014018691588785045,0.003582554517133956,0.003982806893016286,-0.000514972344077818,-0.0014320168827253541,-4.2211540133666776e-05,0.0030445502738280375,0.06639191443430478,0.09767441860465116,0.10232558139534884,0.0606201550387597,0.06666666666666667,0.015643094447081157,0.001800450112528132,-0.0007572473975595936,0.031551012030808644,0.3058581100971445,0.9302325581395349,0.9534883720930233,0.23410852713178296,0.30782062604258653,0.025344091124822023,-0.002250562640660165,-0.001880723702595854,0.170836337919241,0.0,0.0,0.0,0.0,0.0,0.0003139717425431711,0.0,9.91125661999356e-07,0.005721511482666498
Period_III,Day18,18,acetone,acetone_76.csv,0.42607243319268634,0.7083333333333334,0.7083333333333334,0.33958333333333346,0.42607243319268634,0.10958672086720868,0.04133064516129031,-0.004208398114644044,0.2035385232769594,0.10783799023897023,0.16129032258064516,0.16129032258064516,0.08725038402457759,0.10783799023897023,0.028080626428384096,0.009290917199345916,-0.0011522544733857535,0.0513892615605355,0.006022067708642854,0.009389671361502348,0.009389671361502348,0.004694835680751174,0.006022067708642854,0.0019657238825909387,0.0005300620929880358,-6.644162783942414e-05,0.003193765491981862,0.07394861433014402,0.09859154929577464,0.10328638497652581,0.0690923317683881,0.07402785206315247,0.02511546242222986,0.009086778736937754,-0.0008454198087436101,0.03493768635574262,0.34508740204942734,0.8571428571428571,0.8571428571428571,0.2412698412698412,0.34508740204942734,0.062330623306233075,0.023425499231950836,-0.0025219402575470946,0.1770022051451401,0.0,0.0,0.0,0.0,0.0,-0.0025015634771732333,-0.0037220843672456576,-6.288985510593287e-05,0.008546340785880374
Period_III,Day19,19,alcohol,alcohol_77.csv,0.4492198999116868,0.7209302325581395,0.7441860465116279,0.37364341085271313,0.45059366107349624,0.08252977878615997,0.015003750937734437,-0.004056471751469755,0.22735088328725675,0.020666912457498667,0.03398058252427184,0.038834951456310676,0.01707119741100323,0.02107656384416861,0.0029402478490804323,0.0,-0.0001850011936489269,0.010982989014491625,0.012018923411328476,0.020202020202020204,0.020202020202020204,0.011447811447811445,0.012018923411328476,0.005604828775560484,0.0044802867383512525,-6.867864216063995e-05,0.00492837250578804,0.025661680092059838,0.03636363636363636,0.03636363636363636,0.027424242424242424,0.025661680092059838,0.013026607538802663,0.006818181818181817,-0.0002922807223616948,0.011427707631969024,0.41538974017321784,0.7631578947368421,0.7894736842105263,0.2929824561403509,0.4158338885187653,0.06354300385109114,0.005517826825127334,-0.003460987603029809,0.21701183517033765,0.0,0.0,0.0,0.0,0.0,0.0,0.0,0.0,0.0
Period_III,Day19,19,alcohol,alcohol_78.csv,0.2751447355509763,0.46511627906976744,0.4883720930232558,0.2155038759689923,0.2765184967127858,0.055587067498581964,0.016504126031507877,-0.002470453836993475,0.13849562360045284,0.018050838736235468,0.02926829268292683,0.02926829268292683,0.014471544715447156,0.018050838736235468,0.0064644061074757096,0.005271439811172307,-0.00010807056723716331,0.007964549610558124,0.009930528917870692,0.015151515151515152,0.015151515151515152,0.00791245791245791,0.009930528917870692,0.004249815225424981,0.005050505050505049,-2.608511017001987e-05,0.004388600403146387,0.018354430379746836,0.02727272727272727,0.02727272727272727,0.017272727272727273,0.018354430379746836,0.0094419807834442,0.008211143695014663,-0.00012211090213400542,0.007779804172434708,0.22051965356429049,0.5,0.5263157894736842,0.14605263157894732,0.22163002442815902,0.03433889602053914,0.011460101867572155,-0.0015684163826440566,0.11622372550635074,0.0,0.0,0.0,0.0,0.0,0.0,0.0,0.0,0.0
Period_III,Day19,19,alcohol,alcohol_79.csv,0.37101363948582083,0.5581395348837209,0.5581395348837209,0.2903100775193798,0.37101363948582083,0.07906976744186045,0.02325581395348838,-0.0035250044463473,0.18201790459608394,0.019417475728155338,0.03398058252427184,0.03398058252427184,0.014967637540453072,0.019417475728155338,0.0034674063800277386,0.0,-0.0002174873374683277,0.010409481000790059,0.010071454318003516,0.020100502512562814,0.020100502512562814,0.00845896147403685,0.010071454318003516,0.0019485181007076195,0.0,-0.00013448055106983535,0.005595474035420494,0.02368622938243192,0.031818181818181815,0.031818181818181815,0.02393939393939394,0.02368622938243192,0.012207792207792209,0.006818181818181817,-0.00029402385404449715,0.010511596096771268,0.31312458361092593,0.5,0.5,0.22543859649122808,0.31312458361092593,0.061976369495166474,0.018251273344651955,-0.0027880285821943996,0.15287798723301693,0.0,0.0,0.0,0.0,0.0,0.0,0.0,0.0,0.0
Period_III,Day19,19,alcohol,alcohol_80.csv,0.3206751054852321,0.5348837209302325,0.5348837209302325,0.2682170542635659,0.3206751054852321,0.07515598411798072,0.019129782445611403,-0.003480601502855156,0.1583929764674698,0.01661136372946622,0.02912621359223301,0.03398058252427184,0.014805825242718444,0.016857154561468187,0.002841581813876391,-0.000861259004071406,-0.0002373467044659972,0.009270903197892495,0.00839641244195662,0.01507537688442211,0.020100502512562814,0.009798994974874376,0.008523630812289297,0.0016137598561915265,-8.105041335710812e-05,-0.00012622093178301985,0.004995550882556277,0.019677790563866517,0.02727272727272727,0.02727272727272727,0.021136363636363634,0.019677790563866517,0.008813747228381377,0.00373900293255132,-0.0002670051047064658,0.00915455197107667,0.28436597823673104,0.5,0.5,0.22368421052631582,0.28436597823673104,0.052096705177578084,0.010611205432937181,-0.0025243200983977366,0.14149444548796433,0.0,0.0,0.0,0.0,0.0,0.0,0.0,0.0,0.0
Period_III,Day19,19,acetone,acetone_77.csv,0.5528455284552847,1.146341463414634,1.146341463414634,0.4191056910569106,0.5528455284552847,0.11104501288915329,0.031864673485444535,-0.004739661946835359,0.2753248640649704,0.1502485691607136,0.2524752475247525,0.2524752475247525,0.11749174917491749,0.1502485691607136,0.035699911454560106,0.01205685084637496,-0.0014045724115190445,0.07281017978409898,0.014337380521828981,0.025510204081632654,0.025510204081632654,0.010629251700680272,0.014337380521828981,0.006097560975609756,0.005102040816326531,-7.385133262061089e-05,0.005980822176037646,0.0855548425985339,0.11059907834101383,0.11059907834101383,0.08225806451612903,0.0855548425985339,0.03497433591847439,0.017318269659580793,-0.0009456285183430189,0.03845690744326356,0.5059774964838256,1.1944444444444444,1.1944444444444444,0.35972222222222217,0.5059774964838256,0.09406052393857273,0.029569892473118274,-0.003938750201271053,0.2597613468207794,0.0,0.0,0.0,0.0,0.0,0.0,0.0,0.0,0.006541389800437059
Period_III,Day19,19,acetone,acetone_78.csv,0.4426361261804301,0.7380952380952381,0.7380952380952381,0.4587301587301587,0.4426361261804301,0.10864917395529643,0.024577572964669732,-0.00509982917150332,0.2124572118305864,0.12118391660461653,0.18137254901960784,0.1764705882352941,0.12238562091503266,0.12118391660461653,0.03313325330132053,0.007273877292852622,-0.0015272645861301852,0.05693487239743118,0.006393044367727914,0.015151515151515152,0.015151515151515152,0.007575757575757574,0.006393044367727914,0.0004947433518862088,-0.002525252525252526,-0.00015396174363464923,0.004607607147160628,0.06477467583762017,0.0821917808219178,0.0821917808219178,0.07610350076103502,0.06477467583762017,0.03004379834125431,0.00972160848431286,-0.001086292970020361,0.0303724964554624,0.4033527198084161,0.8648648648648649,0.8648648648648649,0.423873873873874,0.4033527198084161,0.09873138444567016,0.022231909328683522,-0.004902773860935647,0.2003336591549982,0.0,0.0,0.0,0.0,0.0,0.0,0.0,0.0,0.0
Period_III,Day19,19,acetone,acetone_79.csv,0.21547756041426933,0.5,0.5227272727272727,0.1678030303030303,0.21797084771768319,0.059461966604823724,0.02456011730205279,-0.0019568308583581247,0.11108835725729398,0.055846316131126256,0.11057692307692307,0.12019230769230768,0.04222756410256411,0.05698231093800714,0.01220565149136578,0.0024038461538461544,-0.0005725956548492484,0.02981915686564736,-0.000569620253164557,0.005,0.01,-0.0005833333333333333,0.0012869198312236286,-0.0002040816326530612,-0.00016129032258064516,8.469784962886588e-06,0.002357656272854515,0.03461442999789984,0.05429864253393665,0.06334841628959276,0.037405731523378574,0.035492678083891775,0.020796010711977096,0.013136768354984672,-0.00040845115593800876,0.016894529190851798,0.273040195425272,0.7105263157894737,0.7105263157894737,0.24210526315789468,0.273040195425272,0.07841031149301825,0.04032258064516129,-0.002351060057612121,0.13835239077014397,0.0,0.0,0.0,0.0,0.0,0.0,0.0,0.0,0.0
Period_III,Day19,19,acetone,acetone_80.csv,0.36114307633294984,0.7954545454545454,0.8181818181818181,0.2825757575757576,0.3617184503260453,0.0825942350332594,0.02749266862170088,-0.0034274613197593008,0.18339931965910009,0.10616115685551591,0.1941747572815534,0.1941747572815534,0.08389967637540452,0.10616115685551591,0.028652616623253604,0.012135922330097085,-0.0010270319275924942,0.05107751295609428,0.006466933825244364,0.01507537688442211,0.01507537688442211,0.005025125628140705,0.006466933825244364,0.003738203211177841,0.004781974388069382,-1.604093294908632e-05,0.0032137649354210054,0.04944088096724754,0.07623318385650224,0.08520179372197309,0.04267563527653213,0.04974361885300183,0.017645557621495497,0.007739042383914366,-0.0005719528618483235,0.02385270674388129,0.3026073785567456,0.9487179487179487,0.9487179487179487,0.19999999999999993,0.3026073785567456,0.06097560975609756,0.02398676592224978,-0.0025228223105494317,0.16564997431987544,0.0,0.0,0.0,0.0,0.0,0.0,0.0,0.0,0.0
