mode,classifier,sensors,mean_balanced_accuracy,mean_macro_f1,std_balanced_accuracy
leave_collection_date_out,centroid,s1+s2+s3,0.8803921568627451,0.8632642956172368,0.1441652971335456
leave_collection_date_out,centroid,s2+s3+s5,0.8545751633986928,0.8348733539136015,0.15573198444889916
leave_collection_date_out,centroid,s2+s3+s6,0.8542483660130719,0.8301496462487175,0.1468355694611111
leave_collection_date_out,centroid,s1+s2+s6,0.8473856209150327,0.8319234715519546,0.1499757908326377
leave_collection_date_out,centroid,s1+s3+s4,0.8281045751633986,0.8008223286861058,0.14427702086925615
leave_collection_date_out,centroid,s1+s2+s5,0.8235294117647058,0.7935890906479142,0.14780452728563243
leave_collection_date_out,centroid,s2+s3+s4,0.8235294117647058,0.7954553644956122,0.14063526247553054
leave_collection_date_out,centroid,s2+s5+s6,0.8183006535947712,0.7898952898952899,0.16633954826169312
leave_collection_date_out,centroid,s3+s4+s5,0.8120915032679739,0.7848349391693045,0.15181813882632228
leave_collection_date_out,centroid,s2+s4+s5,0.8019607843137254,0.7701530495648142,0.1483700170056605
leave_collection_date_out,centroid,s1+s2+s4,0.7990196078431373,0.7697416065928177,0.148490804030508
leave_collection_date_out,centroid,s3+s4+s6,0.7934640522875817,0.7569934995631591,0.15077264092665188
leave_collection_date_out,centroid,s1+s3+s5,0.7604575163398692,0.7329422784531143,0.16224317731072085
leave_collection_date_out,centroid,s3+s5+s6,0.7486928104575163,0.7100548688783983,0.14597915212122076
leave_collection_date_out,centroid,s1+s4+s5,0.734640522875817,0.6913808413808414,0.13499441877701493
leave_collection_date_out,centroid,s1+s3+s6,0.7287581699346406,0.6866735660853308,0.14713355944082063
leave_collection_date_out,centroid,s1+s4+s6,0.7238562091503268,0.6815592007633531,0.13052252398157735
leave_collection_date_out,centroid,s4+s5+s6,0.7205882352941176,0.6738464150228856,0.15488153460096074
leave_collection_date_out,centroid,s2+s4+s6,0.7022875816993464,0.6736123545812127,0.19580928559530816
leave_collection_date_out,centroid,s1+s5+s6,0.6584967320261438,0.5961353461353461,0.14933129813038926
leave_collection_date_out,gnb,s1+s2+s3,0.89640522875817,0.8912766971590501,0.13142355040319437
leave_collection_date_out,gnb,s2+s3+s5,0.892483660130719,0.8873155167272815,0.12911350722805545
leave_collection_date_out,gnb,s1+s2+s6,0.8771241830065359,0.8727199815435109,0.12538339894908795
leave_collection_date_out,gnb,s2+s5+s6,0.8771241830065359,0.8727199815435109,0.12538339894908795
leave_collection_date_out,gnb,s1+s2+s5,0.8718954248366013,0.8651987446105093,0.12362625669128854
leave_collection_date_out,gnb,s2+s3+s6,0.8694444444444445,0.8657725204438007,0.17620835030170784
leave_collection_date_out,gnb,s1+s2+s4,0.8598039215686275,0.849528031880973,0.13135877931608994
leave_collection_date_out,gnb,s2+s4+s5,0.8591503267973857,0.8501505030916796,0.13093828617240322
leave_collection_date_out,gnb,s2+s3+s4,0.8346405228758169,0.8184980788787017,0.14081346303727152
leave_collection_date_out,gnb,s2+s4+s6,0.8047385620915033,0.7875079713315007,0.14398888064267018
leave_collection_date_out,gnb,s1+s3+s4,0.7996732026143791,0.7693593987711634,0.14271765092906427
leave_collection_date_out,gnb,s1+s4+s6,0.7781045751633987,0.7495268348209524,0.10623811822153785
leave_collection_date_out,gnb,s3+s4+s5,0.7758169934640522,0.7456972221678103,0.15125428746691508
leave_collection_date_out,gnb,s1+s3+s5,0.7503267973856209,0.7374367462602757,0.1465586537800527
leave_collection_date_out,gnb,s3+s5+s6,0.7493464052287582,0.7370137487784546,0.16467422891969996
leave_collection_date_out,gnb,s3+s4+s6,0.7442810457516339,0.7146160484395779,0.17945839349656761
leave_collection_date_out,gnb,s1+s4+s5,0.7408496732026144,0.7105573076161311,0.10504153309360563
leave_collection_date_out,gnb,s4+s5+s6,0.7408496732026144,0.712065712065712,0.1384150413598719
leave_collection_date_out,gnb,s1+s3+s6,0.7133986928104575,0.6855487649605296,0.1457348718342828
leave_collection_date_out,gnb,s1+s5+s6,0.6947712418300654,0.6684583390465743,0.132934452372028
leave_collection_date_out,lda,s2+s3+s5,0.9490196078431372,0.9384375972611267,0.09213339292299653
leave_collection_date_out,lda,s1+s2+s3,0.9447712418300653,0.9404295051353875,0.09754847220700137
leave_collection_date_out,lda,s2+s3+s6,0.9349673202614379,0.9330999066293184,0.11606599179650606
leave_collection_date_out,lda,s2+s3+s4,0.9179738562091503,0.9113134142545907,0.14266437092201303
leave_collection_date_out,lda,s1+s2+s6,0.9091503267973856,0.8937280068859017,0.1372674966988314
leave_collection_date_out,lda,s3+s4+s5,0.907843137254902,0.8963741051976346,0.11336360610682111
leave_collection_date_out,lda,s1+s3+s4,0.8986928104575164,0.8903340860088266,0.10984573589146136
leave_collection_date_out,lda,s1+s2+s4,0.8973856209150326,0.8799253034547152,0.1447395176146856
leave_collection_date_out,lda,s1+s2+s5,0.8957516339869281,0.8782601929660753,0.14358087759024898
leave_collection_date_out,lda,s3+s4+s6,0.8913398692810458,0.8795747281041398,0.13311571633767724
leave_collection_date_out,lda,s2+s5+s6,0.8888888888888888,0.8652491299550122,0.1381647790605099
leave_collection_date_out,lda,s2+s4+s5,0.8885620915032679,0.8703345865975624,0.13094608535357707
leave_collection_date_out,lda,s4+s5+s6,0.8699346405228757,0.8545058427411368,0.14572163478311476
leave_collection_date_out,lda,s1+s4+s6,0.8434640522875817,0.825340237104943,0.14767011656415516
leave_collection_date_out,lda,s3+s5+s6,0.8235294117647058,0.8008255361196538,0.16932520180156765
leave_collection_date_out,lda,s1+s3+s5,0.8212418300653594,0.8066854905955252,0.171506524708039
leave_collection_date_out,lda,s1+s4+s5,0.8133986928104575,0.7875667389599278,0.13195261412616147
leave_collection_date_out,lda,s1+s3+s6,0.7803921568627451,0.7568325113307812,0.15116723895133954
leave_collection_date_out,lda,s2+s4+s6,0.7756535947712417,0.7619564531329237,0.16216587626064916
leave_collection_date_out,lda,s1+s5+s6,0.738562091503268,0.7189286940151992,0.1343777180063227
new_bottle_holdout,centroid,s3+s4+s5,0.9666666666666667,0.9665831244778613,
new_bottle_holdout,centroid,s2+s3+s5,0.9333333333333332,0.9326599326599326,
new_bottle_holdout,centroid,s1+s3+s4,0.9,0.8927875243664718,
new_bottle_holdout,centroid,s3+s4+s6,0.9,0.8927875243664718,
new_bottle_holdout,centroid,s2+s4+s5,0.8666666666666667,0.861111111111111,
new_bottle_holdout,centroid,s1+s2+s3,0.8666666666666666,0.8569659442724458,
new_bottle_holdout,centroid,s2+s3+s4,0.8666666666666666,0.8552115583075336,
new_bottle_holdout,centroid,s2+s3+s6,0.8666666666666666,0.8569659442724458,
new_bottle_holdout,centroid,s1+s2+s4,0.8333333333333334,0.8245950554134697,
new_bottle_holdout,centroid,s1+s2+s5,0.8333333333333334,0.8222222222222223,
new_bottle_holdout,centroid,s1+s3+s6,0.8333333333333334,0.8247743541861189,
new_bottle_holdout,centroid,s2+s5+s6,0.8333333333333334,0.8222222222222223,
new_bottle_holdout,centroid,s3+s5+s6,0.8333333333333334,0.8222222222222223,
new_bottle_holdout,centroid,s1+s2+s6,0.7999999999999999,0.7859477124183006,
new_bottle_holdout,centroid,s1+s3+s5,0.7999999999999999,0.7916666666666666,
new_bottle_holdout,centroid,s1+s4+s6,0.7999999999999999,0.7979797979797979,
new_bottle_holdout,centroid,s2+s4+s6,0.7999999999999999,0.7887205387205386,
new_bottle_holdout,centroid,s4+s5+s6,0.7999999999999999,0.7979797979797979,
new_bottle_holdout,centroid,s1+s4+s5,0.7333333333333334,0.7333333333333334,
new_bottle_holdout,centroid,s1+s5+s6,0.6333333333333333,0.6324143692564745,
new_bottle_holdout,gnb,s1+s2+s3,0.9,0.8976982097186701,
new_bottle_holdout,gnb,s1+s2+s5,0.9,0.8976982097186701,
new_bottle_holdout,gnb,s1+s2+s6,0.9,0.8976982097186701,
new_bottle_holdout,gnb,s2+s3+s5,0.9,0.8976982097186701,
new_bottle_holdout,gnb,s2+s5+s6,0.9,0.8976982097186701,
new_bottle_holdout,gnb,s3+s5+s6,0.9,0.8976982097186701,
new_bottle_holdout,gnb,s1+s2+s4,0.8666666666666667,0.861111111111111,
new_bottle_holdout,gnb,s1+s3+s4,0.8666666666666667,0.861111111111111,
new_bottle_holdout,gnb,s1+s3+s6,0.8666666666666667,0.861111111111111,
new_bottle_holdout,gnb,s1+s4+s6,0.8666666666666667,0.861111111111111,
new_bottle_holdout,gnb,s2+s4+s5,0.8666666666666667,0.861111111111111,
new_bottle_holdout,gnb,s3+s4+s5,0.8666666666666667,0.861111111111111,
new_bottle_holdout,gnb,s2+s3+s4,0.8666666666666666,0.8609625668449198,
new_bottle_holdout,gnb,s2+s3+s6,0.8333333333333334,0.8247743541861189,
new_bottle_holdout,gnb,s3+s4+s6,0.8333333333333334,0.8245950554134697,
new_bottle_holdout,gnb,s2+s4+s6,0.7999999999999999,0.7887205387205386,
new_bottle_holdout,gnb,s1+s3+s5,0.7666666666666666,0.7612958226768969,
new_bottle_holdout,gnb,s1+s4+s5,0.7333333333333334,0.7222222222222222,
new_bottle_holdout,gnb,s4+s5+s6,0.7333333333333334,0.7222222222222222,
new_bottle_holdout,gnb,s1+s5+s6,0.6333333333333333,0.6324143692564745,
new_bottle_holdout,lda,s1+s2+s3,1.0,1.0,
new_bottle_holdout,lda,s1+s3+s4,1.0,1.0,
new_bottle_holdout,lda,s1+s4+s6,1.0,1.0,
new_bottle_holdout,lda,s2+s3+s5,1.0,1.0,
new_bottle_holdout,lda,s2+s3+s6,1.0,1.0,
new_bottle_holdout,lda,s3+s4+s5,1.0,1.0,
new_bottle_holdout,lda,s3+s4+s6,1.0,1.0,
new_bottle_holdout,lda,s4+s5+s6,1.0,1.0,
new_bottle_holdout,lda,s1+s2+s6,0.9666666666666667,0.9628482972136223,
new_bottle_holdout,lda,s1+s4+s5,0.9666666666666667,0.9628482972136223,
new_bottle_holdout,lda,s2+s3+s4,0.9666666666666667,0.9628482972136223,
new_bottle_holdout,lda,s1+s2+s5,0.9333333333333332,0.9259259259259259,
new_bottle_holdout,lda,s2+s5+s6,0.9333333333333332,0.9326599326599326,
new_bottle_holdout,lda,s1+s2+s4,0.9,0.8885448916408668,
new_bottle_holdout,lda,s1+s3+s6,0.8666666666666667,0.861111111111111,
new_bottle_holdout,lda,s2+s4+s5,0.8666666666666667,0.861111111111111,
new_bottle_holdout,lda,s1+s3+s5,0.8333333333333334,0.8294970161977835,
new_bottle_holdout,lda,s3+s5+s6,0.8333333333333334,0.8222222222222223,
new_bottle_holdout,lda,s1+s5+s6,0.7666666666666666,0.7612958226768969,
new_bottle_holdout,lda,s2+s4+s6,0.7416666666666667,0.7533238366571701,
stratified_random_holdout,centroid,s1+s2+s3,0.9033333333333334,0.8928782962576745,0.034035512587499005
stratified_random_holdout,centroid,s2+s3+s5,0.9006060606060606,0.8907422575004165,0.03573323581594474
stratified_random_holdout,centroid,s2+s3+s6,0.8795265151515151,0.8681333401779512,0.04012679554939301
stratified_random_holdout,centroid,s1+s3+s4,0.8696969696969696,0.857613220543167,0.03912104390108501
stratified_random_holdout,centroid,s1+s2+s6,0.8651704545454545,0.8561152321253108,0.04068081193725399
stratified_random_holdout,centroid,s2+s3+s4,0.8650757575757576,0.8536536488485393,0.041932880812257364
stratified_random_holdout,centroid,s3+s4+s5,0.8604545454545455,0.8479408581960513,0.04019084016551494
stratified_random_holdout,centroid,s2+s5+s6,0.8497727272727273,0.840028699492793,0.03866913450830678
stratified_random_holdout,centroid,s1+s2+s5,0.8493939393939394,0.8396804734800984,0.038392295235795265
stratified_random_holdout,centroid,s3+s4+s6,0.8355303030303031,0.8196008922503389,0.04460056372586375
stratified_random_holdout,centroid,s2+s4+s5,0.8304924242424242,0.8201848736714507,0.04090358160478793
stratified_random_holdout,centroid,s1+s2+s4,0.8277272727272728,0.8166134894276647,0.04196121230229563
stratified_random_holdout,centroid,s1+s3+s5,0.7875757575757575,0.7725408048429343,0.04074579978556203
stratified_random_holdout,centroid,s3+s5+s6,0.7796969696969697,0.7630834374295845,0.040082513145402815
stratified_random_holdout,centroid,s1+s4+s5,0.7598484848484849,0.7445918547731684,0.0455500985250079
stratified_random_holdout,centroid,s1+s3+s6,0.7575757575757575,0.7403562080849462,0.04402928225798663
stratified_random_holdout,centroid,s1+s4+s6,0.7555871212121212,0.7375879742451268,0.049612153418573446
stratified_random_holdout,centroid,s4+s5+s6,0.7529545454545454,0.7347067134058242,0.04599994192732177
stratified_random_holdout,centroid,s2+s4+s6,0.7451136363636363,0.7355351203314322,0.05097219961794584
stratified_random_holdout,centroid,s1+s5+s6,0.6801515151515152,0.6580122245048995,0.03993616847167273
stratified_random_holdout,gnb,s1+s2+s3,0.9343560606060606,0.9358691390344923,0.0275948511834614
stratified_random_holdout,gnb,s2+s3+s5,0.9295265151515152,0.9311987118171107,0.02851576111929777
stratified_random_holdout,gnb,s1+s2+s5,0.9074621212121212,0.9089059823007369,0.030857553534918685
stratified_random_holdout,gnb,s1+s2+s6,0.9025568181818183,0.9053979197295453,0.03461653817966012
stratified_random_holdout,gnb,s2+s5+s6,0.899564393939394,0.9027011513289628,0.034700254967819685
stratified_random_holdout,gnb,s1+s2+s4,0.8982196969696971,0.8996759411832782,0.028916146308923692
stratified_random_holdout,gnb,s2+s4+s5,0.8972727272727273,0.8989206885435714,0.02847484992119727
stratified_random_holdout,gnb,s2+s3+s6,0.8915909090909092,0.8904761654393671,0.03398352300761817
stratified_random_holdout,gnb,s2+s3+s4,0.8747727272727274,0.8708691038917241,0.03436431703195851
stratified_random_holdout,gnb,s1+s3+s4,0.8444507575757576,0.8406579207867578,0.0430857011020711
stratified_random_holdout,gnb,s2+s4+s6,0.8354924242424242,0.8318672805426256,0.03627019435619975
stratified_random_holdout,gnb,s3+s4+s5,0.825719696969697,0.8224656265612793,0.04575405417946072
stratified_random_holdout,gnb,s1+s4+s6,0.7950378787878788,0.7893453718799962,0.037851593390809166
stratified_random_holdout,gnb,s1+s4+s5,0.7882007575757577,0.7801602581075453,0.03771972168321941
stratified_random_holdout,gnb,s4+s5+s6,0.7742803030303032,0.7704900340039957,0.041290511369218186
stratified_random_holdout,gnb,s1+s3+s5,0.7692234848484848,0.7653850025778933,0.04723346528576886
stratified_random_holdout,gnb,s3+s4+s6,0.7658333333333333,0.7573066281293377,0.0611639743581338
stratified_random_holdout,gnb,s3+s5+s6,0.7496780303030303,0.7513607913985639,0.05119270085891809
stratified_random_holdout,gnb,s1+s3+s6,0.7345833333333333,0.7332235352649354,0.05043614732794686
stratified_random_holdout,gnb,s1+s5+s6,0.6832575757575757,0.6728825019546418,0.04602734438931882
stratified_random_holdout,lda,s1+s2+s3,0.9668181818181819,0.9617362796551346,0.019464856375056294
stratified_random_holdout,lda,s2+s3+s5,0.9611174242424242,0.9567557921707669,0.022304790089137775
stratified_random_holdout,lda,s2+s3+s4,0.9497159090909091,0.9443468078291685,0.023979891042338483
stratified_random_holdout,lda,s2+s3+s6,0.9449242424242424,0.9408941946769181,0.02748889773622153
stratified_random_holdout,lda,s1+s2+s6,0.9405871212121213,0.9331193165737135,0.028406737735415497
stratified_random_holdout,lda,s1+s2+s4,0.9322727272727274,0.9235652048149972,0.034149441300195094
stratified_random_holdout,lda,s3+s4+s5,0.9289204545454546,0.9241854143728452,0.031175800735466688
stratified_random_holdout,lda,s1+s3+s4,0.9273674242424244,0.9226596481902111,0.030669528378253933
stratified_random_holdout,lda,s1+s2+s5,0.9257575757575758,0.9164760241347943,0.03131905509890376
stratified_random_holdout,lda,s2+s4+s5,0.9206060606060606,0.9128526321004067,0.03252633618417316
stratified_random_holdout,lda,s2+s5+s6,0.9134280303030303,0.9047157597225146,0.03300801855766494
stratified_random_holdout,lda,s3+s4+s6,0.8946969696969697,0.8907876447644049,0.04236944540365324
stratified_random_holdout,lda,s4+s5+s6,0.891628787878788,0.8835049173515191,0.03616370898905199
stratified_random_holdout,lda,s1+s4+s6,0.8778030303030303,0.8704261925084812,0.04140014097378607
stratified_random_holdout,lda,s1+s4+s5,0.8771212121212122,0.8681619996206177,0.04091135818859657
stratified_random_holdout,lda,s1+s3+s5,0.8598674242424242,0.8549105308840725,0.03530481585838571
stratified_random_holdout,lda,s3+s5+s6,0.8359848484848484,0.8308139769691438,0.038508689703022896
stratified_random_holdout,lda,s1+s3+s6,0.8125189393939394,0.8065979665029228,0.036854350796868426
stratified_random_holdout,lda,s2+s4+s6,0.7812689393939394,0.7886190737835768,0.057736994296612824
stratified_random_holdout,lda,s1+s5+s6,0.7510416666666666,0.7416432724550793,0.03891989714451942
