sample_id,nominal_duration_s,profile,baseline_start_s,baseline_end_s,exposure_start_s,exposure_end_s,recovery_start_s,recovery_end_s,actual_last_s,baseline_n,exposure_n,recovery_n,observation_n
air_1,180.0,programme_180_window,0.0,60.0,60.0,120.0,120.0,180.0,181.929,237,237,237,711
baseline_1,302.034,programme_180_window,0.0,60.0,60.0,120.0,120.0,180.0,302.034,237,237,237,711
reference_1,60.0,programme_60,0.0,30.0,30.0,40.0,40.0,62.066,62.066,119,39,88,246
air_2,180.0,programme_180_window,0.0,60.0,60.0,120.0,120.0,180.0,181.946,237,237,237,711
reference_2,60.0,programme_60,0.0,30.0,30.0,40.0,40.0,62.072,62.072,119,39,88,246
air_3,180.0,programme_180_window,0.0,60.0,60.0,120.0,120.0,180.0,182.184,237,237,237,711
baseline_3,302.016,programme_180_window,0.0,60.0,60.0,120.0,120.0,180.0,302.016,237,237,237,711
reference_3,60.0,programme_60,0.0,30.0,30.0,40.0,40.0,62.085,62.085,119,39,88,246
air_4,180.0,programme_180_window,0.0,60.0,60.0,120.0,120.0,180.0,181.945,237,237,237,711
baseline_4,302.034,programme_180_window,0.0,60.0,60.0,120.0,120.0,180.0,302.034,237,237,237,711
reference_4,60.0,programme_60,0.0,30.0,30.0,40.0,40.0,62.084,62.084,119,39,88,246
air_5,180.0,programme_180_window,0.0,60.0,60.0,120.0,120.0,180.0,181.93,237,237,237,711
baseline_5,301.995,programme_180_window,0.0,60.0,60.0,120.0,120.0,180.0,301.995,237,237,237,711
reference_5,60.0,programme_60,0.0,30.0,30.0,40.0,40.0,62.071,62.071,119,39,88,246
air_6,180.0,programme_180_window,0.0,60.0,60.0,120.0,120.0,180.0,181.929,237,237,237,711
baseline_6,302.034,programme_180_window,0.0,60.0,60.0,120.0,120.0,180.0,302.034,237,237,237,711
reference_6,60.0,programme_60,0.0,30.0,30.0,40.0,40.0,61.825,61.825,119,39,87,245
air_7,180.0,programme_180_window,0.0,60.0,60.0,120.0,120.0,180.0,181.945,237,237,237,711
baseline_7,302.035,programme_180_window,0.0,60.0,60.0,120.0,120.0,180.0,302.035,237,237,237,711
reference_7,60.0,programme_60,0.0,30.0,30.0,40.0,40.0,61.827,61.827,119,39,87,245
air_8,180.0,programme_180_window,0.0,60.0,60.0,120.0,120.0,180.0,181.947,237,237,237,711
reference_8,60.0,programme_60,0.0,30.0,30.0,40.0,40.0,61.831,61.831,119,39,87,245
air_9,180.0,programme_180_window,0.0,60.0,60.0,120.0,120.0,180.0,181.93,237,237,237,711
reference_9,60.0,programme_60,0.0,30.0,30.0,40.0,40.0,61.826,61.826,119,39,87,245
air_10,180.0,programme_180_window,0.0,60.0,60.0,120.0,120.0,180.0,181.947,237,237,237,711
air_11,180.0,programme_180_window,0.0,60.0,60.0,120.0,120.0,180.0,181.946,237,237,237,711
air_12,180.0,programme_180_window,0.0,60.0,60.0,120.0,120.0,180.0,181.929,237,237,237,711
air_13,180.0,programme_180_window,0.0,60.0,60.0,120.0,120.0,180.0,181.93,237,237,237,711
air_14,180.0,programme_180_window,0.0,60.0,60.0,120.0,120.0,180.0,181.93,237,237,237,711
air_15,180.0,programme_180_window,0.0,60.0,60.0,120.0,120.0,180.0,181.946,237,237,237,711
air_16,130.0,programme_130,0.0,60.0,60.0,70.0,70.0,132.013,132.013,237,40,245,522
air_17,130.0,programme_130,0.0,60.0,60.0,70.0,70.0,132.025,132.025,237,40,245,522
air_18,130.0,programme_130,0.0,60.0,60.0,70.0,70.0,132.014,132.014,237,40,245,522
air_19,130.0,programme_130,0.0,60.0,60.0,70.0,70.0,132.025,132.025,237,40,245,522
air_20,125.0,programme_125,0.0,60.0,60.0,65.0,65.0,127.183,127.183,237,20,246,503
air_21,125.0,programme_125,0.0,60.0,60.0,65.0,65.0,126.945,126.945,237,20,245,502
air_22,180.0,manual_180_air_22,0.0,60.0,60.0,70.0,70.0,111.224,111.224,237,40,163,440
air_23,180.0,programme_180_window,0.0,60.0,60.0,120.0,120.0,180.0,180.643,237,237,237,711
air_24,180.0,programme_180_window,0.0,60.0,60.0,120.0,120.0,180.0,181.929,237,237,237,711
air_25,180.0,programme_180_window,0.0,60.0,60.0,120.0,120.0,180.0,181.909,237,237,237,711
air_26,180.0,programme_180_window,0.0,60.0,60.0,120.0,120.0,180.0,181.928,237,237,237,711
air_27,180.0,programme_180_window,0.0,60.0,60.0,120.0,120.0,180.0,181.929,237,237,237,711
air_28,180.0,programme_180_window,0.0,60.0,60.0,120.0,120.0,180.0,182.183,237,237,237,711
air_29,180.0,programme_180_window,0.0,60.0,60.0,120.0,120.0,180.0,181.93,237,237,237,711
air_30,180.0,programme_180_window,0.0,60.0,60.0,120.0,120.0,180.0,182.183,237,237,237,711
air_31,180.0,programme_180_window,0.0,60.0,60.0,120.0,120.0,180.0,181.93,237,237,237,711
air_32,180.0,programme_180_window,0.0,60.0,60.0,120.0,120.0,180.0,181.929,237,237,237,711
air_33,180.0,programme_180_window,0.0,60.0,60.0,120.0,120.0,180.0,182.2,237,237,237,711
air_34,180.0,programme_180_window,0.0,60.0,60.0,120.0,120.0,180.0,181.946,237,237,237,711
air_35,180.0,programme_180_window,0.0,60.0,60.0,120.0,120.0,180.0,181.91,237,237,237,711
air_36,180.0,programme_180_window,0.0,60.0,60.0,120.0,120.0,180.0,181.91,237,237,237,711
air_37,180.0,programme_180_window,0.0,60.0,60.0,120.0,120.0,180.0,181.676,237,237,237,711
air_38,180.0,programme_180_window,0.0,60.0,60.0,120.0,120.0,180.0,181.91,237,237,237,711
air_39,180.0,programme_180_window,0.0,60.0,60.0,120.0,120.0,180.0,181.947,237,237,237,711
air_40,180.0,programme_180_window,0.0,60.0,60.0,120.0,120.0,180.0,181.947,237,237,237,711
air_41,180.0,programme_180_window,0.0,60.0,60.0,120.0,120.0,180.0,181.909,237,237,237,711
air_42,180.0,programme_180_window,0.0,60.0,60.0,120.0,120.0,180.0,181.911,237,237,237,711
air_43,180.0,programme_180_window,0.0,60.0,60.0,120.0,120.0,180.0,182.163,237,237,237,711
air_44,180.0,programme_180_window,0.0,60.0,60.0,120.0,120.0,180.0,181.929,237,237,237,711
air_45,180.0,programme_180_window,0.0,60.0,60.0,120.0,120.0,180.0,182.182,237,237,237,711
air_46,180.0,programme_180_window,0.0,60.0,60.0,120.0,120.0,180.0,182.183,237,237,237,711
air_47,180.0,programme_180_window,0.0,60.0,60.0,120.0,120.0,180.0,182.184,237,237,237,711
air_48,180.0,programme_180_window,0.0,60.0,60.0,120.0,120.0,159.125,159.125,237,237,155,629
air_49,180.0,programme_180_window,0.0,60.0,60.0,120.0,120.0,180.0,182.183,237,237,237,711
air_50,180.0,programme_180_window,0.0,60.0,60.0,120.0,120.0,180.0,181.93,237,237,237,711
air_51,180.0,programme_180_window,0.0,60.0,60.0,120.0,120.0,180.0,181.93,237,237,237,711
air_52,180.0,programme_180_window,0.0,60.0,60.0,120.0,120.0,180.0,181.93,237,237,237,711
air_53,180.0,programme_180_window,0.0,60.0,60.0,120.0,120.0,180.0,181.914,237,237,237,711
air_54,180.0,programme_180_window,0.0,60.0,60.0,120.0,120.0,180.0,181.93,237,237,237,711
air_55,180.0,programme_180_window,0.0,60.0,60.0,120.0,120.0,180.0,181.931,237,237,237,711
air_56,180.0,programme_180_window,0.0,60.0,60.0,120.0,120.0,180.0,181.931,237,237,237,711
air_57,180.0,programme_180_window,0.0,60.0,60.0,120.0,120.0,180.0,181.947,237,237,237,711
air_58,180.0,programme_180_window,0.0,60.0,60.0,120.0,120.0,180.0,182.201,237,237,237,711
air_59,180.0,programme_180_window,0.0,60.0,60.0,120.0,120.0,180.0,181.929,237,237,237,711
air_60,180.0,programme_180_window,0.0,60.0,60.0,120.0,120.0,180.0,182.182,237,237,237,711
air_61,180.0,programme_180_window,0.0,60.0,60.0,120.0,120.0,180.0,181.93,237,237,237,711
air_62,180.0,programme_180_window,0.0,60.0,60.0,120.0,120.0,180.0,181.93,237,237,237,711
air_63,180.0,programme_180_window,0.0,60.0,60.0,120.0,120.0,180.0,182.182,237,237,237,711
air_64,180.0,programme_180_window,0.0,60.0,60.0,120.0,120.0,180.0,181.929,237,237,237,711
air_65,180.0,programme_180_window,0.0,60.0,60.0,120.0,120.0,180.0,181.929,237,237,237,711
air_66,180.0,programme_180_window,0.0,60.0,60.0,120.0,120.0,180.0,181.93,237,237,237,711
air_67,180.0,programme_180_window,0.0,60.0,60.0,120.0,120.0,180.0,182.183,237,237,237,711
air_68,180.0,programme_180_window,0.0,60.0,60.0,120.0,120.0,180.0,181.927,237,237,237,711
air_69,180.0,programme_180_window,0.0,60.0,60.0,120.0,120.0,180.0,182.182,237,237,237,711
air_70,180.0,programme_180_window,0.0,60.0,60.0,120.0,120.0,180.0,182.171,237,237,237,711
air_71,180.0,programme_180_window,0.0,60.0,60.0,120.0,120.0,180.0,182.183,237,237,237,711
air_72,180.0,programme_180_window,0.0,60.0,60.0,120.0,120.0,180.0,181.93,237,237,237,711
alcohol_1,180.0,programme_180_window,0.0,60.0,60.0,120.0,120.0,180.0,181.93,237,237,237,711
alcohol_o1,181.903,programme_180_window,0.0,60.0,60.0,120.0,120.0,180.0,181.903,237,237,237,711
alcohol_2,180.0,programme_180_window,0.0,60.0,60.0,120.0,120.0,180.0,181.93,237,237,237,711
alcohol_o2,181.91,programme_180_window,0.0,60.0,60.0,120.0,120.0,180.0,181.91,237,237,237,711
alcohol_3,180.0,programme_180_window,0.0,60.0,60.0,120.0,120.0,180.0,182.183,237,237,237,711
alcohol_o3,181.929,programme_180_window,0.0,60.0,60.0,120.0,120.0,180.0,181.929,237,237,237,711
alcohol_4,180.0,programme_180_window,0.0,60.0,60.0,120.0,120.0,180.0,182.2,237,237,237,711
alcohol_o4,181.93,programme_180_window,0.0,60.0,60.0,120.0,120.0,180.0,181.93,237,237,237,711
alcohol_5,180.0,programme_180_window,0.0,60.0,60.0,120.0,120.0,180.0,182.2,237,237,237,711
alcohol_o5,182.183,programme_180_window,0.0,60.0,60.0,120.0,120.0,180.0,182.183,237,237,237,711
alcohol_6,180.0,programme_180_window,0.0,60.0,60.0,120.0,120.0,180.0,181.93,237,237,237,711
alcohol_o6,182.182,programme_180_window,0.0,60.0,60.0,120.0,120.0,180.0,182.182,237,237,237,711
alcohol_7,180.0,programme_180_window,0.0,60.0,60.0,120.0,120.0,180.0,181.93,237,237,237,711
alcohol_o7,181.929,programme_180_window,0.0,60.0,60.0,120.0,120.0,180.0,181.929,237,237,237,711
alcohol_8,180.0,programme_180_window,0.0,60.0,60.0,120.0,120.0,180.0,182.183,237,237,237,711
alcohol_o8,181.929,programme_180_window,0.0,60.0,60.0,120.0,120.0,180.0,181.929,237,237,237,711
alcohol_9,180.0,programme_180_window,0.0,60.0,60.0,120.0,120.0,180.0,181.947,237,237,237,711
alcohol_o9,181.93,programme_180_window,0.0,60.0,60.0,120.0,120.0,180.0,181.93,237,237,237,711
alcohol_10,180.0,programme_180_window,0.0,60.0,60.0,120.0,120.0,180.0,181.946,237,237,237,711
alcohol_o10,182.164,programme_180_window,0.0,60.0,60.0,120.0,120.0,180.0,182.164,237,237,237,711
alcohol_11,180.0,programme_180_window,0.0,60.0,60.0,120.0,120.0,180.0,182.183,237,237,237,711
alcohol_o11,181.929,programme_180_window,0.0,60.0,60.0,120.0,120.0,180.0,181.929,237,237,237,711
alcohol_12,180.0,programme_180_window,0.0,60.0,60.0,120.0,120.0,180.0,182.183,237,237,237,711
alcohol_o12,182.182,programme_180_window,0.0,60.0,60.0,120.0,120.0,180.0,182.182,237,237,237,711
alcohol_13,180.0,programme_180_window,0.0,60.0,60.0,120.0,120.0,180.0,181.93,237,237,237,711
alcohol_14,180.0,programme_180_window,0.0,60.0,60.0,120.0,120.0,180.0,181.929,237,237,237,711
alcohol_15,180.0,programme_180_window,0.0,60.0,60.0,120.0,120.0,180.0,181.929,237,237,237,711
alcohol_16,180.0,programme_180_window,0.0,60.0,60.0,120.0,120.0,180.0,181.946,237,237,237,711
alcohol_17,180.0,programme_180_window,0.0,60.0,60.0,120.0,120.0,180.0,182.2,237,237,237,711
alcohol_18,180.0,programme_180_window,0.0,60.0,60.0,120.0,120.0,180.0,182.199,237,237,237,711
alcohol_19,180.0,programme_180_window,0.0,60.0,60.0,120.0,120.0,180.0,181.947,237,237,237,711
alcohol_20,180.0,programme_180_window,0.0,60.0,60.0,120.0,120.0,180.0,181.946,237,237,237,711
alcohol_21,180.0,programme_180_window,0.0,60.0,60.0,120.0,120.0,180.0,181.93,237,237,237,711
alcohol_22,180.0,programme_180_window,0.0,60.0,60.0,120.0,120.0,180.0,181.946,237,237,237,711
alcohol_23,180.0,programme_180_window,0.0,60.0,60.0,120.0,120.0,180.0,181.946,237,237,237,711
alcohol_24,180.0,programme_180_window,0.0,60.0,60.0,120.0,120.0,180.0,181.946,237,237,237,711
alcohol_25,180.0,programme_180_window,0.0,60.0,60.0,120.0,120.0,180.0,181.946,237,237,237,711
alcohol_26,180.0,programme_180_window,0.0,60.0,60.0,120.0,120.0,180.0,181.945,237,237,237,711
alcohol_27,180.0,programme_180_window,0.0,60.0,60.0,120.0,120.0,180.0,182.162,237,237,237,711
alcohol_28,180.0,programme_180_window,0.0,60.0,60.0,120.0,120.0,180.0,182.183,237,237,237,711
alcohol_29,180.0,programme_180_window,0.0,60.0,60.0,120.0,120.0,180.0,181.93,237,237,237,711
alcohol_30,180.0,programme_180_window,0.0,60.0,60.0,120.0,120.0,180.0,182.183,237,237,237,711
alcohol_31,180.0,programme_180_window,0.0,60.0,60.0,120.0,120.0,180.0,182.2,237,237,237,711
alcohol_32,180.0,programme_180_window,0.0,60.0,60.0,120.0,120.0,180.0,181.91,237,237,237,711
alcohol_33,180.0,programme_180_window,0.0,60.0,60.0,120.0,120.0,180.0,181.929,237,237,237,711
alcohol_34,180.0,programme_180_window,0.0,60.0,60.0,120.0,120.0,180.0,181.929,237,237,237,711
alcohol_35,180.0,programme_180_window,0.0,60.0,60.0,120.0,120.0,180.0,181.93,237,237,237,711
alcohol_36,180.0,programme_180_window,0.0,60.0,60.0,120.0,120.0,180.0,182.183,237,237,237,711
alcohol_37,180.0,programme_180_window,0.0,60.0,60.0,120.0,120.0,180.0,182.183,237,237,237,711
alcohol_38,180.0,programme_180_window,0.0,60.0,60.0,120.0,120.0,180.0,182.185,237,237,237,711
alcohol_39,130.0,programme_130,0.0,60.0,60.0,70.0,70.0,132.013,132.013,237,40,245,522
alcohol_40,130.0,programme_130,0.0,60.0,60.0,70.0,70.0,131.998,131.998,237,40,245,522
alcohol_41,130.0,programme_130,0.0,60.0,60.0,70.0,70.0,132.013,132.013,237,40,245,522
alcohol_42,130.0,programme_130,0.0,60.0,60.0,70.0,70.0,132.024,132.024,237,40,245,522
alcohol_43,130.0,programme_130,0.0,60.0,60.0,70.0,70.0,132.026,132.026,237,40,245,522
alcohol_44,130.0,programme_130,0.0,60.0,60.0,70.0,70.0,132.013,132.013,237,40,245,522
alcohol_45,130.0,programme_130,0.0,60.0,60.0,70.0,70.0,132.013,132.013,237,40,245,522
alcohol_46,130.0,programme_130,0.0,60.0,60.0,70.0,70.0,132.014,132.014,237,40,245,522
alcohol_47,130.0,programme_130,0.0,60.0,60.0,70.0,70.0,131.76,131.76,237,40,244,521
alcohol_48,125.0,programme_125,0.0,60.0,60.0,65.0,65.0,127.185,127.185,237,20,246,503
alcohol_49,125.0,programme_125,0.0,60.0,60.0,65.0,65.0,126.945,126.945,237,20,245,502
alcohol_50,125.0,programme_125,0.0,60.0,60.0,65.0,65.0,127.185,127.185,237,20,246,503
alcohol_51,125.0,programme_125,0.0,60.0,60.0,65.0,65.0,126.933,126.933,237,20,245,502
alcohol_52,180.0,programme_180_window,0.0,60.0,60.0,120.0,120.0,180.0,181.909,237,237,237,711
alcohol_53,180.0,programme_180_window,0.0,60.0,60.0,120.0,120.0,180.0,182.18,237,237,237,711
alcohol_54,180.0,programme_180_window,0.0,60.0,60.0,120.0,120.0,180.0,182.183,237,237,237,711
alcohol_55,180.0,programme_180_window,0.0,60.0,60.0,120.0,120.0,180.0,182.182,237,237,237,711
alcohol_56,180.0,programme_180_window,0.0,60.0,60.0,120.0,120.0,180.0,181.909,237,237,237,711
alcohol_57,180.0,programme_180_window,0.0,60.0,60.0,120.0,120.0,180.0,182.183,237,237,237,711
alcohol_58,180.0,programme_180_window,0.0,60.0,60.0,120.0,120.0,180.0,182.183,237,237,237,711
alcohol_59,180.0,programme_180_window,0.0,60.0,60.0,120.0,120.0,180.0,181.929,237,237,237,711
alcohol_60,180.0,programme_180_window,0.0,60.0,60.0,120.0,120.0,180.0,181.946,237,237,237,711
alcohol_61,180.0,programme_180_window,0.0,60.0,60.0,120.0,120.0,180.0,181.929,237,237,237,711
alcohol_62,180.0,programme_180_window,0.0,60.0,60.0,120.0,120.0,180.0,181.929,237,237,237,711
alcohol_63,180.0,programme_180_window,0.0,60.0,60.0,120.0,120.0,180.0,182.2,237,237,237,711
alcohol_64,180.0,programme_180_window,0.0,60.0,60.0,120.0,120.0,180.0,182.183,237,237,237,711
alcohol_65,180.0,programme_180_window,0.0,60.0,60.0,120.0,120.0,180.0,181.93,237,237,237,711
alcohol_66,180.0,programme_180_window,0.0,60.0,60.0,120.0,120.0,180.0,181.93,237,237,237,711
alcohol_67,180.0,programme_180_window,0.0,60.0,60.0,120.0,120.0,180.0,182.163,237,237,237,711
alcohol_68,180.0,programme_180_window,0.0,60.0,60.0,120.0,120.0,180.0,181.91,237,237,237,711
alcohol_69,180.0,programme_180_window,0.0,60.0,60.0,120.0,120.0,180.0,181.929,237,237,237,711
alcohol_70,180.0,programme_180_window,0.0,60.0,60.0,120.0,120.0,180.0,182.183,237,237,237,711
alcohol_71,180.0,programme_180_window,0.0,60.0,60.0,120.0,120.0,180.0,182.184,237,237,237,711
alcohol_72,180.0,programme_180_window,0.0,60.0,60.0,120.0,120.0,180.0,181.93,237,237,237,711
alcohol_73,180.0,programme_180_window,0.0,60.0,60.0,120.0,120.0,180.0,182.183,237,237,237,711
alcohol_74,180.0,programme_180_window,0.0,60.0,60.0,120.0,120.0,180.0,181.901,237,237,237,711
alcohol_75,180.0,programme_180_window,0.0,60.0,60.0,120.0,120.0,180.0,181.91,237,237,237,711
alcohol_76,180.0,programme_180_window,0.0,60.0,60.0,120.0,120.0,180.0,181.909,237,237,237,711
alcohol_77,180.0,programme_180_window,0.0,60.0,60.0,120.0,120.0,180.0,182.184,237,237,237,711
alcohol_78,180.0,programme_180_window,0.0,60.0,60.0,120.0,120.0,180.0,182.183,237,237,237,711
alcohol_79,180.0,programme_180_window,0.0,60.0,60.0,120.0,120.0,180.0,181.929,237,237,237,711
alcohol_80,180.0,programme_180_window,0.0,60.0,60.0,120.0,120.0,180.0,182.183,237,237,237,711
alcohol_81,180.0,programme_180_window,0.0,60.0,60.0,120.0,120.0,180.0,182.183,237,237,237,711
alcohol_82,180.0,programme_180_window,0.0,60.0,60.0,120.0,120.0,180.0,182.183,237,237,237,711
alcohol_83,180.0,programme_180_window,0.0,60.0,60.0,120.0,120.0,180.0,181.93,237,237,237,711
alcohol_84,180.0,programme_180_window,0.0,60.0,60.0,120.0,120.0,180.0,181.931,237,237,237,711
alcohol_85,180.0,programme_180_window,0.0,60.0,60.0,120.0,120.0,180.0,181.93,237,237,237,711
alcohol_86,180.0,programme_180_window,0.0,60.0,60.0,120.0,120.0,180.0,181.93,237,237,237,711
alcohol_87,180.0,programme_180_window,0.0,60.0,60.0,120.0,120.0,180.0,181.93,237,237,237,711
alcohol_88,180.0,programme_180_window,0.0,60.0,60.0,120.0,120.0,180.0,181.93,237,237,237,711
alcohol_89,180.0,programme_180_window,0.0,60.0,60.0,120.0,120.0,180.0,182.184,237,237,237,711
alcohol_90,180.0,programme_180_window,0.0,60.0,60.0,120.0,120.0,180.0,182.184,237,237,237,711
alcohol_91,180.0,programme_180_window,0.0,60.0,60.0,120.0,120.0,180.0,182.183,237,237,237,711
alcohol_92,180.0,programme_180_window,0.0,60.0,60.0,120.0,120.0,180.0,182.184,237,237,237,711
alcohol_93,180.0,programme_180_window,0.0,60.0,60.0,120.0,120.0,180.0,181.929,237,237,237,711
alcohol_94,180.0,programme_180_window,0.0,60.0,60.0,120.0,120.0,180.0,181.929,237,237,237,711
alcohol_95,180.0,programme_180_window,0.0,60.0,60.0,120.0,120.0,180.0,181.928,237,237,237,711
alcohol_96,180.0,programme_180_window,0.0,60.0,60.0,120.0,120.0,180.0,181.929,237,237,237,711
acetone_1,180.0,programme_180_window,0.0,60.0,60.0,120.0,120.0,180.0,181.93,237,237,237,711
acetone_o1,181.929,programme_180_window,0.0,60.0,60.0,120.0,120.0,180.0,181.929,237,237,237,711
acetone_2,180.0,programme_180_window,0.0,60.0,60.0,120.0,120.0,180.0,181.93,237,237,237,711
acetone_o2,182.183,programme_180_window,0.0,60.0,60.0,120.0,120.0,180.0,182.183,237,237,237,711
acetone_3,180.0,programme_180_window,0.0,60.0,60.0,120.0,120.0,180.0,181.93,237,237,237,711
acetone_o3,181.908,programme_180_window,0.0,60.0,60.0,120.0,120.0,180.0,181.908,237,237,237,711
acetone_4,180.0,programme_180_window,0.0,60.0,60.0,120.0,120.0,180.0,181.929,237,237,237,711
acetone_o4,182.183,programme_180_window,0.0,60.0,60.0,120.0,120.0,180.0,182.183,237,237,237,711
acetone_5,180.0,programme_180_window,0.0,60.0,60.0,120.0,120.0,180.0,181.945,237,237,237,711
acetone_o5,181.93,programme_180_window,0.0,60.0,60.0,120.0,120.0,180.0,181.93,237,237,237,711
acetone_6,180.0,programme_180_window,0.0,60.0,60.0,120.0,120.0,180.0,181.93,237,237,237,711
acetone_o6,181.929,programme_180_window,0.0,60.0,60.0,120.0,120.0,180.0,181.929,237,237,237,711
acetone_7,180.0,programme_180_window,0.0,60.0,60.0,120.0,120.0,180.0,181.93,237,237,237,711
acetone_o7,181.929,programme_180_window,0.0,60.0,60.0,120.0,120.0,180.0,181.929,237,237,237,711
acetone_8,180.0,programme_180_window,0.0,60.0,60.0,120.0,120.0,180.0,181.93,237,237,237,711
acetone_o8,181.929,programme_180_window,0.0,60.0,60.0,120.0,120.0,180.0,181.929,237,237,237,711
acetone_9,180.0,programme_180_window,0.0,60.0,60.0,120.0,120.0,180.0,181.946,237,237,237,711
acetone_o9,181.93,programme_180_window,0.0,60.0,60.0,120.0,120.0,180.0,181.93,237,237,237,711
acetone_10,180.0,programme_180_window,0.0,60.0,60.0,120.0,120.0,180.0,181.946,237,237,237,711
acetone_o10,181.93,programme_180_window,0.0,60.0,60.0,120.0,120.0,180.0,181.93,237,237,237,711
acetone_11,180.0,programme_180_window,0.0,60.0,60.0,120.0,120.0,180.0,181.929,237,237,237,711
acetone_o11,181.93,programme_180_window,0.0,60.0,60.0,120.0,120.0,180.0,181.93,237,237,237,711
acetone_12,180.0,programme_180_window,0.0,60.0,60.0,120.0,120.0,180.0,181.929,237,237,237,711
acetone_o12,181.93,programme_180_window,0.0,60.0,60.0,120.0,120.0,180.0,181.93,237,237,237,711
acetone_13,180.0,programme_180_window,0.0,60.0,60.0,120.0,120.0,180.0,182.183,237,237,237,711
acetone_14,180.0,programme_180_window,0.0,60.0,60.0,120.0,120.0,180.0,181.93,237,237,237,711
acetone_15,180.0,programme_180_window,0.0,60.0,60.0,120.0,120.0,180.0,181.929,237,237,237,711
acetone_16,180.0,programme_180_window,0.0,60.0,60.0,120.0,120.0,180.0,181.946,237,237,237,711
acetone_17,180.0,programme_180_window,0.0,60.0,60.0,120.0,120.0,180.0,181.947,237,237,237,711
acetone_18,180.0,programme_180_window,0.0,60.0,60.0,120.0,120.0,180.0,181.947,237,237,237,711
acetone_19,180.0,programme_180_window,0.0,60.0,60.0,120.0,120.0,180.0,182.201,237,237,237,711
acetone_20,180.0,programme_180_window,0.0,60.0,60.0,120.0,120.0,180.0,180.172,237,237,237,711
acetone_21,180.0,programme_180_window,0.0,60.0,60.0,120.0,120.0,180.0,182.2,237,237,237,711
acetone_22,180.0,programme_180_window,0.0,60.0,60.0,120.0,120.0,180.0,181.946,237,237,237,711
acetone_23,180.0,programme_180_window,0.0,60.0,60.0,120.0,120.0,180.0,181.946,237,237,237,711
acetone_24,180.0,programme_180_window,0.0,60.0,60.0,120.0,120.0,180.0,181.932,237,237,237,711
acetone_25,180.0,programme_180_window,0.0,60.0,60.0,120.0,120.0,180.0,181.946,237,237,237,711
acetone_26,180.0,programme_180_window,0.0,60.0,60.0,120.0,120.0,180.0,182.199,237,237,237,711
acetone_27,180.0,programme_180_window,0.0,60.0,60.0,120.0,120.0,180.0,182.183,237,237,237,711
acetone_28,180.0,programme_180_window,0.0,60.0,60.0,120.0,120.0,180.0,181.93,237,237,237,711
acetone_29,180.0,programme_180_window,0.0,60.0,60.0,120.0,120.0,180.0,181.929,237,237,237,711
acetone_30,180.0,programme_180_window,0.0,60.0,60.0,120.0,120.0,180.0,181.93,237,237,237,711
acetone_31,180.0,programme_180_window,0.0,60.0,60.0,120.0,120.0,180.0,181.946,237,237,237,711
acetone_32,180.0,programme_180_window,0.0,60.0,60.0,120.0,120.0,180.0,181.909,237,237,237,711
acetone_33,180.0,programme_180_window,0.0,60.0,60.0,120.0,120.0,180.0,181.93,237,237,237,711
acetone_34,180.0,programme_180_window,0.0,60.0,60.0,120.0,120.0,169.26,169.26,237,237,195,669
acetone_35,180.0,programme_180_window,0.0,60.0,60.0,120.0,120.0,180.0,181.929,237,237,237,711
acetone_36,180.0,programme_180_window,0.0,60.0,60.0,120.0,120.0,180.0,181.93,237,237,237,711
acetone_37,180.0,programme_180_window,0.0,60.0,60.0,120.0,120.0,180.0,182.184,237,237,237,711
acetone_38,180.0,programme_180_window,0.0,60.0,60.0,120.0,120.0,180.0,181.947,237,237,237,711
acetone_39,130.0,programme_130,0.0,60.0,60.0,70.0,70.0,131.735,131.735,237,40,244,521
acetone_40,130.0,programme_130,0.0,60.0,60.0,70.0,70.0,131.998,131.998,237,40,245,522
acetone_41,130.0,programme_130,0.0,60.0,60.0,70.0,70.0,131.999,131.999,237,40,245,522
acetone_42,130.0,programme_130,0.0,60.0,60.0,70.0,70.0,132.025,132.025,237,40,245,522
acetone_43,130.0,programme_130,0.0,60.0,60.0,70.0,70.0,132.024,132.024,237,40,245,522
acetone_44,130.0,programme_130,0.0,60.0,60.0,70.0,70.0,131.761,131.761,237,40,244,521
acetone_45,130.0,programme_130,0.0,60.0,60.0,70.0,70.0,132.013,132.013,237,40,245,522
acetone_46,130.0,programme_130,0.0,60.0,60.0,70.0,70.0,132.025,132.025,237,40,245,522
acetone_47,130.0,programme_130,0.0,60.0,60.0,70.0,70.0,132.025,132.025,237,40,245,522
acetone_48,125.0,programme_125,0.0,60.0,60.0,65.0,65.0,126.945,126.945,237,20,245,502
acetone_49,125.0,programme_125,0.0,60.0,60.0,65.0,65.0,126.945,126.945,237,20,245,502
acetone_50,125.0,programme_125,0.0,60.0,60.0,65.0,65.0,126.946,126.946,237,20,245,502
acetone_51,125.0,programme_125,0.0,60.0,60.0,65.0,65.0,126.945,126.945,237,20,245,502
acetone_52,180.0,programme_180_window,0.0,60.0,60.0,120.0,120.0,180.0,181.93,237,237,237,711
acetone_53,180.0,programme_180_window,0.0,60.0,60.0,120.0,120.0,180.0,181.929,237,237,237,711
acetone_54,180.0,programme_180_window,0.0,60.0,60.0,120.0,120.0,180.0,181.93,237,237,237,711
acetone_55,180.0,programme_180_window,0.0,60.0,60.0,120.0,120.0,180.0,181.93,237,237,237,711
acetone_56,180.0,programme_180_window,0.0,60.0,60.0,120.0,120.0,180.0,182.163,237,237,237,711
acetone_57,180.0,programme_180_window,0.0,60.0,60.0,120.0,120.0,180.0,181.929,237,237,237,711
acetone_58,180.0,programme_180_window,0.0,60.0,60.0,120.0,120.0,180.0,182.183,237,237,237,711
acetone_59,180.0,programme_180_window,0.0,60.0,60.0,120.0,120.0,180.0,181.93,237,237,237,711
acetone_60,180.0,programme_180_window,0.0,60.0,60.0,120.0,120.0,180.0,181.946,237,237,237,711
acetone_61,180.0,programme_180_window,0.0,60.0,60.0,120.0,120.0,180.0,181.93,237,237,237,711
acetone_62,180.0,programme_180_window,0.0,60.0,60.0,120.0,120.0,180.0,181.91,237,237,237,711
acetone_63,180.0,programme_180_window,0.0,60.0,60.0,120.0,120.0,180.0,182.2,237,237,237,711
acetone_64,180.0,programme_180_window,0.0,60.0,60.0,120.0,120.0,180.0,181.93,237,237,237,711
acetone_65,180.0,programme_180_window,0.0,60.0,60.0,120.0,120.0,180.0,182.183,237,237,237,711
acetone_66,180.0,programme_180_window,0.0,60.0,60.0,120.0,120.0,180.0,181.931,237,237,237,711
acetone_67,180.0,programme_180_window,0.0,60.0,60.0,120.0,120.0,180.0,181.929,237,237,237,711
acetone_68,180.0,programme_180_window,0.0,60.0,60.0,120.0,120.0,180.0,181.93,237,237,237,711
acetone_69,180.0,programme_180_window,0.0,60.0,60.0,120.0,120.0,180.0,182.171,237,237,237,711
acetone_70,180.0,programme_180_window,0.0,60.0,60.0,120.0,120.0,180.0,182.184,237,237,237,711
acetone_71,180.0,programme_180_window,0.0,60.0,60.0,120.0,120.0,180.0,181.93,237,237,237,711
acetone_72,180.0,programme_180_window,0.0,60.0,60.0,120.0,120.0,180.0,182.182,237,237,237,711
acetone_73,180.0,programme_180_window,0.0,60.0,60.0,120.0,120.0,180.0,181.93,237,237,237,711
acetone_74,180.0,programme_180_window,0.0,60.0,60.0,120.0,120.0,180.0,182.181,237,237,237,711
acetone_75,180.0,programme_180_window,0.0,60.0,60.0,120.0,120.0,180.0,181.93,237,237,237,711
acetone_76,180.0,programme_180_window,0.0,60.0,60.0,120.0,120.0,180.0,182.183,237,237,237,711
acetone_77,180.0,programme_180_window,0.0,60.0,60.0,120.0,120.0,180.0,182.183,237,237,237,711
acetone_78,180.0,programme_180_window,0.0,60.0,60.0,120.0,120.0,180.0,181.93,237,237,237,711
acetone_79,180.0,programme_180_window,0.0,60.0,60.0,120.0,120.0,180.0,181.93,237,237,237,711
acetone_80,180.0,programme_180_window,0.0,60.0,60.0,120.0,120.0,180.0,182.2,237,237,237,711
acetone_81,180.0,programme_180_window,0.0,60.0,60.0,120.0,120.0,180.0,181.929,237,237,237,711
acetone_82,180.0,programme_180_window,0.0,60.0,60.0,120.0,120.0,180.0,182.183,237,237,237,711
acetone_83,180.0,programme_180_window,0.0,60.0,60.0,120.0,120.0,180.0,181.929,237,237,237,711
acetone_84,180.0,programme_180_window,0.0,60.0,60.0,120.0,120.0,180.0,181.931,237,237,237,711
acetone_85,180.0,programme_180_window,0.0,60.0,60.0,120.0,120.0,180.0,181.93,237,237,237,711
acetone_86,180.0,programme_180_window,0.0,60.0,60.0,120.0,120.0,180.0,181.93,237,237,237,711
acetone_87,180.0,programme_180_window,0.0,60.0,60.0,120.0,120.0,180.0,181.93,237,237,237,711
acetone_88,180.0,programme_180_window,0.0,60.0,60.0,120.0,120.0,180.0,181.931,237,237,237,711
acetone_89,180.0,programme_180_window,0.0,60.0,60.0,120.0,120.0,180.0,181.93,237,237,237,711
acetone_90,180.0,programme_180_window,0.0,60.0,60.0,120.0,120.0,180.0,182.183,237,237,237,711
acetone_91,180.0,programme_180_window,0.0,60.0,60.0,120.0,120.0,180.0,181.909,237,237,237,711
acetone_92,180.0,programme_180_window,0.0,60.0,60.0,120.0,120.0,180.0,182.163,237,237,237,711
acetone_93,180.0,programme_180_window,0.0,60.0,60.0,120.0,120.0,180.0,181.909,237,237,237,711
acetone_94,180.0,programme_180_window,0.0,60.0,60.0,120.0,120.0,180.0,181.91,237,237,237,711
acetone_95,180.0,programme_180_window,0.0,60.0,60.0,120.0,120.0,180.0,181.928,237,237,237,711
acetone_96,180.0,programme_180_window,0.0,60.0,60.0,120.0,120.0,180.0,181.929,237,237,237,711
