architecture,split,variant,probe_variant,mode,seed,best_epoch,final_training,label_usage,latent_dimension,logistic_params,neural_test_accuracy,lr_train_accuracy,lr_test_accuracy,lr_test_balanced_accuracy,lr_test_macro_f1,lr_minus_neural_accuracy
one-layer,S1_train_I_test_all,MLP Source-only,Frozen MLP Source-only features + Logistic Regression,uda,0,400,source-only; no refit,source labels only,16,C=1.0;class_weight=balanced;solver=lbfgs;max_iter=2000,0.7875457875457875,1.0,0.8021978021978022,0.8028549382716049,0.8054872585889955,0.0146520146520147
one-layer,S1_train_I_test_all,MLP Source-only,Frozen MLP Source-only features + Logistic Regression,uda,1,400,source-only; no refit,source labels only,16,C=1.0;class_weight=balanced;solver=lbfgs;max_iter=2000,0.7985347985347986,1.0,0.8131868131868132,0.8132716049382717,0.8146044143608774,0.0146520146520146
one-layer,S1_train_I_test_all,MLP Source-only,Frozen MLP Source-only features + Logistic Regression,uda,2,400,source-only; no refit,source labels only,16,C=1.0;class_weight=balanced;solver=lbfgs;max_iter=2000,0.8095238095238095,1.0,0.8315018315018315,0.831275720164609,0.833634665396452,0.021978021978022
one-layer,S1_train_I_test_all,MLP Source-only,Frozen MLP Source-only features + Logistic Regression,uda,3,400,source-only; no refit,source labels only,16,C=1.0;class_weight=balanced;solver=lbfgs;max_iter=2000,0.8058608058608059,1.0,0.8205128205128205,0.8195730452674898,0.8255659020364904,0.0146520146520146
one-layer,S1_train_I_test_all,MLP Source-only,Frozen MLP Source-only features + Logistic Regression,uda,4,400,source-only; no refit,source labels only,16,C=1.0;class_weight=balanced;solver=lbfgs;max_iter=2000,0.7985347985347986,1.0,0.8205128205128205,0.820216049382716,0.8241828119429099,0.0219780219780219
one-layer,S2_train_I_internal_val_test_all,MLP Source-only,Frozen MLP Source-only features + Logistic Regression,uda,0,10,source train+source validation refit,source train + source validation labels,16,C=1.0;class_weight=balanced;solver=lbfgs;max_iter=2000,0.6556776556776557,0.9333333333333332,0.7326007326007326,0.7413837448559671,0.7431660025983414,0.0769230769230768
one-layer,S2_train_I_internal_val_test_all,MLP Source-only,Frozen MLP Source-only features + Logistic Regression,uda,1,10,source train+source validation refit,source train + source validation labels,16,C=1.0;class_weight=balanced;solver=lbfgs;max_iter=2000,0.7032967032967034,0.9666666666666668,0.7472527472527473,0.753343621399177,0.7606945198046664,0.0439560439560439
one-layer,S2_train_I_internal_val_test_all,MLP Source-only,Frozen MLP Source-only features + Logistic Regression,uda,2,20,source train+source validation refit,source train + source validation labels,16,C=1.0;class_weight=balanced;solver=lbfgs;max_iter=2000,0.717948717948718,1.0,0.8131868131868132,0.8139146090534979,0.8193612038690743,0.0952380952380952
one-layer,S2_train_I_internal_val_test_all,MLP Source-only,Frozen MLP Source-only features + Logistic Regression,uda,3,20,source train+source validation refit,source train + source validation labels,16,C=1.0;class_weight=balanced;solver=lbfgs;max_iter=2000,0.6593406593406593,1.0,0.7802197802197802,0.782664609053498,0.7872081714806622,0.1208791208791209
one-layer,S2_train_I_internal_val_test_all,MLP Source-only,Frozen MLP Source-only features + Logistic Regression,uda,4,80,source train+source validation refit,source train + source validation labels,16,C=1.0;class_weight=balanced;solver=lbfgs;max_iter=2000,0.7985347985347986,1.0,0.8131868131868132,0.8132716049382717,0.8168651717790051,0.0146520146520146
one-layer,S3_train_I_internal_20_10_test_all,MLP Source-only,Frozen MLP Source-only features + Logistic Regression,uda,0,10,source train+source validation refit,source train + source validation labels,16,C=1.0;class_weight=balanced;solver=lbfgs;max_iter=2000,0.6703296703296703,0.9333333333333332,0.7582417582417582,0.7663323045267489,0.770864465268,0.0879120879120879
one-layer,S3_train_I_internal_20_10_test_all,MLP Source-only,Frozen MLP Source-only features + Logistic Regression,uda,1,10,source train+source validation refit,source train + source validation labels,16,C=1.0;class_weight=balanced;solver=lbfgs;max_iter=2000,0.6776556776556777,0.9333333333333332,0.7435897435897436,0.750514403292181,0.7566648629148629,0.0659340659340659
one-layer,S3_train_I_internal_20_10_test_all,MLP Source-only,Frozen MLP Source-only features + Logistic Regression,uda,2,10,source train+source validation refit,source train + source validation labels,16,C=1.0;class_weight=balanced;solver=lbfgs;max_iter=2000,0.6556776556776557,0.9333333333333332,0.7765567765567766,0.7830504115226337,0.7880722938194203,0.1208791208791209
one-layer,S3_train_I_internal_20_10_test_all,MLP Source-only,Frozen MLP Source-only features + Logistic Regression,uda,3,20,source train+source validation refit,source train + source validation labels,16,C=1.0;class_weight=balanced;solver=lbfgs;max_iter=2000,0.652014652014652,0.9666666666666668,0.7582417582417582,0.7618312757201647,0.7681679495180639,0.1062271062271061
one-layer,S3_train_I_internal_20_10_test_all,MLP Source-only,Frozen MLP Source-only features + Logistic Regression,uda,4,10,source train+source validation refit,source train + source validation labels,16,C=1.0;class_weight=balanced;solver=lbfgs;max_iter=2000,0.6483516483516484,0.9333333333333332,0.7838827838827839,0.7912808641975309,0.7958115589293095,0.1355311355311355
one-layer,S4_train_I_val_D1_2,MLP Source+Target,Frozen MLP Source+Target features + Logistic Regression,semi,0,200,Source+Target refit,source + labeled target,16,C=1.0;class_weight=balanced;solver=lbfgs;max_iter=2000,0.8734693877551021,1.0,0.8734693877551021,0.8763937559732399,0.8757848757848757,0.0
one-layer,S4_train_I_val_D1_2,MLP Source+Target,Frozen MLP Source+Target features + Logistic Regression,semi,1,180,Source+Target refit,source + labeled target,16,C=1.0;class_weight=balanced;solver=lbfgs;max_iter=2000,0.8734693877551021,1.0,0.8816326530612245,0.8841456939577359,0.882955106340368,0.0081632653061224
one-layer,S4_train_I_val_D1_2,MLP Source+Target,Frozen MLP Source+Target features + Logistic Regression,semi,2,60,Source+Target refit,source + labeled target,16,C=1.0;class_weight=balanced;solver=lbfgs;max_iter=2000,0.8693877551020408,1.0,0.8816326530612245,0.8841456939577359,0.8825985030362943,0.0122448979591837
one-layer,S4_train_I_val_D1_2,MLP Source+Target,Frozen MLP Source+Target features + Logistic Regression,semi,3,130,Source+Target refit,source + labeled target,16,C=1.0;class_weight=balanced;solver=lbfgs;max_iter=2000,0.8448979591836735,1.0,0.8816326530612245,0.8841456939577359,0.8826173957441696,0.036734693877551
one-layer,S4_train_I_val_D1_2,MLP Source+Target,Frozen MLP Source+Target features + Logistic Regression,semi,4,90,Source+Target refit,source + labeled target,16,C=1.0;class_weight=balanced;solver=lbfgs;max_iter=2000,0.8693877551020408,1.0,0.8612244897959184,0.8647658489964957,0.8619260686996627,-0.008163265306122436
one-layer,S4_train_I_val_D1_2,MLP Source-only,Frozen MLP Source-only features + Logistic Regression,uda,0,400,source-only; no refit,source labels only,16,C=1.0;class_weight=balanced;solver=lbfgs;max_iter=2000,0.7877551020408163,1.0,0.8,0.8011043856854624,0.8024083196496989,0.01224489795918371
one-layer,S4_train_I_val_D1_2,MLP Source-only,Frozen MLP Source-only features + Logistic Regression,uda,1,400,source-only; no refit,source labels only,16,C=1.0;class_weight=balanced;solver=lbfgs;max_iter=2000,0.7918367346938775,1.0,0.8081632653061225,0.8081660826165445,0.8085277079437825,0.016326530612244983
one-layer,S4_train_I_val_D1_2,MLP Source-only,Frozen MLP Source-only features + Logistic Regression,uda,2,400,source-only; no refit,source labels only,16,C=1.0;class_weight=balanced;solver=lbfgs;max_iter=2000,0.8081632653061225,1.0,0.8285714285714286,0.8282361686311989,0.8298532842393552,0.020408163265306145
one-layer,S4_train_I_val_D1_2,MLP Source-only,Frozen MLP Source-only features + Logistic Regression,uda,3,400,source-only; no refit,source labels only,16,C=1.0;class_weight=balanced;solver=lbfgs;max_iter=2000,0.7959183673469388,1.0,0.8081632653061225,0.8081660826165447,0.8130208744636604,0.01224489795918371
one-layer,S4_train_I_val_D1_2,MLP Source-only,Frozen MLP Source-only features + Logistic Regression,uda,4,400,source-only; no refit,source labels only,16,C=1.0;class_weight=balanced;solver=lbfgs;max_iter=2000,0.8,1.0,0.8204081632653061,0.8204842306467027,0.8231310998383837,0.020408163265306034
one-layer,S5_train_I_D1_val_D2_3,MLP Source+Target,Frozen MLP Source+Target features + Logistic Regression,semi,0,190,Source+Target refit,source + labeled target,16,C=1.0;class_weight=balanced;solver=lbfgs;max_iter=2000,0.8787878787878788,1.0,0.9004329004329005,0.9017713365539453,0.9027372587768814,0.02164502164502169
one-layer,S5_train_I_D1_val_D2_3,MLP Source+Target,Frozen MLP Source+Target features + Logistic Regression,semi,1,20,Source+Target refit,source + labeled target,16,C=1.0;class_weight=balanced;solver=lbfgs;max_iter=2000,0.8961038961038961,0.9722222222222222,0.9090909090909091,0.9092860976918948,0.9118124982786636,0.012987012987012991
one-layer,S5_train_I_D1_val_D2_3,MLP Source+Target,Frozen MLP Source+Target features + Logistic Regression,semi,2,290,Source+Target refit,source + labeled target,16,C=1.0;class_weight=balanced;solver=lbfgs;max_iter=2000,0.8831168831168831,1.0,0.9047619047619048,0.9058865628913938,0.9078518408820333,0.02164502164502169
one-layer,S5_train_I_D1_val_D2_3,MLP Source+Target,Frozen MLP Source+Target features + Logistic Regression,semi,3,40,Source+Target refit,source + labeled target,16,C=1.0;class_weight=balanced;solver=lbfgs;max_iter=2000,0.8787878787878788,1.0,0.9090909090909091,0.9092860976918947,0.9115352078558518,0.030303030303030276
one-layer,S5_train_I_D1_val_D2_3,MLP Source+Target,Frozen MLP Source+Target features + Logistic Regression,semi,4,120,Source+Target refit,source + labeled target,16,C=1.0;class_weight=balanced;solver=lbfgs;max_iter=2000,0.8787878787878788,1.0,0.8917748917748918,0.8935408838790481,0.8938028202734084,0.012987012987012991
one-layer,S5_train_I_D1_val_D2_3,MLP Source-only,Frozen MLP Source-only features + Logistic Regression,uda,0,400,source-only; no refit,source labels only,16,C=1.0;class_weight=balanced;solver=lbfgs;max_iter=2000,0.7878787878787878,1.0,0.7965367965367965,0.7979960636965467,0.7987021198949266,0.008658008658008698
one-layer,S5_train_I_D1_val_D2_3,MLP Source-only,Frozen MLP Source-only features + Logistic Regression,uda,1,400,source-only; no refit,source labels only,16,C=1.0;class_weight=balanced;solver=lbfgs;max_iter=2000,0.7965367965367965,1.0,0.8138528138528138,0.8137412775093935,0.8153781591575858,0.017316017316017285
one-layer,S5_train_I_D1_val_D2_3,MLP Source-only,Frozen MLP Source-only features + Logistic Regression,uda,2,400,source-only; no refit,source labels only,16,C=1.0;class_weight=balanced;solver=lbfgs;max_iter=2000,0.8095238095238095,1.0,0.8268398268398268,0.8268026480586866,0.8278848265261308,0.017316017316017285
one-layer,S5_train_I_D1_val_D2_3,MLP Source-only,Frozen MLP Source-only features + Logistic Regression,uda,3,400,source-only; no refit,source labels only,16,C=1.0;class_weight=balanced;solver=lbfgs;max_iter=2000,0.7965367965367965,1.0,0.8051948051948052,0.8055108248344963,0.8098540892985593,0.008658008658008698
one-layer,S5_train_I_D1_val_D2_3,MLP Source-only,Frozen MLP Source-only features + Logistic Regression,uda,4,400,source-only; no refit,source labels only,16,C=1.0;class_weight=balanced;solver=lbfgs;max_iter=2000,0.7965367965367965,1.0,0.8181818181818182,0.8185721953837896,0.8207420052869875,0.02164502164502169
one-layer,S6_train_I_D1_2_val_D3_5,MLP Source+Target,Frozen MLP Source+Target features + Logistic Regression,semi,0,270,Source+Target refit,source + labeled target,16,C=1.0;class_weight=balanced;solver=lbfgs;max_iter=2000,0.946341463414634,1.0,0.9512195121951219,0.9500707951412176,0.9515735575865204,0.00487804878048792
one-layer,S6_train_I_D1_2_val_D3_5,MLP Source+Target,Frozen MLP Source+Target features + Logistic Regression,semi,1,350,Source+Target refit,source + labeled target,16,C=1.0;class_weight=balanced;solver=lbfgs;max_iter=2000,0.951219512195122,1.0,0.9512195121951219,0.9500707951412176,0.9515735575865204,-1.1102230246251565e-16
one-layer,S6_train_I_D1_2_val_D3_5,MLP Source+Target,Frozen MLP Source+Target features + Logistic Regression,semi,2,30,Source+Target refit,source + labeled target,16,C=1.0;class_weight=balanced;solver=lbfgs;max_iter=2000,0.9121951219512195,1.0,0.9317073170731708,0.9300991131977048,0.9316003793662616,0.019512195121951237
one-layer,S6_train_I_D1_2_val_D3_5,MLP Source+Target,Frozen MLP Source+Target features + Logistic Regression,semi,3,40,Source+Target refit,source + labeled target,16,C=1.0;class_weight=balanced;solver=lbfgs;max_iter=2000,0.9317073170731708,1.0,0.9560975609756097,0.9541694612117148,0.9562715390601427,0.024390243902438935
one-layer,S6_train_I_D1_2_val_D3_5,MLP Source+Target,Frozen MLP Source+Target features + Logistic Regression,semi,4,180,Source+Target refit,source + labeled target,16,C=1.0;class_weight=balanced;solver=lbfgs;max_iter=2000,0.951219512195122,1.0,0.9560975609756097,0.9547656308219689,0.9561669438504792,0.004878048780487698
one-layer,S6_train_I_D1_2_val_D3_5,MLP Source-only,Frozen MLP Source-only features + Logistic Regression,uda,0,400,source-only; no refit,source labels only,16,C=1.0;class_weight=balanced;solver=lbfgs;max_iter=2000,0.7853658536585366,1.0,0.7951219512195122,0.7956628660854013,0.796340023612751,0.009756097560975618
one-layer,S6_train_I_D1_2_val_D3_5,MLP Source-only,Frozen MLP Source-only features + Logistic Regression,uda,1,400,source-only; no refit,source labels only,16,C=1.0;class_weight=balanced;solver=lbfgs;max_iter=2000,0.7951219512195122,1.0,0.8146341463414634,0.8138460391981518,0.8161161835963407,0.019512195121951126
one-layer,S6_train_I_D1_2_val_D3_5,MLP Source-only,Frozen MLP Source-only features + Logistic Regression,uda,2,400,source-only; no refit,source labels only,16,C=1.0;class_weight=balanced;solver=lbfgs;max_iter=2000,0.8097560975609757,1.0,0.8292682926829268,0.8285267158506594,0.8305265195509097,0.019512195121951126
one-layer,S6_train_I_D1_2_val_D3_5,MLP Source-only,Frozen MLP Source-only features + Logistic Regression,uda,3,400,source-only; no refit,source labels only,16,C=1.0;class_weight=balanced;solver=lbfgs;max_iter=2000,0.7951219512195122,1.0,0.8048780487804879,0.8044563678366495,0.8091833971282516,0.009756097560975618
one-layer,S6_train_I_D1_2_val_D3_5,MLP Source-only,Frozen MLP Source-only features + Logistic Regression,uda,4,400,source-only; no refit,source labels only,16,C=1.0;class_weight=balanced;solver=lbfgs;max_iter=2000,0.8048780487804879,1.0,0.824390243902439,0.8238318801699083,0.8259885758437043,0.019512195121951126
one-layer,S7_train_I_D1_3_val_D4_5,MLP Source+Target,Frozen MLP Source+Target features + Logistic Regression,semi,0,30,Source+Target refit,source + labeled target,16,C=1.0;class_weight=balanced;solver=lbfgs;max_iter=2000,0.8975609756097561,1.0,0.9024390243902439,0.9001415902824353,0.9022369061584747,0.004878048780487809
one-layer,S7_train_I_D1_3_val_D4_5,MLP Source+Target,Frozen MLP Source+Target features + Logistic Regression,semi,1,30,Source+Target refit,source + labeled target,16,C=1.0;class_weight=balanced;solver=lbfgs;max_iter=2000,0.9365853658536586,1.0,0.9463414634146341,0.9447797898502124,0.9466209787604681,0.009756097560975507
one-layer,S7_train_I_D1_3_val_D4_5,MLP Source+Target,Frozen MLP Source+Target features + Logistic Regression,semi,2,30,Source+Target refit,source + labeled target,16,C=1.0;class_weight=balanced;solver=lbfgs;max_iter=2000,0.9073170731707316,1.0,0.926829268292683,0.9254042775169536,0.9269930118775855,0.019512195121951348
one-layer,S7_train_I_D1_3_val_D4_5,MLP Source+Target,Frozen MLP Source+Target features + Logistic Regression,semi,3,40,Source+Target refit,source + labeled target,16,C=1.0;class_weight=balanced;solver=lbfgs;max_iter=2000,0.9365853658536586,1.0,0.9560975609756097,0.9541694612117148,0.9562715390601427,0.019512195121951126
one-layer,S7_train_I_D1_3_val_D4_5,MLP Source+Target,Frozen MLP Source+Target features + Logistic Regression,semi,4,30,Source+Target refit,source + labeled target,16,C=1.0;class_weight=balanced;solver=lbfgs;max_iter=2000,0.902439024390244,0.9897959183673469,0.9170731707317074,0.9160146061554512,0.9183617217140516,0.014634146341463317
one-layer,S7_train_I_D1_3_val_D4_5,MLP Source-only,Frozen MLP Source-only features + Logistic Regression,uda,0,400,source-only; no refit,source labels only,16,C=1.0;class_weight=balanced;solver=lbfgs;max_iter=2000,0.7853658536585366,1.0,0.7951219512195122,0.7956628660854013,0.796340023612751,0.009756097560975618
one-layer,S7_train_I_D1_3_val_D4_5,MLP Source-only,Frozen MLP Source-only features + Logistic Regression,uda,1,400,source-only; no refit,source labels only,16,C=1.0;class_weight=balanced;solver=lbfgs;max_iter=2000,0.7951219512195122,1.0,0.8146341463414634,0.8138460391981518,0.8161161835963407,0.019512195121951126
one-layer,S7_train_I_D1_3_val_D4_5,MLP Source-only,Frozen MLP Source-only features + Logistic Regression,uda,2,400,source-only; no refit,source labels only,16,C=1.0;class_weight=balanced;solver=lbfgs;max_iter=2000,0.8097560975609757,1.0,0.8292682926829268,0.8285267158506594,0.8305265195509097,0.019512195121951126
one-layer,S7_train_I_D1_3_val_D4_5,MLP Source-only,Frozen MLP Source-only features + Logistic Regression,uda,3,400,source-only; no refit,source labels only,16,C=1.0;class_weight=balanced;solver=lbfgs;max_iter=2000,0.7951219512195122,1.0,0.8048780487804879,0.8044563678366495,0.8091833971282516,0.009756097560975618
one-layer,S7_train_I_D1_3_val_D4_5,MLP Source-only,Frozen MLP Source-only features + Logistic Regression,uda,4,400,source-only; no refit,source labels only,16,C=1.0;class_weight=balanced;solver=lbfgs;max_iter=2000,0.8048780487804879,1.0,0.824390243902439,0.8238318801699083,0.8259885758437043,0.019512195121951126
two-layer,S1_train_I_test_all,MLP Source-only,Frozen MLP Source-only features + Logistic Regression,uda,0,400,source-only; no refit,source labels only,16,C=1.0;class_weight=balanced;solver=lbfgs;max_iter=2000,0.7582417582417582,1.0,0.7509157509157509,0.7529578189300411,0.7567346992330756,-0.0073260073260073
two-layer,S1_train_I_test_all,MLP Source-only,Frozen MLP Source-only features + Logistic Regression,uda,1,400,source-only; no refit,source labels only,16,C=1.0;class_weight=balanced;solver=lbfgs;max_iter=2000,0.7875457875457875,1.0,0.7875457875457875,0.7889660493827161,0.7869806057653133,0.0
two-layer,S1_train_I_test_all,MLP Source-only,Frozen MLP Source-only features + Logistic Regression,uda,2,400,source-only; no refit,source labels only,16,C=1.0;class_weight=balanced;solver=lbfgs;max_iter=2000,0.7948717948717948,1.0,0.8021978021978022,0.8028549382716049,0.8043408443408443,0.007326007326007411
two-layer,S1_train_I_test_all,MLP Source-only,Frozen MLP Source-only features + Logistic Regression,uda,3,400,source-only; no refit,source labels only,16,C=1.0;class_weight=balanced;solver=lbfgs;max_iter=2000,0.7912087912087912,1.0,0.7802197802197802,0.782664609053498,0.7835968174951226,-0.01098901098901095
two-layer,S1_train_I_test_all,MLP Source-only,Frozen MLP Source-only features + Logistic Regression,uda,4,400,source-only; no refit,source labels only,16,C=1.0;class_weight=balanced;solver=lbfgs;max_iter=2000,0.7655677655677655,1.0,0.7692307692307693,0.7722479423868313,0.7755539871389842,0.003663003663003761
two-layer,S2_train_I_internal_val_test_all,MLP Source-only,Frozen MLP Source-only features + Logistic Regression,uda,0,20,source train+source validation refit,source train + source validation labels,16,C=1.0;class_weight=balanced;solver=lbfgs;max_iter=2000,0.684981684981685,0.9333333333333333,0.6886446886446886,0.6977880658436214,0.7017513257712876,0.00366300366300365
two-layer,S2_train_I_internal_val_test_all,MLP Source-only,Frozen MLP Source-only features + Logistic Regression,uda,1,20,source train+source validation refit,source train + source validation labels,16,C=1.0;class_weight=balanced;solver=lbfgs;max_iter=2000,0.717948717948718,1.0,0.7728937728937729,0.7770061728395062,0.7816431587653998,0.05494505494505497
two-layer,S2_train_I_internal_val_test_all,MLP Source-only,Frozen MLP Source-only features + Logistic Regression,uda,2,10,source train+source validation refit,source train + source validation labels,16,C=1.0;class_weight=balanced;solver=lbfgs;max_iter=2000,0.6959706959706959,0.9,0.7142857142857143,0.7265946502057613,0.7293930425228984,0.01831501831501836
two-layer,S2_train_I_internal_val_test_all,MLP Source-only,Frozen MLP Source-only features + Logistic Regression,uda,3,10,source train+source validation refit,source train + source validation labels,16,C=1.0;class_weight=balanced;solver=lbfgs;max_iter=2000,0.6593406593406593,0.9666666666666667,0.6959706959706959,0.7053755144032922,0.7141107845756524,0.03663003663003661
two-layer,S2_train_I_internal_val_test_all,MLP Source-only,Frozen MLP Source-only features + Logistic Regression,uda,4,150,source train+source validation refit,source train + source validation labels,16,C=1.0;class_weight=balanced;solver=lbfgs;max_iter=2000,0.7435897435897436,1.0,0.7619047619047619,0.7646604938271605,0.7693770540231158,0.01831501831501825
two-layer,S3_train_I_internal_20_10_test_all,MLP Source-only,Frozen MLP Source-only features + Logistic Regression,uda,0,20,source train+source validation refit,source train + source validation labels,16,C=1.0;class_weight=balanced;solver=lbfgs;max_iter=2000,0.7252747252747253,1.0,0.7326007326007326,0.7381687242798355,0.7433441424421675,0.0073260073260073
two-layer,S3_train_I_internal_20_10_test_all,MLP Source-only,Frozen MLP Source-only features + Logistic Regression,uda,1,20,source train+source validation refit,source train + source validation labels,16,C=1.0;class_weight=balanced;solver=lbfgs;max_iter=2000,0.7252747252747253,1.0,0.7728937728937729,0.7763631687242798,0.7813001813001813,0.04761904761904767
two-layer,S3_train_I_internal_20_10_test_all,MLP Source-only,Frozen MLP Source-only features + Logistic Regression,uda,2,10,source train+source validation refit,source train + source validation labels,16,C=1.0;class_weight=balanced;solver=lbfgs;max_iter=2000,0.684981684981685,0.9,0.7142857142857143,0.725951646090535,0.7296887109274088,0.02930402930402931
two-layer,S3_train_I_internal_20_10_test_all,MLP Source-only,Frozen MLP Source-only features + Logistic Regression,uda,3,20,source train+source validation refit,source train + source validation labels,16,C=1.0;class_weight=balanced;solver=lbfgs;max_iter=2000,0.6776556776556777,1.0,0.7032967032967034,0.7103909465020576,0.7190241693552952,0.02564102564102566
two-layer,S3_train_I_internal_20_10_test_all,MLP Source-only,Frozen MLP Source-only features + Logistic Regression,uda,4,20,source train+source validation refit,source train + source validation labels,16,C=1.0;class_weight=balanced;solver=lbfgs;max_iter=2000,0.7106227106227107,1.0,0.717948717948718,0.7242798353909464,0.7289041686123499,0.0073260073260073
two-layer,S4_train_I_val_D1_2,MLP Source+Target,Frozen MLP Source+Target features + Logistic Regression,semi,0,380,Source+Target refit,source + labeled target,16,C=1.0;class_weight=balanced;solver=lbfgs;max_iter=2000,0.8530612244897959,1.0,0.8571428571428571,0.8608898800042476,0.8565412851427446,0.004081632653061162
two-layer,S4_train_I_val_D1_2,MLP Source+Target,Frozen MLP Source+Target features + Logistic Regression,semi,1,110,Source+Target refit,source + labeled target,16,C=1.0;class_weight=balanced;solver=lbfgs;max_iter=2000,0.8612244897959184,1.0,0.8775510204081632,0.8802697249654878,0.8774442765616032,0.01632653061224487
two-layer,S4_train_I_val_D1_2,MLP Source+Target,Frozen MLP Source+Target features + Logistic Regression,semi,2,220,Source+Target refit,source + labeled target,16,C=1.0;class_weight=balanced;solver=lbfgs;max_iter=2000,0.8693877551020408,1.0,0.8448979591836735,0.8471912498672612,0.844723525610341,-0.024489795918367308
two-layer,S4_train_I_val_D1_2,MLP Source+Target,Frozen MLP Source+Target features + Logistic Regression,semi,3,100,Source+Target refit,source + labeled target,16,C=1.0;class_weight=balanced;solver=lbfgs;max_iter=2000,0.8326530612244898,1.0,0.8489795918367347,0.8517574599129234,0.8492452815855543,0.01632653061224487
two-layer,S4_train_I_val_D1_2,MLP Source+Target,Frozen MLP Source+Target features + Logistic Regression,semi,4,310,Source+Target refit,source + labeled target,16,C=1.0;class_weight=balanced;solver=lbfgs;max_iter=2000,0.8938775510204081,1.0,0.889795918367347,0.8925878729956462,0.8916375807439384,-0.004081632653061162
two-layer,S4_train_I_val_D1_2,MLP Source-only,Frozen MLP Source-only features + Logistic Regression,uda,0,400,source-only; no refit,source labels only,16,C=1.0;class_weight=balanced;solver=lbfgs;max_iter=2000,0.7510204081632653,1.0,0.7428571428571429,0.7454603376871615,0.7466525258740653,-0.008163265306122436
two-layer,S4_train_I_val_D1_2,MLP Source-only,Frozen MLP Source-only features + Logistic Regression,uda,1,400,source-only; no refit,source labels only,16,C=1.0;class_weight=balanced;solver=lbfgs;max_iter=2000,0.7795918367346939,1.0,0.7795918367346939,0.7817245407242223,0.7769891939916115,0.0
two-layer,S4_train_I_val_D1_2,MLP Source-only,Frozen MLP Source-only features + Logistic Regression,uda,2,400,source-only; no refit,source labels only,16,C=1.0;class_weight=balanced;solver=lbfgs;max_iter=2000,0.7836734693877551,1.0,0.7918367346938775,0.7926622066475524,0.7930883032824779,0.008163265306122436
two-layer,S4_train_I_val_D1_2,MLP Source-only,Frozen MLP Source-only features + Logistic Regression,uda,3,400,source-only; no refit,source labels only,16,C=1.0;class_weight=balanced;solver=lbfgs;max_iter=2000,0.7877551020408163,1.0,0.7755102040816326,0.7778485717319742,0.7775085482043314,-0.01224489795918371
two-layer,S4_train_I_val_D1_2,MLP Source-only,Frozen MLP Source-only features + Logistic Regression,uda,4,400,source-only; no refit,source labels only,16,C=1.0;class_weight=balanced;solver=lbfgs;max_iter=2000,0.7551020408163265,1.0,0.763265306122449,0.7655304237018159,0.7679914687666626,0.008163265306122547
two-layer,S5_train_I_D1_val_D2_3,MLP Source+Target,Frozen MLP Source+Target features + Logistic Regression,semi,0,280,Source+Target refit,source + labeled target,16,C=1.0;class_weight=balanced;solver=lbfgs;max_iter=2000,0.8744588744588745,1.0,0.8614718614718615,0.8640186079799607,0.8627633690531655,-0.012987012987012991
two-layer,S5_train_I_D1_val_D2_3,MLP Source+Target,Frozen MLP Source+Target features + Logistic Regression,semi,1,160,Source+Target refit,source + labeled target,16,C=1.0;class_weight=balanced;solver=lbfgs;max_iter=2000,0.8831168831168831,1.0,0.8917748917748918,0.8928251923421006,0.8943690167570765,0.008658008658008698
two-layer,S5_train_I_D1_val_D2_3,MLP Source+Target,Frozen MLP Source+Target features + Logistic Regression,semi,2,30,Source+Target refit,source + labeled target,16,C=1.0;class_weight=balanced;solver=lbfgs;max_iter=2000,0.8658008658008658,1.0,0.8658008658008658,0.8688495258543568,0.8667454688731285,0.0
two-layer,S5_train_I_D1_val_D2_3,MLP Source+Target,Frozen MLP Source+Target features + Logistic Regression,semi,3,30,Source+Target refit,source + labeled target,16,C=1.0;class_weight=balanced;solver=lbfgs;max_iter=2000,0.8701298701298701,1.0,0.8701298701298701,0.8708176775809626,0.8703799986945492,0.0
two-layer,S5_train_I_D1_val_D2_3,MLP Source+Target,Frozen MLP Source+Target features + Logistic Regression,semi,4,20,Source+Target refit,source + labeled target,16,C=1.0;class_weight=balanced;solver=lbfgs;max_iter=2000,0.8917748917748918,0.9861111111111112,0.9047619047619048,0.9044551798174986,0.9060427807486632,0.012987012987012991
two-layer,S5_train_I_D1_val_D2_3,MLP Source-only,Frozen MLP Source-only features + Logistic Regression,uda,0,400,source-only; no refit,source labels only,16,C=1.0;class_weight=balanced;solver=lbfgs;max_iter=2000,0.7532467532467533,1.0,0.7445887445887446,0.747181964573269,0.748476667998022,-0.008658008658008698
two-layer,S5_train_I_D1_val_D2_3,MLP Source-only,Frozen MLP Source-only features + Logistic Regression,uda,1,400,source-only; no refit,source labels only,16,C=1.0;class_weight=balanced;solver=lbfgs;max_iter=2000,0.7792207792207793,1.0,0.7792207792207793,0.7815351583467525,0.776850414078675,0.0
two-layer,S5_train_I_D1_val_D2_3,MLP Source-only,Frozen MLP Source-only features + Logistic Regression,uda,2,400,source-only; no refit,source labels only,16,C=1.0;class_weight=balanced;solver=lbfgs;max_iter=2000,0.7748917748917749,1.0,0.7835497835497836,0.7849346931472535,0.7843119087423879,0.008658008658008698
two-layer,S5_train_I_D1_val_D2_3,MLP Source-only,Frozen MLP Source-only features + Logistic Regression,uda,3,400,source-only; no refit,source labels only,16,C=1.0;class_weight=balanced;solver=lbfgs;max_iter=2000,0.7922077922077922,1.0,0.7792207792207793,0.7815351583467525,0.7811987691031211,-0.012987012987012991
two-layer,S5_train_I_D1_val_D2_3,MLP Source-only,Frozen MLP Source-only features + Logistic Regression,uda,4,400,source-only; no refit,source labels only,16,C=1.0;class_weight=balanced;solver=lbfgs;max_iter=2000,0.7575757575757576,1.0,0.7662337662337663,0.7684737877974593,0.7709993266748961,0.008658008658008698
two-layer,S6_train_I_D1_2_val_D3_5,MLP Source+Target,Frozen MLP Source+Target features + Logistic Regression,semi,0,360,Source+Target refit,source + labeled target,16,C=1.0;class_weight=balanced;solver=lbfgs;max_iter=2000,0.9414634146341464,1.0,0.9414634146341463,0.9394887845592071,0.9413551995931858,-1.1102230246251565e-16
two-layer,S6_train_I_D1_2_val_D3_5,MLP Source+Target,Frozen MLP Source+Target features + Logistic Regression,semi,1,310,Source+Target refit,source + labeled target,16,C=1.0;class_weight=balanced;solver=lbfgs;max_iter=2000,0.946341463414634,1.0,0.9512195121951219,0.9494746255309635,0.9511868680258596,0.00487804878048792
two-layer,S6_train_I_D1_2_val_D3_5,MLP Source+Target,Frozen MLP Source+Target features + Logistic Regression,semi,2,240,Source+Target refit,source + labeled target,16,C=1.0;class_weight=balanced;solver=lbfgs;max_iter=2000,0.951219512195122,1.0,0.9463414634146341,0.9453759594604665,0.9464563782762877,-0.00487804878048792
two-layer,S6_train_I_D1_2_val_D3_5,MLP Source+Target,Frozen MLP Source+Target features + Logistic Regression,semi,3,180,Source+Target refit,source + labeled target,16,C=1.0;class_weight=balanced;solver=lbfgs;max_iter=2000,0.9365853658536586,1.0,0.9365853658536586,0.9336016096579477,0.9361155507065603,0.0
two-layer,S6_train_I_D1_2_val_D3_5,MLP Source+Target,Frozen MLP Source+Target features + Logistic Regression,semi,4,290,Source+Target refit,source + labeled target,16,C=1.0;class_weight=balanced;solver=lbfgs;max_iter=2000,0.951219512195122,1.0,0.9560975609756097,0.9547656308219689,0.9561669438504792,0.004878048780487698
two-layer,S6_train_I_D1_2_val_D3_5,MLP Source-only,Frozen MLP Source-only features + Logistic Regression,uda,0,400,source-only; no refit,source labels only,16,C=1.0;class_weight=balanced;solver=lbfgs;max_iter=2000,0.751219512195122,1.0,0.7463414634146341,0.7475221700573812,0.7495579133510167,-0.004878048780487809
two-layer,S6_train_I_D1_2_val_D3_5,MLP Source-only,Frozen MLP Source-only features + Logistic Regression,uda,1,400,source-only; no refit,source labels only,16,C=1.0;class_weight=balanced;solver=lbfgs;max_iter=2000,0.7804878048780488,1.0,0.7804878048780488,0.7815783590431478,0.7774547803617571,0.0
two-layer,S6_train_I_D1_2_val_D3_5,MLP Source-only,Frozen MLP Source-only features + Logistic Regression,uda,2,400,source-only; no refit,source labels only,16,C=1.0;class_weight=balanced;solver=lbfgs;max_iter=2000,0.775609756097561,1.0,0.7853658536585366,0.7856770251136448,0.7860552708798668,0.009756097560975618
two-layer,S6_train_I_D1_2_val_D3_5,MLP Source-only,Frozen MLP Source-only features + Logistic Regression,uda,3,400,source-only; no refit,source labels only,16,C=1.0;class_weight=balanced;solver=lbfgs;max_iter=2000,0.7951219512195122,1.0,0.775609756097561,0.7768835233623966,0.7770683692471402,-0.019512195121951237
two-layer,S6_train_I_D1_2_val_D3_5,MLP Source-only,Frozen MLP Source-only features + Logistic Regression,uda,4,400,source-only; no refit,source labels only,16,C=1.0;class_weight=balanced;solver=lbfgs;max_iter=2000,0.751219512195122,1.0,0.7658536585365854,0.7668976823906402,0.7706643173179568,0.014634146341463428
two-layer,S7_train_I_D1_3_val_D4_5,MLP Source+Target,Frozen MLP Source+Target features + Logistic Regression,semi,0,20,Source+Target refit,source + labeled target,16,C=1.0;class_weight=balanced;solver=lbfgs;max_iter=2000,0.9170731707317074,0.9897959183673469,0.9365853658536586,0.9341977792682018,0.9369343503462885,0.019512195121951237
two-layer,S7_train_I_D1_3_val_D4_5,MLP Source+Target,Frozen MLP Source+Target features + Logistic Regression,semi,1,20,Source+Target refit,source + labeled target,16,C=1.0;class_weight=balanced;solver=lbfgs;max_iter=2000,0.9219512195121952,1.0,0.9609756097560975,0.95946046650272,0.9612538729347101,0.03902439024390236
two-layer,S7_train_I_D1_3_val_D4_5,MLP Source+Target,Frozen MLP Source+Target features + Logistic Regression,semi,2,20,Source+Target refit,source + labeled target,16,C=1.0;class_weight=balanced;solver=lbfgs;max_iter=2000,0.9170731707317074,0.9897959183673469,0.9463414634146341,0.9447797898502124,0.9472027415994783,0.029268292682926744
two-layer,S7_train_I_D1_3_val_D4_5,MLP Source+Target,Frozen MLP Source+Target features + Logistic Regression,semi,3,30,Source+Target refit,source + labeled target,16,C=1.0;class_weight=balanced;solver=lbfgs;max_iter=2000,0.9317073170731708,1.0,0.9365853658536586,0.9336016096579477,0.9361155507065603,0.004878048780487809
two-layer,S7_train_I_D1_3_val_D4_5,MLP Source+Target,Frozen MLP Source+Target features + Logistic Regression,semi,4,140,Source+Target refit,source + labeled target,16,C=1.0;class_weight=balanced;solver=lbfgs;max_iter=2000,0.946341463414634,1.0,0.9512195121951219,0.9494746255309635,0.9511868680258596,0.00487804878048792
two-layer,S7_train_I_D1_3_val_D4_5,MLP Source-only,Frozen MLP Source-only features + Logistic Regression,uda,0,400,source-only; no refit,source labels only,16,C=1.0;class_weight=balanced;solver=lbfgs;max_iter=2000,0.751219512195122,1.0,0.7463414634146341,0.7475221700573812,0.7495579133510167,-0.004878048780487809
two-layer,S7_train_I_D1_3_val_D4_5,MLP Source-only,Frozen MLP Source-only features + Logistic Regression,uda,1,400,source-only; no refit,source labels only,16,C=1.0;class_weight=balanced;solver=lbfgs;max_iter=2000,0.7804878048780488,1.0,0.7804878048780488,0.7815783590431478,0.7774547803617571,0.0
two-layer,S7_train_I_D1_3_val_D4_5,MLP Source-only,Frozen MLP Source-only features + Logistic Regression,uda,2,400,source-only; no refit,source labels only,16,C=1.0;class_weight=balanced;solver=lbfgs;max_iter=2000,0.775609756097561,1.0,0.7853658536585366,0.7856770251136448,0.7860552708798668,0.009756097560975618
two-layer,S7_train_I_D1_3_val_D4_5,MLP Source-only,Frozen MLP Source-only features + Logistic Regression,uda,3,400,source-only; no refit,source labels only,16,C=1.0;class_weight=balanced;solver=lbfgs;max_iter=2000,0.7951219512195122,1.0,0.775609756097561,0.7768835233623966,0.7770683692471402,-0.019512195121951237
two-layer,S7_train_I_D1_3_val_D4_5,MLP Source-only,Frozen MLP Source-only features + Logistic Regression,uda,4,400,source-only; no refit,source labels only,16,C=1.0;class_weight=balanced;solver=lbfgs;max_iter=2000,0.751219512195122,1.0,0.7658536585365854,0.7668976823906402,0.7706643173179568,0.014634146341463428
