time_s,label,arduino_time,s1,s2,s3,s4,s5,s6,r1,r2,r3,r4,r5,r6,voltage
0.0005624294281005859,alcohol,1490130,44.0,278.0,202.0,234.0,46.0,14.0,25.0,2.0,2.0,10.0,30.0,2.0,255.0
0.0008261203765869141,alcohol,1490383,45.0,278.0,202.0,235.0,46.0,14.0,25.0,2.0,2.0,10.0,30.0,2.0,255.0
0.001043081283569336,alcohol,1490636,44.0,278.0,202.0,234.0,46.0,15.0,25.0,2.0,2.0,10.0,30.0,2.0,255.0
0.0012848377227783203,alcohol,1490890,45.0,278.0,202.0,235.0,46.0,14.0,25.0,2.0,2.0,10.0,30.0,2.0,255.0
0.0015368461608886719,alcohol,1491143,44.0,278.0,202.0,234.0,46.0,15.0,25.0,2.0,2.0,10.0,30.0,2.0,255.0
0.0017557144165039062,alcohol,1491397,44.0,279.0,202.0,235.0,46.0,15.0,25.0,2.0,2.0,10.0,30.0,2.0,255.0
0.001969575881958008,alcohol,1491650,44.0,278.0,202.0,234.0,46.0,15.0,25.0,2.0,2.0,10.0,30.0,2.0,255.0
0.002183675765991211,alcohol,1491904,45.0,278.0,202.0,234.0,46.0,15.0,25.0,2.0,2.0,10.0,30.0,2.0,255.0
0.024030447006225586,alcohol,1492157,44.0,278.0,202.0,234.0,46.0,14.0,25.0,2.0,2.0,10.0,30.0,2.0,255.0
0.27744507789611816,alcohol,1492411,44.0,278.0,202.0,234.0,46.0,15.0,25.0,2.0,2.0,10.0,30.0,2.0,255.0
0.5301108360290527,alcohol,1492664,44.0,278.0,202.0,233.0,46.0,14.0,25.0,2.0,2.0,10.0,30.0,2.0,255.0
0.7841067314147949,alcohol,1492917,44.0,278.0,202.0,234.0,46.0,15.0,25.0,2.0,2.0,10.0,30.0,2.0,255.0
1.037031888961792,alcohol,1493171,44.0,278.0,202.0,234.0,46.0,15.0,25.0,2.0,2.0,10.0,30.0,2.0,255.0
1.2912681102752686,alcohol,1493424,44.0,278.0,202.0,234.0,46.0,14.0,25.0,2.0,2.0,10.0,30.0,2.0,255.0
1.5451786518096924,alcohol,1493678,44.0,278.0,202.0,234.0,46.0,14.0,25.0,2.0,2.0,10.0,30.0,2.0,255.0
1.7981841564178467,alcohol,1493931,45.0,278.0,202.0,234.0,46.0,14.0,25.0,2.0,2.0,10.0,30.0,2.0,255.0
2.0521719455718994,alcohol,1494184,44.0,278.0,202.0,233.0,46.0,14.0,25.0,2.0,2.0,10.0,30.0,2.0,255.0
2.3056163787841797,alcohol,1494437,45.0,278.0,202.0,234.0,47.0,15.0,25.0,2.0,2.0,10.0,30.0,2.0,255.0
2.5582544803619385,alcohol,1494691,44.0,278.0,202.0,234.0,46.0,14.0,25.0,2.0,2.0,10.0,30.0,2.0,255.0
2.8124868869781494,alcohol,1494944,45.0,279.0,202.0,234.0,47.0,14.0,25.0,2.0,2.0,10.0,30.0,2.0,255.0
3.0655696392059326,alcohol,1495197,45.0,278.0,202.0,234.0,46.0,14.0,25.0,2.0,2.0,10.0,30.0,2.0,255.0
3.3183977603912354,alcohol,1495451,45.0,279.0,203.0,235.0,47.0,14.0,25.0,2.0,2.0,10.0,30.0,2.0,255.0
3.572683334350586,alcohol,1495704,45.0,279.0,202.0,234.0,47.0,15.0,25.0,2.0,2.0,10.0,30.0,2.0,255.0
3.8261213302612305,alcohol,1495958,45.0,279.0,203.0,235.0,47.0,14.0,25.0,2.0,2.0,10.0,30.0,2.0,255.0
4.078932285308838,alcohol,1496211,45.0,279.0,202.0,234.0,47.0,14.0,25.0,2.0,2.0,10.0,30.0,2.0,255.0
4.331087589263916,alcohol,1496465,45.0,279.0,203.0,235.0,47.0,14.0,25.0,2.0,2.0,10.0,30.0,2.0,255.0
4.586431264877319,alcohol,1496718,45.0,279.0,202.0,234.0,47.0,14.0,25.0,2.0,2.0,10.0,30.0,2.0,255.0
4.839435577392578,alcohol,1496972,45.0,279.0,203.0,235.0,47.0,15.0,25.0,2.0,2.0,10.0,30.0,2.0,255.0
5.091742753982544,alcohol,1497225,45.0,279.0,202.0,234.0,47.0,15.0,25.0,2.0,2.0,10.0,30.0,2.0,255.0
5.3454906940460205,alcohol,1497478,45.0,279.0,203.0,235.0,47.0,15.0,25.0,2.0,2.0,10.0,30.0,2.0,255.0
5.598437070846558,alcohol,1497732,45.0,279.0,202.0,234.0,47.0,14.0,25.0,2.0,2.0,10.0,30.0,2.0,255.0
5.8526811599731445,alcohol,1497985,45.0,279.0,202.0,235.0,47.0,15.0,25.0,2.0,2.0,10.0,30.0,2.0,255.0
6.105149745941162,alcohol,1498238,45.0,279.0,202.0,234.0,47.0,15.0,25.0,2.0,2.0,10.0,30.0,2.0,255.0
6.35839581489563,alcohol,1498491,45.0,279.0,203.0,235.0,47.0,15.0,25.0,2.0,2.0,10.0,30.0,2.0,255.0
6.612963676452637,alcohol,1498745,45.0,279.0,202.0,234.0,47.0,15.0,25.0,2.0,2.0,10.0,30.0,2.0,255.0
6.865049362182617,alcohol,1498998,45.0,279.0,203.0,235.0,47.0,15.0,25.0,2.0,2.0,10.0,30.0,2.0,255.0
7.1196818351745605,alcohol,1499252,45.0,279.0,202.0,234.0,47.0,14.0,25.0,2.0,2.0,10.0,30.0,2.0,255.0
7.3728413581848145,alcohol,1499505,45.0,279.0,203.0,235.0,47.0,15.0,25.0,2.0,2.0,10.0,30.0,2.0,255.0
7.62525486946106,alcohol,1499758,45.0,279.0,202.0,234.0,47.0,14.0,25.0,2.0,2.0,10.0,30.0,2.0,255.0
7.879783630371094,alcohol,1500012,45.0,279.0,203.0,235.0,47.0,15.0,25.0,2.0,2.0,10.0,30.0,2.0,255.0
8.133615732192993,alcohol,1500265,45.0,279.0,202.0,234.0,47.0,14.0,25.0,2.0,2.0,10.0,30.0,2.0,255.0
8.386584997177124,alcohol,1500519,45.0,279.0,203.0,235.0,47.0,15.0,25.0,2.0,2.0,10.0,30.0,2.0,255.0
8.639771699905396,alcohol,1500772,45.0,279.0,202.0,234.0,46.0,14.0,25.0,2.0,2.0,10.0,30.0,2.0,255.0
8.89254355430603,alcohol,1501026,45.0,279.0,203.0,235.0,47.0,15.0,25.0,2.0,2.0,10.0,30.0,2.0,255.0
9.146378517150879,alcohol,1501279,45.0,279.0,202.0,234.0,47.0,14.0,25.0,2.0,2.0,10.0,30.0,2.0,255.0
9.399453163146973,alcohol,1501533,45.0,279.0,203.0,235.0,47.0,15.0,25.0,2.0,2.0,10.0,30.0,2.0,255.0
9.652190923690796,alcohol,1501786,45.0,279.0,202.0,234.0,46.0,14.0,25.0,2.0,2.0,10.0,30.0,2.0,255.0
9.907474994659424,alcohol,1502039,45.0,279.0,203.0,235.0,47.0,14.0,25.0,2.0,2.0,10.0,30.0,2.0,255.0
10.158857345581055,alcohol,1502292,45.0,279.0,202.0,234.0,46.0,14.0,25.0,2.0,2.0,10.0,30.0,2.0,255.0
10.413305044174194,alcohol,1502545,45.0,279.0,203.0,235.0,47.0,15.0,25.0,2.0,2.0,10.0,30.0,2.0,255.0
10.66649341583252,alcohol,1502799,45.0,279.0,202.0,234.0,46.0,15.0,25.0,2.0,2.0,10.0,30.0,2.0,255.0
10.919455528259277,alcohol,1503052,45.0,279.0,203.0,235.0,47.0,14.0,25.0,2.0,2.0,10.0,30.0,2.0,255.0
11.17358112335205,alcohol,1503306,44.0,279.0,202.0,234.0,46.0,14.0,25.0,2.0,2.0,10.0,30.0,2.0,255.0
11.426610708236694,alcohol,1503559,45.0,279.0,202.0,235.0,47.0,15.0,25.0,2.0,2.0,10.0,30.0,2.0,255.0
11.680308103561401,alcohol,1503813,44.0,279.0,202.0,234.0,46.0,14.0,25.0,2.0,2.0,10.0,30.0,2.0,255.0
11.933515787124634,alcohol,1504066,45.0,279.0,202.0,235.0,47.0,15.0,25.0,2.0,2.0,10.0,30.0,2.0,255.0
12.186416149139404,alcohol,1504319,45.0,279.0,202.0,234.0,46.0,14.0,25.0,2.0,2.0,10.0,30.0,2.0,255.0
12.440573930740356,alcohol,1504573,45.0,279.0,202.0,235.0,47.0,15.0,25.0,2.0,2.0,10.0,30.0,2.0,255.0
12.69375491142273,alcohol,1504826,45.0,279.0,202.0,234.0,47.0,14.0,25.0,2.0,2.0,10.0,30.0,2.0,255.0
12.955346822738647,alcohol,1505080,45.0,279.0,202.0,235.0,47.0,15.0,25.0,2.0,2.0,10.0,30.0,2.0,255.0
13.200772523880005,alcohol,1505333,44.0,279.0,202.0,234.0,46.0,14.0,25.0,2.0,2.0,10.0,30.0,2.0,255.0
13.452780485153198,alcohol,1505587,45.0,279.0,202.0,235.0,47.0,15.0,25.0,2.0,2.0,10.0,30.0,2.0,255.0
13.707324743270874,alcohol,1505840,44.0,278.0,202.0,234.0,46.0,14.0,25.0,2.0,2.0,10.0,30.0,2.0,255.0
13.960685014724731,alcohol,1506094,45.0,279.0,202.0,235.0,47.0,15.0,25.0,2.0,2.0,10.0,30.0,2.0,255.0
14.213570833206177,alcohol,1506347,44.0,278.0,202.0,235.0,47.0,15.0,25.0,2.0,2.0,10.0,30.0,2.0,255.0
14.467466831207275,alcohol,1506599,45.0,279.0,202.0,235.0,47.0,15.0,25.0,2.0,2.0,10.0,30.0,2.0,255.0
14.721381664276123,alcohol,1506853,45.0,278.0,202.0,234.0,46.0,14.0,25.0,2.0,2.0,10.0,30.0,2.0,255.0
14.974732160568237,alcohol,1507106,45.0,278.0,202.0,235.0,47.0,14.0,25.0,2.0,2.0,10.0,30.0,2.0,255.0
15.227858781814575,alcohol,1507360,45.0,278.0,202.0,234.0,46.0,14.0,25.0,2.0,2.0,10.0,30.0,2.0,255.0
15.480165243148804,alcohol,1507613,45.0,279.0,202.0,235.0,47.0,15.0,25.0,2.0,2.0,10.0,30.0,2.0,255.0
15.733685493469238,alcohol,1507867,45.0,278.0,202.0,234.0,46.0,15.0,25.0,2.0,2.0,10.0,30.0,2.0,255.0
15.987709760665894,alcohol,1508120,45.0,279.0,202.0,235.0,47.0,14.0,25.0,2.0,2.0,10.0,30.0,2.0,255.0
16.241830348968506,alcohol,1508374,44.0,278.0,202.0,234.0,46.0,14.0,25.0,2.0,2.0,10.0,30.0,2.0,255.0
16.515403985977173,alcohol,1508627,44.0,278.0,202.0,235.0,47.0,15.0,25.0,2.0,2.0,10.0,30.0,2.0,255.0
16.747467756271362,alcohol,1508880,45.0,278.0,202.0,234.0,46.0,14.0,25.0,2.0,2.0,10.0,30.0,2.0,255.0
17.001431941986084,alcohol,1509134,44.0,278.0,202.0,235.0,46.0,15.0,25.0,2.0,2.0,10.0,30.0,2.0,255.0
17.254685163497925,alcohol,1509387,44.0,278.0,202.0,234.0,46.0,14.0,25.0,2.0,2.0,10.0,30.0,2.0,255.0
17.508111476898193,alcohol,1509641,44.0,278.0,202.0,235.0,47.0,15.0,25.0,2.0,2.0,10.0,30.0,2.0,255.0
17.761457443237305,alcohol,1509894,44.0,278.0,202.0,234.0,46.0,15.0,25.0,2.0,2.0,10.0,30.0,2.0,255.0
18.014681577682495,alcohol,1510148,45.0,278.0,202.0,235.0,47.0,15.0,25.0,2.0,2.0,10.0,30.0,2.0,255.0
18.28987145423889,alcohol,1510401,44.0,278.0,202.0,234.0,46.0,14.0,25.0,2.0,2.0,10.0,30.0,2.0,255.0
18.520931720733643,alcohol,1510654,45.0,279.0,202.0,235.0,47.0,15.0,25.0,2.0,2.0,10.0,30.0,2.0,255.0
18.774012804031372,alcohol,1510907,44.0,278.0,202.0,234.0,46.0,15.0,25.0,2.0,2.0,10.0,30.0,2.0,255.0
19.02842116355896,alcohol,1511160,45.0,278.0,202.0,235.0,47.0,14.0,25.0,2.0,2.0,10.0,30.0,2.0,255.0
19.281509399414062,alcohol,1511414,44.0,278.0,202.0,234.0,46.0,14.0,25.0,2.0,2.0,10.0,30.0,2.0,255.0
19.535574436187744,alcohol,1511667,45.0,278.0,202.0,235.0,47.0,15.0,25.0,2.0,2.0,10.0,30.0,2.0,255.0
19.788337469100952,alcohol,1511921,44.0,278.0,202.0,234.0,46.0,14.0,25.0,2.0,2.0,10.0,30.0,2.0,255.0
20.040672302246094,alcohol,1512174,45.0,279.0,202.0,235.0,47.0,15.0,25.0,2.0,2.0,10.0,30.0,2.0,255.0
20.29466676712036,alcohol,1512428,44.0,278.0,202.0,234.0,46.0,14.0,25.0,2.0,2.0,10.0,30.0,2.0,255.0
20.54799485206604,alcohol,1512681,45.0,279.0,202.0,235.0,47.0,15.0,25.0,2.0,2.0,10.0,30.0,2.0,255.0
20.80202865600586,alcohol,1512935,44.0,278.0,202.0,234.0,46.0,15.0,25.0,2.0,2.0,10.0,30.0,2.0,255.0
21.056178092956543,alcohol,1513188,45.0,279.0,202.0,235.0,47.0,14.0,25.0,2.0,2.0,10.0,30.0,2.0,255.0
21.307705640792847,alcohol,1513441,44.0,278.0,202.0,234.0,46.0,14.0,25.0,2.0,2.0,10.0,30.0,2.0,255.0
21.562482595443726,alcohol,1513695,45.0,279.0,202.0,235.0,46.0,15.0,25.0,2.0,2.0,10.0,30.0,2.0,255.0
21.815054416656494,alcohol,1513948,44.0,278.0,202.0,234.0,46.0,15.0,25.0,2.0,2.0,10.0,30.0,2.0,255.0
22.06802272796631,alcohol,1514202,45.0,279.0,202.0,235.0,47.0,15.0,25.0,2.0,2.0,10.0,30.0,2.0,255.0
22.322980165481567,alcohol,1514455,45.0,278.0,202.0,235.0,46.0,14.0,25.0,2.0,2.0,10.0,30.0,2.0,255.0
22.575618982315063,alcohol,1514708,45.0,279.0,202.0,235.0,47.0,15.0,25.0,2.0,2.0,10.0,30.0,2.0,255.0
22.829932689666748,alcohol,1514961,45.0,278.0,202.0,234.0,46.0,15.0,25.0,2.0,2.0,10.0,30.0,2.0,255.0
23.081916570663452,alcohol,1515215,45.0,279.0,202.0,235.0,47.0,15.0,25.0,2.0,2.0,10.0,30.0,2.0,255.0
23.33493208885193,alcohol,1515468,45.0,279.0,202.0,234.0,46.0,14.0,25.0,2.0,2.0,10.0,30.0,2.0,255.0
23.589627981185913,alcohol,1515721,45.0,279.0,202.0,235.0,47.0,15.0,25.0,2.0,2.0,10.0,30.0,2.0,255.0
23.84282159805298,alcohol,1515975,44.0,279.0,202.0,234.0,46.0,15.0,25.0,2.0,2.0,10.0,30.0,2.0,255.0
24.096557140350342,alcohol,1516228,45.0,279.0,202.0,235.0,47.0,15.0,25.0,2.0,2.0,10.0,30.0,2.0,255.0
24.348944187164307,alcohol,1516482,44.0,278.0,202.0,235.0,46.0,14.0,25.0,2.0,2.0,10.0,30.0,2.0,255.0
24.602109909057617,alcohol,1516735,45.0,279.0,202.0,235.0,46.0,14.0,25.0,2.0,2.0,10.0,30.0,2.0,255.0
24.857150316238403,alcohol,1516989,45.0,279.0,202.0,235.0,46.0,14.0,25.0,2.0,2.0,10.0,30.0,2.0,255.0
25.11009645462036,alcohol,1517242,45.0,279.0,202.0,235.0,47.0,15.0,25.0,2.0,2.0,10.0,30.0,2.0,255.0
25.3638756275177,alcohol,1517496,44.0,279.0,202.0,234.0,46.0,14.0,25.0,2.0,2.0,10.0,30.0,2.0,255.0
25.61647891998291,alcohol,1517749,45.0,279.0,202.0,235.0,47.0,15.0,25.0,2.0,2.0,10.0,30.0,2.0,255.0
25.86969804763794,alcohol,1518002,45.0,278.0,202.0,235.0,46.0,15.0,25.0,2.0,2.0,10.0,30.0,2.0,255.0
26.122905731201172,alcohol,1518256,45.0,279.0,202.0,235.0,47.0,15.0,25.0,2.0,2.0,10.0,30.0,2.0,255.0
26.37646484375,alcohol,1518509,44.0,278.0,202.0,234.0,46.0,14.0,25.0,2.0,2.0,10.0,30.0,2.0,255.0
26.62959384918213,alcohol,1518763,45.0,279.0,202.0,235.0,47.0,15.0,25.0,2.0,2.0,10.0,30.0,2.0,255.0
26.88357949256897,alcohol,1519015,44.0,279.0,202.0,234.0,46.0,14.0,25.0,2.0,2.0,10.0,30.0,2.0,255.0
27.136265993118286,alcohol,1519269,44.0,279.0,202.0,235.0,47.0,14.0,25.0,2.0,2.0,10.0,30.0,2.0,255.0
27.39063835144043,alcohol,1519522,45.0,279.0,202.0,234.0,46.0,14.0,25.0,2.0,2.0,10.0,30.0,2.0,255.0
27.643935918807983,alcohol,1519776,45.0,279.0,202.0,235.0,46.0,14.0,25.0,2.0,2.0,10.0,30.0,2.0,255.0
27.895562410354614,alcohol,1520029,44.0,278.0,202.0,234.0,46.0,14.0,25.0,2.0,2.0,10.0,30.0,2.0,255.0
28.149941205978394,alcohol,1520282,45.0,279.0,202.0,235.0,46.0,15.0,25.0,2.0,2.0,10.0,30.0,2.0,255.0
28.40416693687439,alcohol,1520536,44.0,278.0,202.0,235.0,46.0,15.0,25.0,2.0,2.0,10.0,30.0,2.0,255.0
28.657543182373047,alcohol,1520789,45.0,279.0,202.0,235.0,47.0,15.0,25.0,2.0,2.0,10.0,30.0,2.0,255.0
28.912915468215942,alcohol,1521043,44.0,278.0,202.0,234.0,46.0,14.0,25.0,2.0,2.0,10.0,30.0,2.0,255.0
29.163751125335693,alcohol,1521296,45.0,279.0,202.0,235.0,47.0,15.0,25.0,2.0,2.0,10.0,30.0,2.0,255.0
29.41736078262329,alcohol,1521550,44.0,279.0,202.0,235.0,46.0,15.0,25.0,2.0,2.0,10.0,30.0,2.0,255.0
29.67067861557007,alcohol,1521803,45.0,279.0,202.0,235.0,46.0,14.0,25.0,2.0,2.0,10.0,30.0,2.0,255.0
29.924665451049805,alcohol,1522057,44.0,278.0,202.0,235.0,47.0,15.0,25.0,2.0,2.0,10.0,30.0,2.0,255.0
30.176626443862915,alcohol,1522310,45.0,279.0,202.0,235.0,47.0,15.0,25.0,2.0,2.0,10.0,30.0,2.0,255.0
30.43059253692627,alcohol,1522563,45.0,278.0,202.0,235.0,47.0,15.0,25.0,2.0,2.0,10.0,30.0,2.0,255.0
30.684329986572266,alcohol,1522817,45.0,279.0,202.0,235.0,47.0,15.0,25.0,2.0,2.0,10.0,30.0,2.0,255.0
30.93726682662964,alcohol,1523069,44.0,279.0,202.0,235.0,46.0,15.0,25.0,2.0,2.0,10.0,30.0,2.0,255.0
31.189981937408447,alcohol,1523323,45.0,279.0,202.0,235.0,47.0,14.0,25.0,2.0,2.0,10.0,30.0,2.0,255.0
31.464815855026245,alcohol,1523576,44.0,279.0,202.0,235.0,46.0,15.0,25.0,2.0,2.0,10.0,30.0,2.0,255.0
31.69759702682495,alcohol,1523830,45.0,279.0,202.0,236.0,46.0,14.0,25.0,2.0,2.0,10.0,30.0,2.0,255.0
31.954383611679077,alcohol,1524083,45.0,279.0,202.0,235.0,46.0,14.0,25.0,2.0,2.0,10.0,30.0,2.0,255.0
32.204505920410156,alcohol,1524337,45.0,279.0,202.0,236.0,47.0,15.0,25.0,2.0,2.0,10.0,30.0,2.0,255.0
32.45835280418396,alcohol,1524590,44.0,279.0,202.0,235.0,47.0,14.0,25.0,2.0,2.0,10.0,30.0,2.0,255.0
32.71141314506531,alcohol,1524843,45.0,279.0,202.0,236.0,47.0,15.0,25.0,2.0,2.0,10.0,30.0,2.0,255.0
32.964773416519165,alcohol,1525097,45.0,279.0,202.0,235.0,47.0,14.0,25.0,2.0,2.0,10.0,30.0,2.0,255.0
33.21916389465332,alcohol,1525350,45.0,279.0,202.0,236.0,47.0,14.0,25.0,2.0,2.0,10.0,30.0,2.0,255.0
33.47146511077881,alcohol,1525604,45.0,279.0,202.0,235.0,47.0,14.0,25.0,2.0,2.0,10.0,30.0,2.0,255.0
33.727344036102295,alcohol,1525857,45.0,279.0,202.0,236.0,47.0,15.0,25.0,2.0,2.0,10.0,30.0,2.0,255.0
33.97879385948181,alcohol,1526111,45.0,279.0,202.0,235.0,46.0,15.0,25.0,2.0,2.0,10.0,30.0,2.0,255.0
34.23119497299194,alcohol,1526364,45.0,279.0,202.0,236.0,47.0,15.0,25.0,2.0,2.0,10.0,30.0,2.0,255.0
34.48560833930969,alcohol,1526618,45.0,279.0,202.0,235.0,47.0,14.0,25.0,2.0,2.0,10.0,30.0,2.0,255.0
34.73888373374939,alcohol,1526871,45.0,279.0,202.0,236.0,47.0,14.0,25.0,2.0,2.0,10.0,30.0,2.0,255.0
34.99093770980835,alcohol,1527123,45.0,279.0,202.0,235.0,46.0,14.0,25.0,2.0,2.0,10.0,30.0,2.0,255.0
35.24527931213379,alcohol,1527377,45.0,279.0,202.0,236.0,47.0,15.0,25.0,2.0,2.0,10.0,30.0,2.0,255.0
35.49800205230713,alcohol,1527630,44.0,279.0,202.0,235.0,47.0,15.0,25.0,2.0,2.0,10.0,30.0,2.0,255.0
35.75291061401367,alcohol,1527884,45.0,279.0,202.0,236.0,47.0,15.0,25.0,2.0,2.0,10.0,30.0,2.0,255.0
36.007975578308105,alcohol,1528137,45.0,279.0,202.0,235.0,47.0,14.0,25.0,2.0,2.0,10.0,30.0,2.0,255.0
36.25827074050903,alcohol,1528391,45.0,279.0,202.0,236.0,47.0,14.0,25.0,2.0,2.0,10.0,30.0,2.0,255.0
36.51256084442139,alcohol,1528644,45.0,279.0,202.0,235.0,47.0,15.0,25.0,2.0,2.0,10.0,30.0,2.0,255.0
36.76617503166199,alcohol,1528898,45.0,279.0,202.0,236.0,47.0,15.0,25.0,2.0,2.0,10.0,30.0,2.0,255.0
37.018110036849976,alcohol,1529151,45.0,279.0,202.0,235.0,46.0,15.0,25.0,2.0,2.0,10.0,30.0,2.0,255.0
37.273319721221924,alcohol,1529404,45.0,279.0,202.0,236.0,47.0,15.0,25.0,2.0,2.0,10.0,30.0,2.0,255.0
37.5259325504303,alcohol,1529658,45.0,279.0,202.0,235.0,46.0,14.0,25.0,2.0,2.0,10.0,30.0,2.0,255.0
37.7785587310791,alcohol,1529911,45.0,279.0,202.0,236.0,47.0,15.0,25.0,2.0,2.0,10.0,30.0,2.0,255.0
38.03252410888672,alcohol,1530165,45.0,279.0,202.0,235.0,47.0,14.0,25.0,2.0,2.0,10.0,30.0,2.0,255.0
38.28560757637024,alcohol,1530418,45.0,279.0,202.0,236.0,47.0,15.0,25.0,2.0,2.0,10.0,30.0,2.0,255.0
38.5395302772522,alcohol,1530672,45.0,279.0,202.0,235.0,46.0,15.0,25.0,2.0,2.0,10.0,30.0,2.0,255.0
38.79194450378418,alcohol,1530925,45.0,279.0,202.0,236.0,47.0,14.0,25.0,2.0,2.0,10.0,30.0,2.0,255.0
39.04658341407776,alcohol,1531179,45.0,279.0,202.0,235.0,46.0,14.0,25.0,2.0,2.0,10.0,30.0,2.0,255.0
39.299580574035645,alcohol,1531431,45.0,279.0,202.0,236.0,47.0,15.0,25.0,2.0,2.0,10.0,30.0,2.0,255.0
39.552973985672,alcohol,1531684,44.0,279.0,202.0,235.0,46.0,15.0,25.0,2.0,2.0,10.0,30.0,2.0,255.0
39.80632400512695,alcohol,1531938,45.0,279.0,202.0,236.0,47.0,15.0,25.0,2.0,2.0,10.0,30.0,2.0,255.0
40.05930185317993,alcohol,1532191,44.0,279.0,202.0,235.0,46.0,15.0,25.0,2.0,2.0,10.0,30.0,2.0,255.0
40.31204414367676,alcohol,1532445,45.0,279.0,202.0,236.0,47.0,14.0,25.0,2.0,2.0,10.0,30.0,2.0,255.0
40.56746482849121,alcohol,1532698,45.0,279.0,202.0,235.0,47.0,15.0,25.0,2.0,2.0,10.0,30.0,2.0,255.0
40.81930613517761,alcohol,1532952,45.0,279.0,202.0,236.0,47.0,15.0,25.0,2.0,2.0,10.0,30.0,2.0,255.0
41.07846665382385,alcohol,1533205,45.0,279.0,202.0,235.0,47.0,14.0,25.0,2.0,2.0,10.0,30.0,2.0,255.0
41.32613015174866,alcohol,1533459,45.0,279.0,202.0,236.0,47.0,14.0,25.0,2.0,2.0,10.0,30.0,2.0,255.0
41.579357862472534,alcohol,1533712,45.0,279.0,202.0,235.0,47.0,14.0,25.0,2.0,2.0,10.0,30.0,2.0,255.0
41.83313822746277,alcohol,1533966,45.0,279.0,202.0,236.0,47.0,14.0,25.0,2.0,2.0,10.0,30.0,2.0,255.0
42.0866162776947,alcohol,1534219,44.0,279.0,202.0,235.0,46.0,14.0,25.0,2.0,2.0,10.0,30.0,2.0,255.0
42.33993482589722,alcohol,1534472,45.0,279.0,202.0,236.0,47.0,15.0,25.0,2.0,2.0,10.0,30.0,2.0,255.0
42.593533992767334,alcohol,1534726,44.0,279.0,202.0,235.0,47.0,15.0,25.0,2.0,2.0,10.0,30.0,2.0,255.0
42.84651160240173,alcohol,1534979,45.0,279.0,202.0,236.0,47.0,15.0,25.0,2.0,2.0,10.0,30.0,2.0,255.0
43.10218000411987,alcohol,1535233,44.0,279.0,202.0,235.0,47.0,14.0,25.0,2.0,2.0,10.0,30.0,2.0,255.0
43.35241365432739,alcohol,1535485,45.0,279.0,202.0,236.0,47.0,14.0,25.0,2.0,2.0,10.0,30.0,2.0,255.0
43.61290955543518,alcohol,1535739,45.0,279.0,202.0,235.0,47.0,15.0,25.0,2.0,2.0,10.0,30.0,2.0,255.0
43.86230230331421,alcohol,1535992,45.0,279.0,202.0,236.0,47.0,14.0,25.0,2.0,2.0,10.0,30.0,2.0,255.0
44.11371207237244,alcohol,1536246,45.0,279.0,202.0,235.0,47.0,15.0,25.0,2.0,2.0,10.0,30.0,2.0,255.0
44.366994857788086,alcohol,1536499,45.0,279.0,202.0,236.0,47.0,15.0,25.0,2.0,2.0,10.0,30.0,2.0,255.0
44.62033152580261,alcohol,1536752,44.0,279.0,202.0,235.0,47.0,14.0,25.0,2.0,2.0,10.0,30.0,2.0,255.0
44.87449526786804,alcohol,1537006,45.0,279.0,202.0,236.0,47.0,15.0,25.0,2.0,2.0,10.0,30.0,2.0,255.0
45.12708306312561,alcohol,1537259,45.0,279.0,202.0,235.0,47.0,15.0,25.0,2.0,2.0,10.0,30.0,2.0,255.0
45.379966259002686,alcohol,1537513,45.0,279.0,202.0,236.0,47.0,14.0,25.0,2.0,2.0,10.0,30.0,2.0,255.0
45.63427400588989,alcohol,1537766,44.0,279.0,202.0,235.0,46.0,15.0,25.0,2.0,2.0,10.0,30.0,2.0,255.0
45.887810945510864,alcohol,1538020,45.0,279.0,202.0,236.0,47.0,15.0,25.0,2.0,2.0,10.0,30.0,2.0,255.0
46.13968324661255,alcohol,1538273,44.0,279.0,202.0,235.0,47.0,14.0,25.0,2.0,2.0,10.0,30.0,2.0,255.0
46.394694566726685,alcohol,1538527,45.0,279.0,202.0,236.0,47.0,15.0,25.0,2.0,2.0,10.0,30.0,2.0,255.0
46.64775037765503,alcohol,1538780,44.0,279.0,202.0,235.0,46.0,15.0,25.0,2.0,2.0,10.0,30.0,2.0,255.0
46.901111364364624,alcohol,1539033,45.0,279.0,202.0,236.0,47.0,15.0,25.0,2.0,2.0,10.0,30.0,2.0,255.0
47.15373182296753,alcohol,1539287,44.0,279.0,202.0,235.0,46.0,14.0,25.0,2.0,2.0,10.0,30.0,2.0,255.0
47.40747809410095,alcohol,1539539,45.0,279.0,202.0,236.0,47.0,14.0,25.0,2.0,2.0,10.0,30.0,2.0,255.0
47.66255164146423,alcohol,1539793,45.0,279.0,202.0,235.0,47.0,15.0,25.0,2.0,2.0,10.0,30.0,2.0,255.0
47.913877964019775,alcohol,1540046,45.0,279.0,202.0,236.0,47.0,15.0,25.0,2.0,2.0,10.0,30.0,2.0,255.0
48.17016124725342,alcohol,1540300,45.0,279.0,202.0,235.0,47.0,15.0,25.0,2.0,2.0,10.0,30.0,2.0,255.0
48.42116618156433,alcohol,1540553,45.0,279.0,202.0,236.0,47.0,15.0,25.0,2.0,2.0,10.0,30.0,2.0,255.0
48.67597436904907,alcohol,1540807,45.0,279.0,202.0,235.0,47.0,14.0,25.0,2.0,2.0,10.0,30.0,2.0,255.0
48.929054498672485,alcohol,1541060,44.0,279.0,202.0,236.0,47.0,14.0,25.0,2.0,2.0,10.0,30.0,2.0,255.0
49.18102025985718,alcohol,1541313,44.0,278.0,202.0,235.0,47.0,15.0,25.0,2.0,2.0,10.0,30.0,2.0,255.0
49.44218969345093,alcohol,1541567,45.0,279.0,202.0,236.0,47.0,15.0,25.0,2.0,2.0,10.0,30.0,2.0,255.0
49.68769431114197,alcohol,1541820,44.0,279.0,202.0,235.0,47.0,15.0,25.0,2.0,2.0,10.0,30.0,2.0,255.0
49.94087481498718,alcohol,1542074,45.0,279.0,202.0,236.0,47.0,15.0,25.0,2.0,2.0,10.0,30.0,2.0,255.0
50.19549918174744,alcohol,1542327,45.0,278.0,202.0,235.0,47.0,15.0,25.0,2.0,2.0,10.0,30.0,2.0,255.0
50.44841957092285,alcohol,1542581,45.0,279.0,202.0,236.0,46.0,15.0,25.0,2.0,2.0,10.0,30.0,2.0,255.0
50.7016806602478,alcohol,1542834,44.0,278.0,202.0,235.0,47.0,14.0,25.0,2.0,2.0,10.0,30.0,2.0,255.0
50.95497918128967,alcohol,1543088,45.0,279.0,202.0,236.0,47.0,15.0,25.0,2.0,2.0,10.0,30.0,2.0,255.0
51.20805382728577,alcohol,1543341,44.0,278.0,202.0,235.0,46.0,14.0,25.0,2.0,2.0,10.0,30.0,2.0,255.0
51.462831020355225,alcohol,1543593,45.0,279.0,202.0,236.0,47.0,14.0,25.0,2.0,2.0,10.0,30.0,2.0,255.0
51.715744495391846,alcohol,1543847,44.0,278.0,202.0,235.0,46.0,15.0,25.0,2.0,2.0,10.0,30.0,2.0,255.0
51.968860149383545,alcohol,1544100,45.0,279.0,202.0,236.0,47.0,15.0,25.0,2.0,2.0,10.0,30.0,2.0,255.0
52.223835706710815,alcohol,1544354,44.0,278.0,202.0,235.0,46.0,14.0,25.0,2.0,2.0,10.0,30.0,2.0,255.0
52.47562074661255,alcohol,1544607,45.0,279.0,202.0,236.0,47.0,15.0,25.0,2.0,2.0,10.0,30.0,2.0,255.0
52.73069643974304,alcohol,1544861,45.0,279.0,202.0,235.0,46.0,15.0,25.0,2.0,2.0,10.0,30.0,2.0,255.0
52.98259711265564,alcohol,1545114,44.0,279.0,202.0,236.0,47.0,15.0,25.0,2.0,2.0,10.0,30.0,2.0,255.0
53.23546552658081,alcohol,1545368,44.0,278.0,202.0,235.0,46.0,15.0,25.0,2.0,2.0,10.0,30.0,2.0,255.0
53.490132570266724,alcohol,1545621,45.0,279.0,202.0,236.0,47.0,15.0,25.0,2.0,2.0,10.0,30.0,2.0,255.0
53.74210023880005,alcohol,1545874,44.0,278.0,202.0,235.0,46.0,15.0,25.0,2.0,2.0,10.0,30.0,2.0,255.0
53.9953556060791,alcohol,1546128,45.0,279.0,202.0,236.0,47.0,14.0,25.0,2.0,2.0,10.0,30.0,2.0,255.0
54.24948859214783,alcohol,1546381,44.0,278.0,202.0,235.0,46.0,15.0,25.0,2.0,2.0,10.0,30.0,2.0,255.0
54.50314259529114,alcohol,1546635,45.0,279.0,202.0,236.0,47.0,15.0,25.0,2.0,2.0,10.0,30.0,2.0,255.0
54.75625920295715,alcohol,1546888,44.0,278.0,202.0,235.0,46.0,14.0,25.0,2.0,2.0,10.0,30.0,2.0,255.0
55.0091917514801,alcohol,1547142,45.0,279.0,202.0,236.0,47.0,14.0,25.0,2.0,2.0,10.0,30.0,2.0,255.0
55.26262640953064,alcohol,1547395,44.0,278.0,202.0,235.0,46.0,15.0,25.0,2.0,2.0,10.0,30.0,2.0,255.0
55.517367362976074,alcohol,1547649,45.0,279.0,202.0,236.0,47.0,14.0,25.0,2.0,2.0,10.0,30.0,2.0,255.0
55.76925468444824,alcohol,1547901,44.0,278.0,202.0,235.0,47.0,14.0,25.0,2.0,2.0,10.0,30.0,2.0,255.0
56.0237934589386,alcohol,1548154,45.0,279.0,202.0,236.0,47.0,14.0,25.0,2.0,2.0,10.0,30.0,2.0,255.0
56.276506423950195,alcohol,1548408,44.0,278.0,202.0,235.0,46.0,15.0,25.0,2.0,2.0,10.0,30.0,2.0,255.0
56.53276085853577,alcohol,1548661,45.0,279.0,202.0,236.0,47.0,15.0,25.0,2.0,2.0,10.0,30.0,2.0,255.0
56.78303527832031,alcohol,1548915,44.0,278.0,202.0,235.0,46.0,15.0,25.0,2.0,2.0,10.0,30.0,2.0,255.0
57.03602147102356,alcohol,1549168,45.0,279.0,202.0,236.0,47.0,15.0,25.0,2.0,2.0,10.0,30.0,2.0,255.0
57.29040861129761,alcohol,1549422,44.0,278.0,202.0,235.0,46.0,14.0,25.0,2.0,2.0,10.0,30.0,2.0,255.0
57.543405294418335,alcohol,1549675,45.0,279.0,202.0,236.0,47.0,15.0,25.0,2.0,2.0,10.0,30.0,2.0,255.0
57.79674506187439,alcohol,1549929,44.0,278.0,202.0,235.0,46.0,14.0,25.0,2.0,2.0,10.0,30.0,2.0,255.0
58.04974627494812,alcohol,1550182,45.0,279.0,202.0,236.0,47.0,15.0,25.0,2.0,2.0,10.0,30.0,2.0,255.0
58.303181409835815,alcohol,1550435,45.0,278.0,202.0,235.0,46.0,15.0,25.0,2.0,2.0,10.0,30.0,2.0,255.0
58.557833671569824,alcohol,1550689,45.0,279.0,202.0,236.0,46.0,15.0,25.0,2.0,2.0,10.0,30.0,2.0,255.0
58.810442209243774,alcohol,1550942,44.0,278.0,202.0,235.0,46.0,15.0,25.0,2.0,2.0,10.0,30.0,2.0,255.0
59.06212782859802,alcohol,1551196,44.0,279.0,202.0,236.0,47.0,15.0,25.0,2.0,2.0,10.0,30.0,2.0,255.0
59.31610894203186,alcohol,1551449,45.0,278.0,202.0,234.0,46.0,14.0,25.0,2.0,2.0,10.0,30.0,2.0,255.0
59.569849491119385,alcohol,1551703,44.0,278.0,202.0,235.0,47.0,14.0,25.0,2.0,2.0,10.0,30.0,2.0,255.0
59.824562311172485,alcohol,1551955,44.0,278.0,202.0,234.0,46.0,15.0,25.0,2.0,2.0,10.0,30.0,2.0,255.0
60.07783508300781,alcohol,1552209,44.0,278.0,202.0,235.0,47.0,14.0,25.0,2.0,2.0,10.0,30.0,2.0,255.0
60.3295156955719,alcohol,1552462,44.0,278.0,202.0,234.0,46.0,14.0,25.0,2.0,2.0,10.0,30.0,2.0,255.0
60.584171295166016,alcohol,1552715,45.0,279.0,202.0,235.0,47.0,15.0,25.0,2.0,2.0,10.0,30.0,2.0,255.0
60.856844902038574,alcohol,1552969,45.0,280.0,203.0,235.0,48.0,15.0,25.0,2.0,2.0,10.0,30.0,2.0,255.0
61.08934736251831,alcohol,1553222,47.0,281.0,203.0,236.0,50.0,15.0,25.0,2.0,2.0,10.0,30.0,2.0,255.0
61.34438872337341,alcohol,1553476,48.0,282.0,203.0,236.0,51.0,15.0,25.0,2.0,2.0,10.0,30.0,2.0,255.0
61.59778571128845,alcohol,1553729,48.0,282.0,203.0,237.0,54.0,15.0,25.0,2.0,2.0,10.0,30.0,2.0,255.0
61.8507866859436,alcohol,1553983,48.0,282.0,203.0,236.0,53.0,15.0,25.0,2.0,2.0,10.0,30.0,2.0,255.0
62.10772204399109,alcohol,1554236,49.0,283.0,204.0,238.0,53.0,15.0,25.0,2.0,2.0,10.0,30.0,2.0,255.0
62.35679030418396,alcohol,1554490,48.0,282.0,203.0,237.0,53.0,14.0,25.0,2.0,2.0,10.0,30.0,2.0,255.0
62.61095404624939,alcohol,1554743,49.0,283.0,203.0,238.0,55.0,14.0,25.0,2.0,2.0,10.0,30.0,2.0,255.0
62.8649640083313,alcohol,1554996,49.0,283.0,203.0,237.0,56.0,15.0,25.0,2.0,2.0,10.0,30.0,2.0,255.0
63.11777448654175,alcohol,1555250,51.0,284.0,204.0,239.0,58.0,15.0,25.0,2.0,2.0,10.0,30.0,2.0,255.0
63.37146043777466,alcohol,1555503,50.0,284.0,204.0,238.0,57.0,14.0,25.0,2.0,2.0,10.0,30.0,2.0,255.0
63.62471580505371,alcohol,1555757,50.0,283.0,204.0,239.0,56.0,15.0,25.0,2.0,2.0,10.0,30.0,2.0,255.0
63.879026889801025,alcohol,1556009,50.0,283.0,203.0,238.0,56.0,15.0,25.0,2.0,2.0,10.0,30.0,2.0,255.0
64.13111066818237,alcohol,1556263,49.0,283.0,204.0,240.0,60.0,15.0,25.0,2.0,2.0,10.0,30.0,2.0,255.0
64.3836042881012,alcohol,1556516,49.0,283.0,203.0,239.0,59.0,15.0,25.0,2.0,2.0,10.0,30.0,2.0,255.0
64.63820743560791,alcohol,1556770,49.0,283.0,203.0,240.0,58.0,15.0,25.0,2.0,2.0,10.0,30.0,2.0,255.0
64.89094543457031,alcohol,1557023,49.0,282.0,203.0,239.0,56.0,15.0,25.0,2.0,2.0,10.0,30.0,2.0,255.0
65.14480090141296,alcohol,1557276,48.0,282.0,203.0,240.0,55.0,15.0,25.0,2.0,2.0,10.0,30.0,2.0,255.0
65.39845108985901,alcohol,1557530,48.0,282.0,203.0,239.0,54.0,15.0,25.0,2.0,2.0,10.0,30.0,2.0,255.0
65.65213418006897,alcohol,1557783,48.0,282.0,203.0,240.0,54.0,15.0,25.0,2.0,2.0,10.0,30.0,2.0,255.0
65.90537095069885,alcohol,1558037,48.0,282.0,203.0,238.0,53.0,14.0,25.0,2.0,2.0,10.0,30.0,2.0,255.0
66.15773153305054,alcohol,1558290,48.0,282.0,203.0,239.0,53.0,15.0,25.0,2.0,2.0,10.0,30.0,2.0,255.0
66.41384291648865,alcohol,1558544,48.0,281.0,203.0,238.0,52.0,15.0,25.0,2.0,2.0,10.0,30.0,2.0,255.0
66.6658775806427,alcohol,1558797,48.0,282.0,203.0,239.0,53.0,15.0,25.0,2.0,2.0,10.0,30.0,2.0,255.0
66.91838526725769,alcohol,1559051,48.0,282.0,203.0,238.0,52.0,15.0,25.0,2.0,2.0,10.0,30.0,2.0,255.0
67.17202234268188,alcohol,1559304,48.0,282.0,203.0,239.0,52.0,15.0,25.0,2.0,2.0,10.0,30.0,2.0,255.0
67.4249358177185,alcohol,1559557,48.0,281.0,203.0,238.0,51.0,15.0,25.0,2.0,2.0,10.0,30.0,2.0,255.0
67.67928457260132,alcohol,1559811,48.0,281.0,203.0,239.0,51.0,15.0,25.0,2.0,2.0,10.0,30.0,2.0,255.0
67.93130993843079,alcohol,1560064,47.0,281.0,203.0,238.0,51.0,14.0,25.0,2.0,2.0,10.0,30.0,2.0,255.0
68.20733785629272,alcohol,1560317,48.0,281.0,203.0,239.0,52.0,15.0,25.0,2.0,2.0,10.0,30.0,2.0,255.0
68.43889260292053,alcohol,1560570,48.0,281.0,203.0,238.0,51.0,14.0,25.0,2.0,2.0,10.0,30.0,2.0,255.0
68.69269871711731,alcohol,1560824,48.0,281.0,203.0,239.0,52.0,15.0,25.0,2.0,2.0,10.0,30.0,2.0,255.0
68.94533276557922,alcohol,1561077,48.0,281.0,203.0,238.0,51.0,15.0,25.0,2.0,2.0,10.0,30.0,2.0,255.0
69.19911408424377,alcohol,1561331,48.0,281.0,203.0,239.0,51.0,15.0,25.0,2.0,2.0,10.0,30.0,2.0,255.0
69.45351219177246,alcohol,1561584,47.0,281.0,203.0,238.0,51.0,15.0,25.0,2.0,2.0,10.0,30.0,2.0,255.0
69.70703268051147,alcohol,1561837,48.0,281.0,203.0,239.0,51.0,15.0,25.0,2.0,2.0,10.0,30.0,2.0,255.0
69.96082162857056,alcohol,1562091,47.0,281.0,203.0,238.0,50.0,14.0,25.0,2.0,2.0,10.0,30.0,2.0,255.0
70.21175384521484,alcohol,1562344,47.0,281.0,203.0,239.0,50.0,15.0,25.0,2.0,2.0,10.0,30.0,2.0,255.0
70.46695256233215,alcohol,1562598,47.0,281.0,203.0,238.0,50.0,14.0,25.0,2.0,2.0,10.0,30.0,2.0,255.0
70.71997427940369,alcohol,1562851,47.0,281.0,203.0,239.0,50.0,15.0,25.0,2.0,2.0,10.0,30.0,2.0,255.0
70.97437047958374,alcohol,1563105,47.0,281.0,203.0,238.0,49.0,15.0,25.0,2.0,2.0,10.0,30.0,2.0,255.0
71.22672891616821,alcohol,1563358,48.0,281.0,203.0,239.0,50.0,15.0,25.0,2.0,2.0,10.0,30.0,2.0,255.0
71.48008942604065,alcohol,1563612,48.0,282.0,203.0,238.0,50.0,15.0,25.0,2.0,2.0,10.0,30.0,2.0,255.0
71.73401713371277,alcohol,1563865,48.0,282.0,203.0,239.0,50.0,14.0,25.0,2.0,2.0,10.0,30.0,2.0,255.0
71.98662424087524,alcohol,1564118,48.0,282.0,203.0,238.0,50.0,14.0,25.0,2.0,2.0,10.0,30.0,2.0,255.0
72.23986172676086,alcohol,1564371,49.0,282.0,203.0,239.0,50.0,15.0,25.0,2.0,2.0,10.0,30.0,2.0,255.0
72.49345111846924,alcohol,1564624,48.0,282.0,203.0,238.0,50.0,15.0,25.0,2.0,2.0,10.0,30.0,2.0,255.0
72.74622130393982,alcohol,1564878,48.0,282.0,203.0,239.0,50.0,14.0,25.0,2.0,2.0,10.0,30.0,2.0,255.0
73.00087261199951,alcohol,1565131,48.0,281.0,203.0,238.0,50.0,15.0,25.0,2.0,2.0,10.0,30.0,2.0,255.0
73.25380039215088,alcohol,1565385,48.0,282.0,203.0,239.0,50.0,15.0,25.0,2.0,2.0,10.0,30.0,2.0,255.0
73.50657892227173,alcohol,1565638,48.0,281.0,203.0,238.0,51.0,15.0,25.0,2.0,2.0,10.0,30.0,2.0,255.0
73.76081967353821,alcohol,1565892,48.0,282.0,203.0,239.0,52.0,15.0,25.0,2.0,2.0,10.0,30.0,2.0,255.0
74.0135486125946,alcohol,1566145,48.0,281.0,203.0,239.0,52.0,15.0,25.0,2.0,2.0,10.0,30.0,2.0,255.0
74.26771664619446,alcohol,1566398,48.0,282.0,203.0,239.0,53.0,15.0,25.0,2.0,2.0,10.0,30.0,2.0,255.0
74.5207633972168,alcohol,1566652,48.0,281.0,203.0,238.0,52.0,15.0,25.0,2.0,2.0,10.0,30.0,2.0,255.0
74.77364373207092,alcohol,1566905,48.0,282.0,203.0,240.0,52.0,15.0,25.0,2.0,2.0,10.0,30.0,2.0,255.0
75.0295889377594,alcohol,1567159,48.0,281.0,203.0,238.0,52.0,15.0,25.0,2.0,2.0,10.0,30.0,2.0,255.0
75.28060626983643,alcohol,1567412,48.0,282.0,203.0,240.0,52.0,15.0,25.0,2.0,2.0,10.0,30.0,2.0,255.0
75.53350973129272,alcohol,1567666,48.0,281.0,203.0,239.0,53.0,15.0,25.0,2.0,2.0,10.0,30.0,2.0,255.0
75.78762650489807,alcohol,1567919,49.0,282.0,203.0,240.0,53.0,15.0,25.0,2.0,2.0,10.0,30.0,2.0,255.0
76.0402603149414,alcohol,1568173,48.0,281.0,203.0,239.0,53.0,14.0,25.0,2.0,2.0,10.0,30.0,2.0,255.0
76.29476761817932,alcohol,1568425,49.0,282.0,203.0,240.0,53.0,15.0,25.0,2.0,2.0,10.0,30.0,2.0,255.0
76.54758834838867,alcohol,1568678,48.0,281.0,203.0,239.0,52.0,15.0,25.0,2.0,2.0,10.0,30.0,2.0,255.0
76.80104923248291,alcohol,1568932,48.0,282.0,203.0,240.0,52.0,15.0,25.0,2.0,2.0,10.0,30.0,2.0,255.0
77.0544958114624,alcohol,1569185,48.0,281.0,203.0,239.0,53.0,14.0,25.0,2.0,2.0,10.0,30.0,2.0,255.0
77.3070867061615,alcohol,1569439,48.0,282.0,203.0,240.0,53.0,15.0,25.0,2.0,2.0,10.0,30.0,2.0,255.0
77.56203293800354,alcohol,1569692,48.0,281.0,203.0,239.0,53.0,14.0,25.0,2.0,2.0,10.0,30.0,2.0,255.0
77.81483817100525,alcohol,1569946,49.0,283.0,203.0,240.0,53.0,15.0,25.0,2.0,2.0,10.0,30.0,2.0,255.0
78.06763672828674,alcohol,1570199,51.0,284.0,203.0,239.0,55.0,15.0,25.0,2.0,2.0,10.0,30.0,2.0,255.0
78.32353663444519,alcohol,1570453,51.0,284.0,203.0,240.0,55.0,15.0,25.0,2.0,2.0,10.0,30.0,2.0,255.0
78.58170175552368,alcohol,1570706,51.0,283.0,203.0,239.0,54.0,15.0,25.0,2.0,2.0,10.0,30.0,2.0,255.0
78.83009815216064,alcohol,1570959,50.0,283.0,203.0,240.0,55.0,15.0,25.0,2.0,2.0,10.0,30.0,2.0,255.0
79.08206915855408,alcohol,1571213,51.0,283.0,203.0,240.0,56.0,15.0,25.0,2.0,2.0,10.0,30.0,2.0,255.0
79.33407235145569,alcohol,1571466,51.0,284.0,204.0,241.0,57.0,15.0,25.0,2.0,2.0,10.0,30.0,2.0,255.0
79.58884525299072,alcohol,1571720,50.0,283.0,203.0,239.0,55.0,15.0,25.0,2.0,2.0,10.0,30.0,2.0,255.0
79.8416690826416,alcohol,1571973,50.0,283.0,203.0,240.0,55.0,15.0,25.0,2.0,2.0,10.0,30.0,2.0,255.0
80.11631155014038,alcohol,1572227,50.0,282.0,203.0,240.0,55.0,15.0,25.0,2.0,2.0,10.0,30.0,2.0,255.0
80.34872531890869,alcohol,1572480,50.0,283.0,203.0,240.0,54.0,15.0,25.0,2.0,2.0,10.0,30.0,2.0,255.0
80.60159587860107,alcohol,1572733,50.0,283.0,203.0,240.0,55.0,15.0,25.0,2.0,2.0,10.0,30.0,2.0,255.0
80.85644173622131,alcohol,1572986,50.0,283.0,203.0,240.0,54.0,15.0,25.0,2.0,2.0,10.0,30.0,2.0,255.0
81.10827326774597,alcohol,1573239,49.0,282.0,203.0,239.0,54.0,15.0,25.0,2.0,2.0,10.0,30.0,2.0,255.0
81.36117124557495,alcohol,1573493,49.0,282.0,203.0,240.0,53.0,15.0,25.0,2.0,2.0,10.0,30.0,2.0,255.0
81.61580801010132,alcohol,1573746,49.0,282.0,203.0,239.0,53.0,15.0,25.0,2.0,2.0,10.0,30.0,2.0,255.0
81.86837553977966,alcohol,1574000,49.0,282.0,203.0,240.0,53.0,15.0,25.0,2.0,2.0,10.0,30.0,2.0,255.0
82.12300682067871,alcohol,1574253,49.0,282.0,203.0,239.0,52.0,15.0,25.0,2.0,2.0,10.0,30.0,2.0,255.0
82.3754985332489,alcohol,1574507,49.0,282.0,203.0,240.0,53.0,15.0,25.0,2.0,2.0,10.0,30.0,2.0,255.0
82.62905383110046,alcohol,1574760,49.0,282.0,203.0,239.0,52.0,15.0,25.0,2.0,2.0,10.0,30.0,2.0,255.0
82.88221263885498,alcohol,1575014,49.0,282.0,203.0,240.0,52.0,15.0,25.0,2.0,2.0,10.0,30.0,2.0,255.0
83.13457369804382,alcohol,1575267,50.0,283.0,203.0,239.0,52.0,15.0,25.0,2.0,2.0,10.0,30.0,2.0,255.0
83.3945701122284,alcohol,1575520,50.0,283.0,203.0,240.0,52.0,15.0,25.0,2.0,2.0,10.0,30.0,2.0,255.0
83.64278841018677,alcohol,1575774,49.0,282.0,203.0,239.0,51.0,15.0,25.0,2.0,2.0,10.0,30.0,2.0,255.0
83.8964331150055,alcohol,1576027,49.0,282.0,203.0,240.0,51.0,15.0,25.0,2.0,2.0,10.0,30.0,2.0,255.0
84.15009355545044,alcohol,1576281,49.0,282.0,203.0,239.0,51.0,14.0,25.0,2.0,2.0,10.0,30.0,2.0,255.0
84.40213441848755,alcohol,1576534,49.0,282.0,203.0,240.0,51.0,15.0,25.0,2.0,2.0,10.0,30.0,2.0,255.0
84.65551114082336,alcohol,1576787,49.0,282.0,203.0,239.0,51.0,15.0,25.0,2.0,2.0,10.0,30.0,2.0,255.0
84.91051864624023,alcohol,1577040,49.0,282.0,203.0,240.0,51.0,15.0,25.0,2.0,2.0,10.0,30.0,2.0,255.0
85.16216039657593,alcohol,1577294,48.0,281.0,203.0,239.0,51.0,14.0,25.0,2.0,2.0,10.0,30.0,2.0,255.0
85.41632533073425,alcohol,1577547,48.0,281.0,203.0,239.0,51.0,15.0,25.0,2.0,2.0,10.0,30.0,2.0,255.0
85.6702208518982,alcohol,1577800,48.0,281.0,203.0,239.0,50.0,15.0,25.0,2.0,2.0,10.0,30.0,2.0,255.0
85.92211866378784,alcohol,1578054,48.0,281.0,203.0,239.0,50.0,15.0,25.0,2.0,2.0,10.0,30.0,2.0,255.0
86.17633056640625,alcohol,1578307,48.0,281.0,203.0,239.0,50.0,15.0,25.0,2.0,2.0,10.0,30.0,2.0,255.0
86.42964577674866,alcohol,1578561,48.0,281.0,203.0,239.0,50.0,15.0,25.0,2.0,2.0,10.0,30.0,2.0,255.0
86.68350863456726,alcohol,1578814,48.0,281.0,203.0,239.0,52.0,15.0,25.0,2.0,2.0,10.0,30.0,2.0,255.0
86.9361822605133,alcohol,1579068,49.0,281.0,203.0,240.0,53.0,15.0,25.0,2.0,2.0,10.0,30.0,2.0,255.0
87.19099545478821,alcohol,1579321,48.0,281.0,203.0,239.0,52.0,15.0,25.0,2.0,2.0,10.0,30.0,2.0,255.0
87.44531559944153,alcohol,1579575,49.0,282.0,203.0,240.0,52.0,15.0,25.0,2.0,2.0,10.0,30.0,2.0,255.0
87.69671893119812,alcohol,1579828,49.0,281.0,203.0,239.0,52.0,15.0,25.0,2.0,2.0,10.0,30.0,2.0,255.0
87.9508798122406,alcohol,1580081,49.0,281.0,203.0,240.0,51.0,15.0,25.0,2.0,2.0,10.0,30.0,2.0,255.0
88.20296883583069,alcohol,1580335,49.0,281.0,203.0,239.0,51.0,15.0,25.0,2.0,2.0,10.0,30.0,2.0,255.0
88.45613193511963,alcohol,1580588,49.0,281.0,203.0,240.0,51.0,15.0,25.0,2.0,2.0,10.0,30.0,2.0,255.0
88.71079325675964,alcohol,1580841,48.0,281.0,203.0,239.0,51.0,15.0,25.0,2.0,2.0,10.0,30.0,2.0,255.0
88.96392798423767,alcohol,1581094,49.0,281.0,203.0,239.0,51.0,15.0,25.0,2.0,2.0,10.0,30.0,2.0,255.0
89.21744799613953,alcohol,1581348,48.0,281.0,203.0,239.0,51.0,14.0,25.0,2.0,2.0,10.0,30.0,2.0,255.0
89.4706928730011,alcohol,1581601,48.0,281.0,203.0,239.0,51.0,15.0,25.0,2.0,2.0,10.0,30.0,2.0,255.0
89.72371411323547,alcohol,1581855,48.0,281.0,203.0,239.0,50.0,14.0,25.0,2.0,2.0,10.0,30.0,2.0,255.0
89.97731685638428,alcohol,1582108,48.0,281.0,203.0,239.0,50.0,15.0,25.0,2.0,2.0,10.0,30.0,2.0,255.0
90.2311098575592,alcohol,1582362,48.0,281.0,203.0,238.0,50.0,15.0,25.0,2.0,2.0,10.0,30.0,2.0,255.0
90.48328351974487,alcohol,1582615,48.0,281.0,203.0,239.0,52.0,15.0,25.0,2.0,2.0,10.0,30.0,2.0,255.0
90.73871517181396,alcohol,1582868,49.0,281.0,203.0,239.0,53.0,15.0,25.0,2.0,2.0,10.0,30.0,2.0,255.0
90.99003505706787,alcohol,1583122,49.0,281.0,203.0,240.0,53.0,15.0,25.0,2.0,2.0,10.0,30.0,2.0,255.0
91.24505710601807,alcohol,1583375,49.0,282.0,203.0,239.0,54.0,15.0,25.0,2.0,2.0,10.0,30.0,2.0,255.0
91.4973258972168,alcohol,1583629,49.0,282.0,203.0,240.0,54.0,15.0,25.0,2.0,2.0,10.0,30.0,2.0,255.0
91.75001382827759,alcohol,1583882,49.0,282.0,203.0,239.0,53.0,15.0,25.0,2.0,2.0,10.0,30.0,2.0,255.0
92.00534629821777,alcohol,1584136,49.0,282.0,203.0,240.0,53.0,15.0,25.0,2.0,2.0,10.0,30.0,2.0,255.0
92.25740814208984,alcohol,1584389,49.0,282.0,203.0,239.0,54.0,15.0,25.0,2.0,2.0,10.0,30.0,2.0,255.0
92.51101994514465,alcohol,1584643,50.0,282.0,203.0,240.0,57.0,15.0,25.0,2.0,2.0,10.0,30.0,2.0,255.0
92.764808177948,alcohol,1584896,50.0,282.0,203.0,239.0,56.0,15.0,25.0,2.0,2.0,10.0,30.0,2.0,255.0
93.01685118675232,alcohol,1585148,50.0,282.0,203.0,240.0,56.0,15.0,25.0,2.0,2.0,10.0,30.0,2.0,255.0
93.29150032997131,alcohol,1585402,49.0,281.0,203.0,239.0,54.0,15.0,25.0,2.0,2.0,10.0,30.0,2.0,255.0
93.5242280960083,alcohol,1585655,49.0,282.0,203.0,240.0,54.0,15.0,25.0,2.0,2.0,10.0,30.0,2.0,255.0
93.77801060676575,alcohol,1585909,49.0,281.0,203.0,239.0,53.0,15.0,25.0,2.0,2.0,10.0,30.0,2.0,255.0
94.03161835670471,alcohol,1586162,49.0,281.0,203.0,240.0,53.0,15.0,25.0,2.0,2.0,10.0,30.0,2.0,255.0
94.28402471542358,alcohol,1586416,48.0,281.0,203.0,239.0,52.0,15.0,25.0,2.0,2.0,10.0,30.0,2.0,255.0
94.538001537323,alcohol,1586669,49.0,281.0,203.0,240.0,52.0,15.0,25.0,2.0,2.0,10.0,30.0,2.0,255.0
94.79192090034485,alcohol,1586923,49.0,281.0,203.0,239.0,53.0,15.0,25.0,2.0,2.0,10.0,30.0,2.0,255.0
95.04465627670288,alcohol,1587176,49.0,281.0,203.0,240.0,53.0,15.0,25.0,2.0,2.0,10.0,30.0,2.0,255.0
95.30178093910217,alcohol,1587429,48.0,281.0,203.0,239.0,53.0,15.0,25.0,2.0,2.0,10.0,30.0,2.0,255.0
95.55114984512329,alcohol,1587683,48.0,281.0,203.0,240.0,52.0,15.0,25.0,2.0,2.0,10.0,30.0,2.0,255.0
95.80558133125305,alcohol,1587936,48.0,281.0,203.0,239.0,52.0,15.0,25.0,2.0,2.0,10.0,30.0,2.0,255.0
96.05804228782654,alcohol,1588190,48.0,281.0,203.0,240.0,52.0,15.0,25.0,2.0,2.0,10.0,30.0,2.0,255.0
96.31144404411316,alcohol,1588443,48.0,281.0,203.0,239.0,51.0,15.0,25.0,2.0,2.0,10.0,30.0,2.0,255.0
96.56493997573853,alcohol,1588697,48.0,281.0,203.0,239.0,51.0,15.0,25.0,2.0,2.0,10.0,30.0,2.0,255.0
96.81825113296509,alcohol,1588950,48.0,280.0,203.0,239.0,51.0,15.0,25.0,2.0,2.0,10.0,30.0,2.0,255.0
97.07229948043823,alcohol,1589203,48.0,281.0,203.0,239.0,51.0,15.0,25.0,2.0,2.0,10.0,30.0,2.0,255.0
97.32497596740723,alcohol,1589456,48.0,281.0,203.0,239.0,50.0,15.0,25.0,2.0,2.0,10.0,30.0,2.0,255.0
97.57848715782166,alcohol,1589709,49.0,281.0,203.0,239.0,51.0,15.0,25.0,2.0,2.0,10.0,30.0,2.0,255.0
97.83235931396484,alcohol,1589963,49.0,281.0,203.0,239.0,50.0,15.0,25.0,2.0,2.0,10.0,30.0,2.0,255.0
98.0841417312622,alcohol,1590216,48.0,281.0,203.0,240.0,50.0,15.0,25.0,2.0,2.0,10.0,30.0,2.0,255.0
98.34016370773315,alcohol,1590470,48.0,281.0,203.0,238.0,50.0,15.0,25.0,2.0,2.0,10.0,30.0,2.0,255.0
98.59204864501953,alcohol,1590723,48.0,281.0,203.0,239.0,51.0,15.0,25.0,2.0,2.0,10.0,30.0,2.0,255.0
98.84552693367004,alcohol,1590977,48.0,280.0,203.0,238.0,50.0,15.0,25.0,2.0,2.0,10.0,30.0,2.0,255.0
99.09930634498596,alcohol,1591230,48.0,281.0,203.0,239.0,50.0,15.0,25.0,2.0,2.0,10.0,30.0,2.0,255.0
99.35421204566956,alcohol,1591484,47.0,280.0,203.0,238.0,50.0,15.0,25.0,2.0,2.0,10.0,30.0,2.0,255.0
99.60529327392578,alcohol,1591737,48.0,280.0,203.0,239.0,50.0,15.0,25.0,2.0,2.0,10.0,30.0,2.0,255.0
99.85945272445679,alcohol,1591990,48.0,280.0,203.0,239.0,51.0,14.0,25.0,2.0,2.0,10.0,30.0,2.0,255.0
100.11462235450745,alcohol,1592244,48.0,281.0,203.0,240.0,52.0,15.0,25.0,2.0,2.0,10.0,30.0,2.0,255.0
100.36750340461731,alcohol,1592497,48.0,281.0,203.0,239.0,52.0,15.0,25.0,2.0,2.0,10.0,30.0,2.0,255.0
100.62102508544922,alcohol,1592751,48.0,281.0,203.0,239.0,52.0,15.0,25.0,2.0,2.0,10.0,30.0,2.0,255.0
100.87289571762085,alcohol,1593004,48.0,280.0,203.0,239.0,51.0,15.0,25.0,2.0,2.0,10.0,30.0,2.0,255.0
101.12786769866943,alcohol,1593257,48.0,281.0,203.0,239.0,51.0,15.0,25.0,2.0,2.0,10.0,30.0,2.0,255.0
101.38291430473328,alcohol,1593510,48.0,280.0,203.0,239.0,51.0,14.0,25.0,2.0,2.0,10.0,30.0,2.0,255.0
101.63386940956116,alcohol,1593764,48.0,280.0,203.0,239.0,51.0,15.0,25.0,2.0,2.0,10.0,30.0,2.0,255.0
101.89038228988647,alcohol,1594017,48.0,281.0,203.0,238.0,50.0,15.0,25.0,2.0,2.0,10.0,30.0,2.0,255.0
102.13964223861694,alcohol,1594270,48.0,281.0,203.0,239.0,51.0,15.0,25.0,2.0,2.0,10.0,30.0,2.0,255.0
102.39342880249023,alcohol,1594524,48.0,280.0,203.0,239.0,50.0,15.0,25.0,2.0,2.0,10.0,30.0,2.0,255.0
102.64721941947937,alcohol,1594777,48.0,281.0,203.0,239.0,51.0,15.0,25.0,2.0,2.0,10.0,30.0,2.0,255.0
102.9118595123291,alcohol,1595031,48.0,280.0,203.0,238.0,50.0,15.0,25.0,2.0,2.0,10.0,30.0,2.0,255.0
103.15456867218018,alcohol,1595284,48.0,281.0,203.0,239.0,50.0,15.0,25.0,2.0,2.0,10.0,30.0,2.0,255.0
103.40633845329285,alcohol,1595538,48.0,280.0,203.0,239.0,51.0,15.0,25.0,2.0,2.0,10.0,30.0,2.0,255.0
103.66081690788269,alcohol,1595791,48.0,281.0,203.0,239.0,51.0,15.0,25.0,2.0,2.0,10.0,30.0,2.0,255.0
103.91494131088257,alcohol,1596045,48.0,280.0,203.0,239.0,51.0,15.0,25.0,2.0,2.0,10.0,30.0,2.0,255.0
104.16659998893738,alcohol,1596298,48.0,280.0,203.0,239.0,51.0,15.0,25.0,2.0,2.0,10.0,30.0,2.0,255.0
104.42184829711914,alcohol,1596551,47.0,280.0,203.0,238.0,50.0,14.0,25.0,2.0,2.0,10.0,30.0,2.0,255.0
104.67424464225769,alcohol,1596805,48.0,280.0,203.0,240.0,50.0,15.0,25.0,2.0,2.0,10.0,30.0,2.0,255.0
104.92922925949097,alcohol,1597058,48.0,281.0,203.0,239.0,50.0,15.0,25.0,2.0,2.0,10.0,30.0,2.0,255.0
105.18005299568176,alcohol,1597312,48.0,281.0,203.0,240.0,51.0,15.0,25.0,2.0,2.0,10.0,30.0,2.0,255.0
105.43362975120544,alcohol,1597564,48.0,281.0,203.0,239.0,50.0,15.0,25.0,2.0,2.0,10.0,30.0,2.0,255.0
105.68819046020508,alcohol,1597818,48.0,281.0,203.0,240.0,52.0,15.0,25.0,2.0,2.0,10.0,30.0,2.0,255.0
105.96146178245544,alcohol,1598071,49.0,281.0,203.0,239.0,53.0,15.0,25.0,2.0,2.0,10.0,30.0,2.0,255.0
106.19476795196533,alcohol,1598325,49.0,281.0,203.0,240.0,53.0,15.0,25.0,2.0,2.0,10.0,30.0,2.0,255.0
106.44831895828247,alcohol,1598578,48.0,281.0,203.0,239.0,52.0,15.0,25.0,2.0,2.0,10.0,30.0,2.0,255.0
106.70745611190796,alcohol,1598831,49.0,282.0,204.0,240.0,52.0,15.0,25.0,2.0,2.0,10.0,30.0,2.0,255.0
106.95467829704285,alcohol,1599085,49.0,281.0,203.0,239.0,52.0,15.0,25.0,2.0,2.0,10.0,30.0,2.0,255.0
107.20682287216187,alcohol,1599338,49.0,282.0,204.0,240.0,52.0,15.0,25.0,2.0,2.0,10.0,30.0,2.0,255.0
107.46114730834961,alcohol,1599592,50.0,282.0,203.0,239.0,52.0,15.0,25.0,2.0,2.0,10.0,30.0,2.0,255.0
107.71461391448975,alcohol,1599845,50.0,282.0,204.0,240.0,52.0,15.0,25.0,2.0,2.0,10.0,30.0,2.0,255.0
107.96758651733398,alcohol,1600099,49.0,282.0,203.0,239.0,51.0,15.0,25.0,2.0,2.0,10.0,30.0,2.0,255.0
108.22138142585754,alcohol,1600352,49.0,282.0,204.0,240.0,51.0,15.0,25.0,2.0,2.0,10.0,30.0,2.0,255.0
108.47408151626587,alcohol,1600606,49.0,281.0,203.0,239.0,50.0,15.0,25.0,2.0,2.0,10.0,30.0,2.0,255.0
108.727867603302,alcohol,1600859,49.0,281.0,203.0,240.0,51.0,15.0,25.0,2.0,2.0,10.0,30.0,2.0,255.0
108.98193550109863,alcohol,1601112,48.0,281.0,203.0,239.0,50.0,15.0,25.0,2.0,2.0,10.0,30.0,2.0,255.0
109.23443794250488,alcohol,1601366,49.0,281.0,203.0,240.0,50.0,15.0,25.0,2.0,2.0,10.0,30.0,2.0,255.0
109.48869347572327,alcohol,1601618,48.0,281.0,203.0,239.0,50.0,14.0,25.0,2.0,2.0,10.0,30.0,2.0,255.0
109.74128317832947,alcohol,1601872,48.0,281.0,203.0,240.0,50.0,15.0,25.0,2.0,2.0,10.0,30.0,2.0,255.0
109.99512505531311,alcohol,1602125,48.0,281.0,203.0,239.0,50.0,15.0,25.0,2.0,2.0,10.0,30.0,2.0,255.0
110.24907159805298,alcohol,1602379,48.0,281.0,203.0,240.0,50.0,15.0,25.0,2.0,2.0,10.0,30.0,2.0,255.0
110.50288462638855,alcohol,1602632,48.0,281.0,203.0,239.0,50.0,15.0,25.0,2.0,2.0,10.0,30.0,2.0,255.0
110.7561686038971,alcohol,1602886,48.0,281.0,203.0,240.0,50.0,15.0,25.0,2.0,2.0,10.0,30.0,2.0,255.0
111.00907444953918,alcohol,1603139,48.0,280.0,203.0,239.0,50.0,15.0,25.0,2.0,2.0,10.0,30.0,2.0,255.0
111.26234269142151,alcohol,1603392,48.0,281.0,203.0,240.0,50.0,15.0,25.0,2.0,2.0,10.0,30.0,2.0,255.0
111.51566052436829,alcohol,1603646,48.0,280.0,203.0,239.0,50.0,15.0,25.0,2.0,2.0,10.0,30.0,2.0,255.0
111.76891875267029,alcohol,1603899,48.0,281.0,204.0,240.0,50.0,15.0,25.0,2.0,2.0,10.0,30.0,2.0,255.0
112.02387380599976,alcohol,1604153,48.0,280.0,203.0,239.0,50.0,15.0,25.0,2.0,2.0,10.0,30.0,2.0,255.0
112.27567338943481,alcohol,1604406,48.0,280.0,203.0,240.0,50.0,15.0,25.0,2.0,2.0,10.0,30.0,2.0,255.0
112.5295352935791,alcohol,1604660,47.0,280.0,203.0,239.0,49.0,15.0,25.0,2.0,2.0,10.0,30.0,2.0,255.0
112.78644299507141,alcohol,1604913,47.0,280.0,203.0,240.0,49.0,15.0,25.0,2.0,2.0,10.0,30.0,2.0,255.0
113.03576564788818,alcohol,1605167,47.0,280.0,203.0,239.0,49.0,15.0,25.0,2.0,2.0,10.0,30.0,2.0,255.0
113.28835821151733,alcohol,1605420,47.0,280.0,203.0,240.0,49.0,14.0,25.0,2.0,2.0,10.0,30.0,2.0,255.0
113.54255104064941,alcohol,1605672,47.0,280.0,203.0,239.0,49.0,15.0,25.0,2.0,2.0,10.0,30.0,2.0,255.0
113.79722118377686,alcohol,1605926,47.0,280.0,203.0,240.0,50.0,15.0,25.0,2.0,2.0,10.0,30.0,2.0,255.0
114.07055044174194,alcohol,1606179,47.0,280.0,203.0,239.0,50.0,15.0,25.0,2.0,2.0,10.0,30.0,2.0,255.0
114.30256724357605,alcohol,1606433,47.0,280.0,203.0,240.0,50.0,15.0,25.0,2.0,2.0,10.0,30.0,2.0,255.0
114.55580258369446,alcohol,1606686,47.0,280.0,203.0,239.0,50.0,15.0,25.0,2.0,2.0,10.0,30.0,2.0,255.0
114.80952334403992,alcohol,1606940,48.0,281.0,203.0,240.0,51.0,15.0,25.0,2.0,2.0,10.0,30.0,2.0,255.0
115.06217956542969,alcohol,1607193,48.0,281.0,203.0,239.0,51.0,15.0,25.0,2.0,2.0,10.0,30.0,2.0,255.0
115.31561660766602,alcohol,1607447,48.0,281.0,203.0,240.0,51.0,15.0,25.0,2.0,2.0,10.0,30.0,2.0,255.0
115.5695972442627,alcohol,1607700,48.0,281.0,203.0,239.0,51.0,15.0,25.0,2.0,2.0,10.0,30.0,2.0,255.0
115.8223249912262,alcohol,1607953,48.0,281.0,203.0,240.0,51.0,15.0,25.0,2.0,2.0,10.0,30.0,2.0,255.0
116.07624936103821,alcohol,1608207,48.0,281.0,203.0,239.0,51.0,15.0,25.0,2.0,2.0,10.0,30.0,2.0,255.0
116.32966876029968,alcohol,1608460,48.0,281.0,203.0,240.0,51.0,15.0,25.0,2.0,2.0,10.0,30.0,2.0,255.0
116.58257961273193,alcohol,1608714,48.0,280.0,203.0,239.0,50.0,15.0,25.0,2.0,2.0,10.0,30.0,2.0,255.0
116.83616256713867,alcohol,1608967,48.0,281.0,203.0,240.0,50.0,15.0,25.0,2.0,2.0,10.0,30.0,2.0,255.0
117.09004020690918,alcohol,1609221,47.0,280.0,203.0,239.0,50.0,15.0,25.0,2.0,2.0,10.0,30.0,2.0,255.0
117.34335136413574,alcohol,1609474,47.0,280.0,203.0,240.0,50.0,15.0,25.0,2.0,2.0,10.0,30.0,2.0,255.0
117.59640216827393,alcohol,1609728,47.0,280.0,203.0,239.0,50.0,15.0,25.0,2.0,2.0,10.0,30.0,2.0,255.0
117.85041522979736,alcohol,1609980,47.0,280.0,203.0,240.0,50.0,15.0,25.0,2.0,2.0,10.0,30.0,2.0,255.0
118.10377931594849,alcohol,1610233,47.0,280.0,203.0,239.0,49.0,15.0,25.0,2.0,2.0,10.0,30.0,2.0,255.0
118.376540184021,alcohol,1610487,47.0,280.0,203.0,240.0,49.0,15.0,25.0,2.0,2.0,10.0,30.0,2.0,255.0
118.61239242553711,alcohol,1610740,47.0,280.0,203.0,239.0,50.0,14.0,25.0,2.0,2.0,10.0,30.0,2.0,255.0
118.86340141296387,alcohol,1610994,48.0,281.0,203.0,240.0,51.0,15.0,25.0,2.0,2.0,10.0,30.0,2.0,255.0
119.11604690551758,alcohol,1611247,48.0,281.0,203.0,239.0,51.0,15.0,25.0,2.0,2.0,10.0,30.0,2.0,255.0
119.37050342559814,alcohol,1611501,48.0,281.0,204.0,240.0,52.0,15.0,25.0,2.0,2.0,10.0,30.0,2.0,255.0
119.62415647506714,alcohol,1611754,48.0,281.0,203.0,239.0,51.0,15.0,25.0,2.0,2.0,10.0,30.0,2.0,255.0
119.87649440765381,alcohol,1612008,48.0,281.0,203.0,240.0,51.0,15.0,25.0,2.0,2.0,10.0,30.0,2.0,255.0
120.13030004501343,alcohol,1612261,48.0,280.0,203.0,239.0,51.0,15.0,25.0,2.0,2.0,10.0,30.0,2.0,255.0
120.38346123695374,alcohol,1612514,48.0,281.0,203.0,240.0,51.0,15.0,25.0,2.0,2.0,10.0,30.0,2.0,255.0
120.63867950439453,alcohol,1612768,47.0,280.0,203.0,239.0,50.0,15.0,25.0,2.0,2.0,10.0,30.0,2.0,255.0
120.89057874679565,alcohol,1613021,47.0,280.0,203.0,240.0,50.0,15.0,25.0,2.0,2.0,10.0,30.0,2.0,255.0
121.14340424537659,alcohol,1613275,47.0,280.0,203.0,239.0,50.0,15.0,25.0,2.0,2.0,10.0,30.0,2.0,255.0
121.39733648300171,alcohol,1613528,47.0,281.0,204.0,240.0,50.0,15.0,25.0,2.0,2.0,10.0,30.0,2.0,255.0
121.67174482345581,alcohol,1613782,48.0,282.0,204.0,239.0,51.0,15.0,25.0,2.0,2.0,10.0,30.0,2.0,255.0
121.90472912788391,alcohol,1614034,49.0,282.0,204.0,240.0,52.0,15.0,25.0,2.0,2.0,10.0,30.0,2.0,255.0
122.15824747085571,alcohol,1614288,49.0,281.0,204.0,239.0,52.0,15.0,25.0,2.0,2.0,10.0,30.0,2.0,255.0
122.41056680679321,alcohol,1614541,48.0,281.0,204.0,240.0,51.0,15.0,25.0,2.0,2.0,10.0,30.0,2.0,255.0
122.6643385887146,alcohol,1614794,48.0,281.0,203.0,239.0,51.0,15.0,25.0,2.0,2.0,10.0,30.0,2.0,255.0
122.9186155796051,alcohol,1615048,48.0,281.0,204.0,240.0,50.0,15.0,25.0,2.0,2.0,10.0,30.0,2.0,255.0
123.1721568107605,alcohol,1615301,47.0,281.0,203.0,239.0,50.0,15.0,25.0,2.0,2.0,10.0,30.0,2.0,255.0
123.42852354049683,alcohol,1615555,48.0,281.0,203.0,240.0,50.0,15.0,25.0,2.0,2.0,10.0,30.0,2.0,255.0
123.67859888076782,alcohol,1615808,47.0,280.0,203.0,239.0,50.0,15.0,25.0,2.0,2.0,10.0,30.0,2.0,255.0
123.93163633346558,alcohol,1616062,47.0,280.0,203.0,239.0,49.0,15.0,25.0,2.0,2.0,10.0,30.0,2.0,255.0
124.18557357788086,alcohol,1616315,47.0,280.0,203.0,238.0,49.0,15.0,25.0,2.0,2.0,10.0,30.0,2.0,255.0
124.44020485877991,alcohol,1616569,47.0,280.0,203.0,239.0,49.0,15.0,25.0,2.0,2.0,10.0,30.0,2.0,255.0
124.69211387634277,alcohol,1616822,47.0,280.0,203.0,238.0,49.0,15.0,25.0,2.0,2.0,10.0,30.0,2.0,255.0
124.94441819190979,alcohol,1617075,47.0,280.0,203.0,239.0,49.0,15.0,25.0,2.0,2.0,10.0,30.0,2.0,255.0
125.19938850402832,alcohol,1617329,47.0,280.0,203.0,238.0,49.0,15.0,25.0,2.0,2.0,10.0,30.0,2.0,255.0
125.4520046710968,alcohol,1617582,47.0,280.0,203.0,239.0,49.0,15.0,25.0,2.0,2.0,10.0,30.0,2.0,255.0
125.70561623573303,alcohol,1617836,46.0,280.0,203.0,238.0,49.0,15.0,25.0,2.0,2.0,10.0,30.0,2.0,255.0
125.95903825759888,alcohol,1618088,47.0,280.0,203.0,239.0,49.0,15.0,25.0,2.0,2.0,10.0,30.0,2.0,255.0
126.21259665489197,alcohol,1618342,46.0,279.0,203.0,238.0,48.0,15.0,25.0,2.0,2.0,10.0,30.0,2.0,255.0
126.46565890312195,alcohol,1618595,47.0,280.0,203.0,239.0,49.0,15.0,25.0,2.0,2.0,10.0,30.0,2.0,255.0
126.7188332080841,alcohol,1618849,46.0,279.0,203.0,238.0,48.0,15.0,25.0,2.0,2.0,10.0,30.0,2.0,255.0
126.97245907783508,alcohol,1619102,46.0,280.0,203.0,239.0,48.0,15.0,25.0,2.0,2.0,10.0,30.0,2.0,255.0
127.2257936000824,alcohol,1619355,46.0,279.0,203.0,238.0,48.0,15.0,25.0,2.0,2.0,10.0,30.0,2.0,255.0
127.47883653640747,alcohol,1619609,46.0,279.0,203.0,239.0,48.0,15.0,25.0,2.0,2.0,10.0,30.0,2.0,255.0
127.73225045204163,alcohol,1619862,46.0,279.0,203.0,238.0,48.0,15.0,25.0,2.0,2.0,10.0,30.0,2.0,255.0
127.98960947990417,alcohol,1620116,46.0,279.0,203.0,239.0,48.0,15.0,25.0,2.0,2.0,10.0,30.0,2.0,255.0
128.2377769947052,alcohol,1620369,46.0,279.0,203.0,238.0,48.0,15.0,25.0,2.0,2.0,10.0,30.0,2.0,255.0
128.49280738830566,alcohol,1620623,46.0,279.0,203.0,239.0,48.0,15.0,25.0,2.0,2.0,10.0,30.0,2.0,255.0
128.74594807624817,alcohol,1620876,46.0,279.0,203.0,238.0,48.0,15.0,25.0,2.0,2.0,10.0,30.0,2.0,255.0
128.99907565116882,alcohol,1621130,46.0,279.0,203.0,239.0,48.0,15.0,25.0,2.0,2.0,10.0,30.0,2.0,255.0
129.25236010551453,alcohol,1621383,46.0,279.0,203.0,238.0,48.0,15.0,25.0,2.0,2.0,10.0,30.0,2.0,255.0
129.50593781471252,alcohol,1621636,46.0,279.0,203.0,239.0,48.0,15.0,25.0,2.0,2.0,10.0,30.0,2.0,255.0
129.75973892211914,alcohol,1621890,46.0,279.0,203.0,238.0,48.0,15.0,25.0,2.0,2.0,10.0,30.0,2.0,255.0
130.01474499702454,alcohol,1622142,46.0,279.0,203.0,238.0,48.0,15.0,25.0,2.0,2.0,10.0,30.0,2.0,255.0
130.26636123657227,alcohol,1622396,46.0,279.0,203.0,238.0,48.0,15.0,25.0,2.0,2.0,10.0,30.0,2.0,255.0
130.52093529701233,alcohol,1622649,46.0,279.0,203.0,238.0,48.0,15.0,25.0,2.0,2.0,10.0,30.0,2.0,255.0
130.77269864082336,alcohol,1622903,45.0,279.0,203.0,237.0,48.0,15.0,25.0,2.0,2.0,10.0,30.0,2.0,255.0
131.02869868278503,alcohol,1623156,46.0,279.0,203.0,238.0,48.0,15.0,25.0,2.0,2.0,10.0,30.0,2.0,255.0
131.2801444530487,alcohol,1623410,45.0,279.0,203.0,237.0,48.0,15.0,25.0,2.0,2.0,10.0,30.0,2.0,255.0
131.53380179405212,alcohol,1623663,46.0,279.0,203.0,238.0,48.0,15.0,25.0,2.0,2.0,10.0,30.0,2.0,255.0
131.78715348243713,alcohol,1623916,46.0,279.0,203.0,237.0,47.0,15.0,25.0,2.0,2.0,10.0,30.0,2.0,255.0
132.04087686538696,alcohol,1624170,46.0,279.0,203.0,238.0,48.0,15.0,25.0,2.0,2.0,10.0,30.0,2.0,255.0
132.29385232925415,alcohol,1624423,45.0,279.0,203.0,237.0,47.0,15.0,25.0,2.0,2.0,10.0,30.0,2.0,255.0
132.54756426811218,alcohol,1624677,46.0,279.0,203.0,238.0,48.0,14.0,25.0,2.0,2.0,10.0,30.0,2.0,255.0
132.8005359172821,alcohol,1624930,45.0,279.0,203.0,237.0,47.0,15.0,25.0,2.0,2.0,10.0,30.0,2.0,255.0
133.0543749332428,alcohol,1625184,45.0,279.0,203.0,238.0,48.0,15.0,25.0,2.0,2.0,10.0,30.0,2.0,255.0
133.30703353881836,alcohol,1625437,45.0,278.0,203.0,237.0,47.0,15.0,25.0,2.0,2.0,10.0,30.0,2.0,255.0
133.56008744239807,alcohol,1625691,45.0,279.0,203.0,238.0,48.0,15.0,25.0,2.0,2.0,10.0,30.0,2.0,255.0
133.81445789337158,alcohol,1625944,45.0,278.0,203.0,237.0,47.0,15.0,25.0,2.0,2.0,10.0,30.0,2.0,255.0
134.06687784194946,alcohol,1626196,45.0,279.0,203.0,238.0,48.0,15.0,25.0,2.0,2.0,10.0,30.0,2.0,255.0
134.3210039138794,alcohol,1626450,45.0,278.0,203.0,237.0,47.0,14.0,25.0,2.0,2.0,10.0,30.0,2.0,255.0
134.5757086277008,alcohol,1626703,45.0,279.0,203.0,238.0,48.0,15.0,25.0,2.0,2.0,10.0,30.0,2.0,255.0
134.82691740989685,alcohol,1626957,45.0,279.0,203.0,237.0,47.0,14.0,25.0,2.0,2.0,10.0,30.0,2.0,255.0
135.0812804698944,alcohol,1627210,45.0,279.0,203.0,238.0,47.0,15.0,25.0,2.0,2.0,10.0,30.0,2.0,255.0
135.33386635780334,alcohol,1627464,45.0,278.0,203.0,237.0,47.0,14.0,25.0,2.0,2.0,10.0,30.0,2.0,255.0
135.58788561820984,alcohol,1627717,45.0,279.0,203.0,238.0,48.0,15.0,25.0,2.0,2.0,10.0,30.0,2.0,255.0
135.84125208854675,alcohol,1627971,45.0,278.0,203.0,237.0,47.0,15.0,25.0,2.0,2.0,10.0,30.0,2.0,255.0
136.0935115814209,alcohol,1628224,45.0,279.0,203.0,237.0,47.0,15.0,25.0,2.0,2.0,10.0,30.0,2.0,255.0
136.34782528877258,alcohol,1628477,45.0,278.0,203.0,237.0,47.0,15.0,25.0,2.0,2.0,10.0,30.0,2.0,255.0
136.60177612304688,alcohol,1628731,45.0,279.0,203.0,237.0,47.0,15.0,25.0,2.0,2.0,10.0,30.0,2.0,255.0
136.8561294078827,alcohol,1628984,45.0,278.0,203.0,236.0,47.0,15.0,25.0,2.0,2.0,10.0,30.0,2.0,255.0
137.1098861694336,alcohol,1629238,45.0,279.0,203.0,237.0,47.0,15.0,25.0,2.0,2.0,10.0,30.0,2.0,255.0
137.36078190803528,alcohol,1629491,45.0,278.0,203.0,237.0,47.0,15.0,25.0,2.0,2.0,10.0,30.0,2.0,255.0
137.6149423122406,alcohol,1629745,45.0,279.0,203.0,237.0,47.0,15.0,25.0,2.0,2.0,10.0,30.0,2.0,255.0
137.86813616752625,alcohol,1629998,45.0,278.0,203.0,236.0,47.0,15.0,25.0,2.0,2.0,10.0,30.0,2.0,255.0
138.12086653709412,alcohol,1630252,45.0,279.0,203.0,237.0,47.0,15.0,25.0,2.0,2.0,10.0,30.0,2.0,255.0
138.37488532066345,alcohol,1630504,45.0,278.0,203.0,236.0,47.0,15.0,25.0,2.0,2.0,10.0,30.0,2.0,255.0
138.62861895561218,alcohol,1630757,45.0,279.0,203.0,237.0,47.0,15.0,25.0,2.0,2.0,10.0,30.0,2.0,255.0
138.88349556922913,alcohol,1631011,45.0,278.0,202.0,236.0,47.0,14.0,25.0,2.0,2.0,10.0,30.0,2.0,255.0
139.13650608062744,alcohol,1631264,45.0,279.0,203.0,237.0,47.0,15.0,25.0,2.0,2.0,10.0,30.0,2.0,255.0
139.38770151138306,alcohol,1631518,45.0,278.0,203.0,236.0,47.0,15.0,25.0,2.0,2.0,10.0,30.0,2.0,255.0
139.64173102378845,alcohol,1631771,45.0,279.0,203.0,237.0,47.0,15.0,25.0,2.0,2.0,10.0,30.0,2.0,255.0
139.89505791664124,alcohol,1632025,45.0,278.0,203.0,236.0,47.0,15.0,25.0,2.0,2.0,10.0,30.0,2.0,255.0
140.14834070205688,alcohol,1632278,45.0,279.0,203.0,237.0,47.0,15.0,25.0,2.0,2.0,10.0,30.0,2.0,255.0
140.4025137424469,alcohol,1632532,45.0,278.0,203.0,236.0,47.0,15.0,25.0,2.0,2.0,10.0,30.0,2.0,255.0
140.65763473510742,alcohol,1632785,45.0,279.0,203.0,237.0,47.0,15.0,25.0,2.0,2.0,10.0,30.0,2.0,255.0
140.90903639793396,alcohol,1633038,45.0,278.0,202.0,236.0,47.0,15.0,25.0,2.0,2.0,10.0,30.0,2.0,255.0
141.16187953948975,alcohol,1633292,45.0,279.0,203.0,237.0,47.0,15.0,25.0,2.0,2.0,10.0,30.0,2.0,255.0
141.41471791267395,alcohol,1633545,45.0,278.0,203.0,236.0,47.0,15.0,25.0,2.0,2.0,10.0,30.0,2.0,255.0
141.66920924186707,alcohol,1633799,45.0,279.0,203.0,237.0,47.0,15.0,25.0,2.0,2.0,10.0,30.0,2.0,255.0
141.92210841178894,alcohol,1634052,45.0,278.0,203.0,236.0,47.0,15.0,25.0,2.0,2.0,10.0,30.0,2.0,255.0
142.17600464820862,alcohol,1634306,45.0,279.0,203.0,237.0,47.0,15.0,25.0,2.0,2.0,10.0,30.0,2.0,255.0
142.42934823036194,alcohol,1634558,45.0,278.0,203.0,236.0,47.0,15.0,25.0,2.0,2.0,10.0,30.0,2.0,255.0
142.68284559249878,alcohol,1634812,45.0,279.0,203.0,237.0,47.0,15.0,25.0,2.0,2.0,10.0,30.0,2.0,255.0
142.93534874916077,alcohol,1635065,45.0,278.0,203.0,236.0,47.0,15.0,25.0,2.0,2.0,10.0,30.0,2.0,255.0
143.18892240524292,alcohol,1635318,45.0,279.0,203.0,237.0,47.0,14.0,25.0,2.0,2.0,10.0,30.0,2.0,255.0
143.4422800540924,alcohol,1635572,45.0,278.0,202.0,236.0,47.0,15.0,25.0,2.0,2.0,10.0,30.0,2.0,255.0
143.6970717906952,alcohol,1635825,45.0,279.0,203.0,237.0,47.0,15.0,25.0,2.0,2.0,10.0,30.0,2.0,255.0
143.94820642471313,alcohol,1636079,45.0,278.0,203.0,236.0,47.0,15.0,25.0,2.0,2.0,10.0,30.0,2.0,255.0
144.20657920837402,alcohol,1636332,45.0,279.0,203.0,237.0,47.0,15.0,25.0,2.0,2.0,10.0,30.0,2.0,255.0
144.45852994918823,alcohol,1636586,45.0,278.0,202.0,236.0,47.0,14.0,25.0,2.0,2.0,10.0,30.0,2.0,255.0
144.71003222465515,alcohol,1636839,45.0,279.0,203.0,237.0,47.0,15.0,25.0,2.0,2.0,10.0,30.0,2.0,255.0
144.96308040618896,alcohol,1637093,45.0,278.0,202.0,236.0,47.0,15.0,25.0,2.0,2.0,10.0,30.0,2.0,255.0
145.21958017349243,alcohol,1637346,45.0,279.0,203.0,237.0,47.0,15.0,25.0,2.0,2.0,10.0,30.0,2.0,255.0
145.4716727733612,alcohol,1637599,45.0,278.0,203.0,236.0,47.0,15.0,25.0,2.0,2.0,10.0,30.0,2.0,255.0
145.72291469573975,alcohol,1637853,45.0,279.0,203.0,237.0,47.0,15.0,25.0,2.0,2.0,10.0,30.0,2.0,255.0
145.9770152568817,alcohol,1638106,45.0,278.0,202.0,236.0,47.0,15.0,25.0,2.0,2.0,10.0,30.0,2.0,255.0
146.231525182724,alcohol,1638360,45.0,279.0,203.0,237.0,47.0,15.0,25.0,2.0,2.0,10.0,30.0,2.0,255.0
146.48423266410828,alcohol,1638612,45.0,278.0,202.0,236.0,47.0,15.0,25.0,2.0,2.0,10.0,30.0,2.0,255.0
146.73779487609863,alcohol,1638866,45.0,278.0,203.0,237.0,47.0,15.0,25.0,2.0,2.0,10.0,30.0,2.0,255.0
146.99162364006042,alcohol,1639119,45.0,278.0,202.0,236.0,47.0,15.0,25.0,2.0,2.0,10.0,30.0,2.0,255.0
147.2438702583313,alcohol,1639373,45.0,278.0,203.0,237.0,47.0,15.0,25.0,2.0,2.0,10.0,30.0,2.0,255.0
147.49668765068054,alcohol,1639626,45.0,278.0,202.0,236.0,47.0,15.0,25.0,2.0,2.0,10.0,30.0,2.0,255.0
147.74983525276184,alcohol,1639879,45.0,278.0,203.0,237.0,47.0,15.0,25.0,2.0,2.0,10.0,30.0,2.0,255.0
148.00623512268066,alcohol,1640133,45.0,278.0,202.0,236.0,47.0,15.0,25.0,2.0,2.0,10.0,30.0,2.0,255.0
148.25860500335693,alcohol,1640386,45.0,278.0,202.0,237.0,47.0,15.0,25.0,2.0,2.0,10.0,30.0,2.0,255.0
148.5105755329132,alcohol,1640640,45.0,278.0,202.0,236.0,47.0,15.0,25.0,2.0,2.0,10.0,30.0,2.0,255.0
148.76316452026367,alcohol,1640893,45.0,278.0,203.0,237.0,47.0,15.0,25.0,2.0,2.0,10.0,30.0,2.0,255.0
149.01778173446655,alcohol,1641147,45.0,278.0,203.0,236.0,47.0,14.0,25.0,2.0,2.0,10.0,30.0,2.0,255.0
149.27152705192566,alcohol,1641400,45.0,278.0,203.0,237.0,47.0,15.0,25.0,2.0,2.0,10.0,30.0,2.0,255.0
149.52446842193604,alcohol,1641654,45.0,278.0,203.0,236.0,47.0,15.0,25.0,2.0,2.0,10.0,30.0,2.0,255.0
149.77726340293884,alcohol,1641907,45.0,278.0,203.0,237.0,47.0,15.0,25.0,2.0,2.0,10.0,30.0,2.0,255.0
150.03089237213135,alcohol,1642160,44.0,278.0,202.0,236.0,47.0,15.0,25.0,2.0,2.0,10.0,30.0,2.0,255.0
150.28477811813354,alcohol,1642414,45.0,278.0,203.0,237.0,47.0,15.0,25.0,2.0,2.0,10.0,30.0,2.0,255.0
150.53721356391907,alcohol,1642667,45.0,278.0,202.0,236.0,47.0,15.0,25.0,2.0,2.0,10.0,30.0,2.0,255.0
150.79138565063477,alcohol,1642920,45.0,278.0,202.0,237.0,47.0,15.0,25.0,2.0,2.0,10.0,30.0,2.0,255.0
151.04427337646484,alcohol,1643173,44.0,278.0,202.0,236.0,47.0,14.0,25.0,2.0,2.0,10.0,30.0,2.0,255.0
151.2987642288208,alcohol,1643427,45.0,278.0,203.0,237.0,47.0,15.0,25.0,2.0,2.0,10.0,30.0,2.0,255.0
151.55170273780823,alcohol,1643680,45.0,278.0,202.0,236.0,47.0,15.0,25.0,2.0,2.0,10.0,30.0,2.0,255.0
151.80390739440918,alcohol,1643934,45.0,278.0,203.0,237.0,47.0,15.0,25.0,2.0,2.0,10.0,30.0,2.0,255.0
152.0579903125763,alcohol,1644187,45.0,278.0,202.0,236.0,47.0,15.0,25.0,2.0,2.0,10.0,30.0,2.0,255.0
152.31167125701904,alcohol,1644440,45.0,278.0,203.0,237.0,47.0,15.0,25.0,2.0,2.0,10.0,30.0,2.0,255.0
152.56550121307373,alcohol,1644694,44.0,278.0,202.0,236.0,47.0,15.0,25.0,2.0,2.0,10.0,30.0,2.0,255.0
152.81905150413513,alcohol,1644947,45.0,278.0,203.0,236.0,47.0,14.0,25.0,2.0,2.0,10.0,30.0,2.0,255.0
153.07161211967468,alcohol,1645201,44.0,278.0,202.0,236.0,47.0,15.0,25.0,2.0,2.0,10.0,30.0,2.0,255.0
153.32510781288147,alcohol,1645454,45.0,278.0,203.0,237.0,46.0,15.0,25.0,2.0,2.0,10.0,30.0,2.0,255.0
153.57847476005554,alcohol,1645708,44.0,278.0,202.0,236.0,47.0,15.0,25.0,2.0,2.0,10.0,30.0,2.0,255.0
153.8333785533905,alcohol,1645961,45.0,278.0,203.0,237.0,47.0,15.0,25.0,2.0,2.0,10.0,30.0,2.0,255.0
154.08567762374878,alcohol,1646215,44.0,278.0,202.0,236.0,46.0,15.0,25.0,2.0,2.0,10.0,30.0,2.0,255.0
154.338050365448,alcohol,1646468,45.0,278.0,203.0,236.0,47.0,15.0,25.0,2.0,2.0,10.0,30.0,2.0,255.0
154.59308910369873,alcohol,1646721,44.0,278.0,202.0,236.0,46.0,15.0,25.0,2.0,2.0,10.0,30.0,2.0,255.0
154.84586143493652,alcohol,1646974,44.0,278.0,202.0,236.0,47.0,15.0,25.0,2.0,2.0,10.0,30.0,2.0,255.0
155.0980954170227,alcohol,1647227,45.0,278.0,202.0,236.0,46.0,15.0,25.0,2.0,2.0,10.0,30.0,2.0,255.0
155.35235571861267,alcohol,1647481,45.0,278.0,203.0,236.0,47.0,15.0,25.0,2.0,2.0,10.0,30.0,2.0,255.0
155.60505318641663,alcohol,1647734,44.0,278.0,202.0,235.0,46.0,15.0,25.0,2.0,2.0,10.0,30.0,2.0,255.0
155.85896730422974,alcohol,1647988,45.0,278.0,203.0,236.0,47.0,15.0,25.0,2.0,2.0,10.0,30.0,2.0,255.0
156.11175870895386,alcohol,1648241,44.0,278.0,202.0,235.0,46.0,15.0,25.0,2.0,2.0,10.0,30.0,2.0,255.0
156.36465978622437,alcohol,1648495,45.0,278.0,203.0,236.0,47.0,15.0,25.0,2.0,2.0,10.0,30.0,2.0,255.0
156.61927199363708,alcohol,1648748,45.0,278.0,202.0,235.0,46.0,15.0,25.0,2.0,2.0,10.0,30.0,2.0,255.0
156.8722333908081,alcohol,1649001,45.0,278.0,202.0,236.0,47.0,15.0,25.0,2.0,2.0,10.0,30.0,2.0,255.0
157.14801597595215,alcohol,1649255,44.0,278.0,202.0,235.0,46.0,15.0,25.0,2.0,2.0,10.0,30.0,2.0,255.0
157.40037775039673,alcohol,1649508,45.0,278.0,202.0,236.0,46.0,15.0,25.0,2.0,2.0,10.0,30.0,2.0,255.0
157.63220047950745,alcohol,1649762,44.0,278.0,202.0,235.0,46.0,15.0,25.0,2.0,2.0,10.0,30.0,2.0,255.0
157.88523650169373,alcohol,1650015,45.0,278.0,203.0,236.0,47.0,15.0,25.0,2.0,2.0,10.0,30.0,2.0,255.0
158.13889384269714,alcohol,1650269,44.0,278.0,202.0,235.0,46.0,14.0,25.0,2.0,2.0,10.0,30.0,2.0,255.0
158.39180445671082,alcohol,1650522,45.0,278.0,203.0,236.0,47.0,15.0,25.0,2.0,2.0,10.0,30.0,2.0,255.0
158.64655447006226,alcohol,1650776,44.0,278.0,202.0,235.0,46.0,15.0,25.0,2.0,2.0,10.0,30.0,2.0,255.0
158.8991949558258,alcohol,1651028,45.0,278.0,202.0,236.0,47.0,15.0,25.0,2.0,2.0,10.0,30.0,2.0,255.0
159.1530032157898,alcohol,1651281,44.0,278.0,202.0,235.0,46.0,15.0,25.0,2.0,2.0,10.0,30.0,2.0,255.0
159.40538454055786,alcohol,1651535,44.0,278.0,203.0,236.0,46.0,15.0,25.0,2.0,2.0,10.0,30.0,2.0,255.0
159.66017198562622,alcohol,1651788,44.0,278.0,202.0,235.0,46.0,15.0,25.0,2.0,2.0,10.0,30.0,2.0,255.0
159.91329526901245,alcohol,1652042,45.0,278.0,203.0,236.0,47.0,15.0,25.0,2.0,2.0,10.0,30.0,2.0,255.0
160.16534662246704,alcohol,1652295,45.0,278.0,202.0,235.0,46.0,14.0,25.0,2.0,2.0,10.0,30.0,2.0,255.0
160.42015719413757,alcohol,1652549,45.0,278.0,203.0,236.0,46.0,15.0,25.0,2.0,2.0,10.0,30.0,2.0,255.0
160.6735999584198,alcohol,1652802,44.0,278.0,202.0,235.0,46.0,15.0,25.0,2.0,2.0,10.0,30.0,2.0,255.0
160.92615246772766,alcohol,1653056,44.0,278.0,203.0,236.0,47.0,15.0,25.0,2.0,2.0,10.0,30.0,2.0,255.0
161.18007731437683,alcohol,1653309,45.0,278.0,203.0,235.0,47.0,15.0,25.0,2.0,2.0,10.0,30.0,2.0,255.0
161.4332239627838,alcohol,1653562,45.0,278.0,203.0,236.0,47.0,15.0,25.0,2.0,2.0,10.0,30.0,2.0,255.0
161.6879107952118,alcohol,1653816,45.0,278.0,203.0,235.0,47.0,15.0,25.0,2.0,2.0,10.0,30.0,2.0,255.0
161.94186305999756,alcohol,1654069,45.0,278.0,203.0,236.0,47.0,15.0,25.0,2.0,2.0,10.0,30.0,2.0,255.0
162.1931655406952,alcohol,1654323,44.0,278.0,203.0,235.0,47.0,15.0,25.0,2.0,2.0,10.0,30.0,2.0,255.0
162.44681239128113,alcohol,1654576,44.0,278.0,203.0,236.0,47.0,15.0,25.0,2.0,2.0,10.0,30.0,2.0,255.0
162.7005729675293,alcohol,1654830,44.0,278.0,202.0,235.0,47.0,15.0,25.0,2.0,2.0,10.0,30.0,2.0,255.0
162.95967292785645,alcohol,1655083,45.0,278.0,203.0,236.0,47.0,15.0,25.0,2.0,2.0,10.0,30.0,2.0,255.0
163.20855712890625,alcohol,1655336,44.0,278.0,203.0,235.0,46.0,14.0,25.0,2.0,2.0,10.0,30.0,2.0,255.0
163.4606740474701,alcohol,1655589,45.0,278.0,203.0,236.0,47.0,15.0,25.0,2.0,2.0,10.0,30.0,2.0,255.0
163.71434569358826,alcohol,1655842,44.0,278.0,203.0,235.0,46.0,15.0,25.0,2.0,2.0,10.0,30.0,2.0,255.0
163.967613697052,alcohol,1656096,45.0,278.0,203.0,236.0,47.0,15.0,25.0,2.0,2.0,10.0,30.0,2.0,255.0
164.2203013896942,alcohol,1656349,44.0,278.0,203.0,235.0,47.0,15.0,25.0,2.0,2.0,10.0,30.0,2.0,255.0
164.4741780757904,alcohol,1656603,45.0,279.0,203.0,236.0,47.0,15.0,25.0,2.0,2.0,10.0,30.0,2.0,255.0
164.72709441184998,alcohol,1656856,45.0,278.0,203.0,235.0,46.0,15.0,25.0,2.0,2.0,10.0,30.0,2.0,255.0
164.98124432563782,alcohol,1657110,45.0,279.0,203.0,236.0,47.0,15.0,25.0,2.0,2.0,10.0,30.0,2.0,255.0
165.2343955039978,alcohol,1657363,44.0,278.0,203.0,235.0,46.0,15.0,25.0,2.0,2.0,10.0,30.0,2.0,255.0
165.4875612258911,alcohol,1657617,45.0,278.0,203.0,236.0,47.0,15.0,25.0,2.0,2.0,10.0,30.0,2.0,255.0
165.74115657806396,alcohol,1657870,45.0,278.0,203.0,235.0,46.0,15.0,25.0,2.0,2.0,10.0,30.0,2.0,255.0
165.99394392967224,alcohol,1658123,44.0,278.0,203.0,236.0,47.0,14.0,25.0,2.0,2.0,10.0,30.0,2.0,255.0
166.24887037277222,alcohol,1658377,44.0,278.0,203.0,235.0,46.0,15.0,25.0,2.0,2.0,10.0,30.0,2.0,255.0
166.50196623802185,alcohol,1658630,44.0,278.0,203.0,236.0,47.0,14.0,25.0,2.0,2.0,10.0,30.0,2.0,255.0
166.75429105758667,alcohol,1658884,44.0,278.0,202.0,235.0,46.0,14.0,25.0,2.0,2.0,10.0,30.0,2.0,255.0
167.01064467430115,alcohol,1659137,44.0,278.0,203.0,236.0,47.0,15.0,25.0,2.0,2.0,10.0,30.0,2.0,255.0
167.26216077804565,alcohol,1659390,44.0,278.0,203.0,235.0,46.0,15.0,25.0,2.0,2.0,10.0,30.0,2.0,255.0
167.51426076889038,alcohol,1659643,44.0,278.0,203.0,236.0,47.0,15.0,25.0,2.0,2.0,10.0,30.0,2.0,255.0
167.76881051063538,alcohol,1659897,44.0,278.0,203.0,235.0,46.0,15.0,25.0,2.0,2.0,10.0,30.0,2.0,255.0
168.02198696136475,alcohol,1660150,45.0,278.0,203.0,236.0,46.0,15.0,25.0,2.0,2.0,10.0,30.0,2.0,255.0
168.27599692344666,alcohol,1660403,44.0,278.0,202.0,235.0,46.0,15.0,25.0,2.0,2.0,10.0,30.0,2.0,255.0
168.52860045433044,alcohol,1660657,44.0,278.0,203.0,236.0,46.0,15.0,25.0,2.0,2.0,10.0,30.0,2.0,255.0
168.8034873008728,alcohol,1660910,44.0,278.0,202.0,235.0,46.0,15.0,25.0,2.0,2.0,10.0,30.0,2.0,255.0
169.03455448150635,alcohol,1661164,44.0,278.0,203.0,236.0,46.0,15.0,25.0,2.0,2.0,10.0,30.0,2.0,255.0
169.28892993927002,alcohol,1661417,44.0,278.0,202.0,235.0,46.0,14.0,25.0,2.0,2.0,10.0,30.0,2.0,255.0
169.54513907432556,alcohol,1661671,44.0,278.0,203.0,236.0,46.0,15.0,25.0,2.0,2.0,10.0,30.0,2.0,255.0
169.79572367668152,alcohol,1661924,44.0,278.0,202.0,235.0,46.0,14.0,25.0,2.0,2.0,10.0,30.0,2.0,255.0
170.04853749275208,alcohol,1662178,44.0,278.0,203.0,236.0,46.0,15.0,25.0,2.0,2.0,10.0,30.0,2.0,255.0
170.30280685424805,alcohol,1662431,44.0,278.0,202.0,235.0,46.0,15.0,25.0,2.0,2.0,10.0,30.0,2.0,255.0
170.5555281639099,alcohol,1662684,44.0,278.0,203.0,236.0,46.0,15.0,25.0,2.0,2.0,10.0,30.0,2.0,255.0
170.81517243385315,alcohol,1662938,44.0,278.0,202.0,235.0,46.0,15.0,25.0,2.0,2.0,10.0,30.0,2.0,255.0
171.0641987323761,alcohol,1663191,44.0,278.0,203.0,236.0,46.0,15.0,25.0,2.0,2.0,10.0,30.0,2.0,255.0
171.31598448753357,alcohol,1663444,44.0,278.0,203.0,235.0,46.0,14.0,25.0,2.0,2.0,10.0,30.0,2.0,255.0
171.57021021842957,alcohol,1663697,44.0,278.0,203.0,236.0,46.0,15.0,25.0,2.0,2.0,10.0,30.0,2.0,255.0
171.82263898849487,alcohol,1663951,44.0,278.0,203.0,235.0,46.0,15.0,25.0,2.0,2.0,10.0,30.0,2.0,255.0
172.07609581947327,alcohol,1664204,45.0,278.0,203.0,236.0,46.0,15.0,25.0,2.0,2.0,10.0,30.0,2.0,255.0
172.32967019081116,alcohol,1664458,44.0,278.0,202.0,235.0,46.0,15.0,25.0,2.0,2.0,10.0,30.0,2.0,255.0
172.6041338443756,alcohol,1664711,44.0,278.0,202.0,236.0,46.0,15.0,25.0,2.0,2.0,10.0,30.0,2.0,255.0
172.85775136947632,alcohol,1664964,44.0,278.0,202.0,235.0,46.0,15.0,25.0,2.0,2.0,10.0,30.0,2.0,255.0
173.09033203125,alcohol,1665218,44.0,278.0,203.0,236.0,46.0,15.0,25.0,2.0,2.0,10.0,30.0,2.0,255.0
173.3419165611267,alcohol,1665471,44.0,278.0,202.0,235.0,46.0,15.0,25.0,2.0,2.0,10.0,30.0,2.0,255.0
173.5965220928192,alcohol,1665725,44.0,278.0,203.0,236.0,46.0,15.0,25.0,2.0,2.0,10.0,30.0,2.0,255.0
173.84908652305603,alcohol,1665978,44.0,278.0,202.0,235.0,46.0,15.0,25.0,2.0,2.0,10.0,30.0,2.0,255.0
174.1030547618866,alcohol,1666232,45.0,278.0,203.0,235.0,46.0,15.0,25.0,2.0,2.0,10.0,30.0,2.0,255.0
174.37623524665833,alcohol,1666485,44.0,278.0,202.0,235.0,46.0,15.0,25.0,2.0,2.0,10.0,30.0,2.0,255.0
174.61011338233948,alcohol,1666739,44.0,278.0,203.0,236.0,46.0,15.0,25.0,2.0,2.0,10.0,30.0,2.0,255.0
174.86425065994263,alcohol,1666992,44.0,278.0,202.0,235.0,46.0,14.0,25.0,2.0,2.0,10.0,30.0,2.0,255.0
175.11561632156372,alcohol,1667245,45.0,278.0,203.0,235.0,46.0,14.0,25.0,2.0,2.0,10.0,30.0,2.0,255.0
175.36990523338318,alcohol,1667499,44.0,278.0,202.0,234.0,46.0,15.0,25.0,2.0,2.0,10.0,30.0,2.0,255.0
175.62389588356018,alcohol,1667751,44.0,278.0,203.0,235.0,46.0,15.0,25.0,2.0,2.0,10.0,30.0,2.0,255.0
175.87699508666992,alcohol,1668005,44.0,278.0,202.0,235.0,46.0,15.0,25.0,2.0,2.0,10.0,30.0,2.0,255.0
176.12980961799622,alcohol,1668258,44.0,278.0,203.0,236.0,46.0,15.0,25.0,2.0,2.0,10.0,30.0,2.0,255.0
176.3835117816925,alcohol,1668512,44.0,278.0,202.0,235.0,46.0,15.0,25.0,2.0,2.0,10.0,30.0,2.0,255.0
176.63678002357483,alcohol,1668765,44.0,278.0,203.0,235.0,46.0,15.0,25.0,2.0,2.0,10.0,30.0,2.0,255.0
176.911452293396,alcohol,1669019,44.0,278.0,202.0,234.0,46.0,15.0,25.0,2.0,2.0,10.0,30.0,2.0,255.0
177.16495490074158,alcohol,1669272,44.0,278.0,203.0,235.0,46.0,15.0,25.0,2.0,2.0,10.0,30.0,2.0,255.0
177.3969042301178,alcohol,1669525,44.0,278.0,202.0,234.0,46.0,14.0,25.0,2.0,2.0,10.0,30.0,2.0,255.0
177.65147495269775,alcohol,1669779,44.0,278.0,202.0,235.0,46.0,15.0,25.0,2.0,2.0,10.0,30.0,2.0,255.0
177.90337944030762,alcohol,1670032,44.0,278.0,202.0,234.0,46.0,15.0,25.0,2.0,2.0,10.0,30.0,2.0,255.0
178.15766644477844,alcohol,1670286,44.0,278.0,203.0,235.0,46.0,15.0,25.0,2.0,2.0,10.0,30.0,2.0,255.0
178.41009283065796,alcohol,1670539,44.0,278.0,202.0,234.0,46.0,15.0,25.0,2.0,2.0,10.0,30.0,2.0,255.0
178.66555905342102,alcohol,1670793,44.0,278.0,203.0,235.0,46.0,15.0,25.0,2.0,2.0,10.0,30.0,2.0,255.0
178.91803693771362,alcohol,1671046,44.0,278.0,202.0,234.0,46.0,15.0,25.0,2.0,2.0,10.0,30.0,2.0,255.0
179.17071533203125,alcohol,1671300,44.0,278.0,202.0,235.0,46.0,15.0,25.0,2.0,2.0,10.0,30.0,2.0,255.0
179.424329996109,alcohol,1671553,44.0,278.0,202.0,234.0,46.0,15.0,25.0,2.0,2.0,10.0,30.0,2.0,255.0
179.67702507972717,alcohol,1671805,45.0,278.0,202.0,235.0,46.0,15.0,25.0,2.0,2.0,10.0,30.0,2.0,255.0
179.9304337501526,alcohol,1672059,44.0,278.0,202.0,234.0,46.0,15.0,25.0,2.0,2.0,10.0,30.0,2.0,255.0
180.18471455574036,alcohol,1672312,44.0,278.0,202.0,235.0,46.0,15.0,25.0,2.0,2.0,10.0,30.0,2.0,255.0
