time_s,label,arduino_time,s1,s2,s3,s4,s5,s6,r1,r2,r3,r4,r5,r6,voltage,gas_type,duration_s,distance_cm,wind_level
0.00600123405456543,alcohol,6170724,42.0,233.0,209.0,250.0,41.0,24.0,25.0,2.0,2.0,10.0,30.0,2.0,255.0,alcohol,180,10,1
0.01043391227722168,alcohol,6170977,42.0,233.0,209.0,250.0,42.0,24.0,25.0,2.0,2.0,10.0,30.0,2.0,255.0,alcohol,180,10,1
0.014103889465332031,alcohol,6171231,42.0,234.0,209.0,251.0,42.0,24.0,25.0,2.0,2.0,10.0,30.0,2.0,255.0,alcohol,180,10,1
0.01593327522277832,alcohol,6171484,42.0,233.0,209.0,250.0,41.0,24.0,25.0,2.0,2.0,10.0,30.0,2.0,255.0,alcohol,180,10,1
0.01730203628540039,alcohol,6171738,42.0,234.0,209.0,252.0,42.0,24.0,25.0,2.0,2.0,10.0,30.0,2.0,255.0,alcohol,180,10,1
0.018567800521850586,alcohol,6171991,42.0,233.0,209.0,250.0,42.0,24.0,25.0,2.0,2.0,10.0,30.0,2.0,255.0,alcohol,180,10,1
0.020235538482666016,alcohol,6172244,42.0,234.0,209.0,251.0,42.0,24.0,25.0,2.0,2.0,10.0,30.0,2.0,255.0,alcohol,180,10,1
0.023463010787963867,alcohol,6172497,42.0,233.0,209.0,250.0,42.0,24.0,25.0,2.0,2.0,10.0,30.0,2.0,255.0,alcohol,180,10,1
0.1022484302520752,alcohol,6172750,42.0,234.0,209.0,251.0,42.0,24.0,25.0,2.0,2.0,10.0,30.0,2.0,255.0,alcohol,180,10,1
0.357593297958374,alcohol,6173004,42.0,233.0,209.0,250.0,42.0,24.0,25.0,2.0,2.0,10.0,30.0,2.0,255.0,alcohol,180,10,1
0.6110129356384277,alcohol,6173257,42.0,234.0,209.0,252.0,42.0,24.0,25.0,2.0,2.0,10.0,30.0,2.0,255.0,alcohol,180,10,1
0.8639609813690186,alcohol,6173511,42.0,234.0,209.0,250.0,42.0,24.0,25.0,2.0,2.0,10.0,30.0,2.0,255.0,alcohol,180,10,1
1.136185884475708,alcohol,6173764,42.0,234.0,209.0,251.0,42.0,24.0,25.0,2.0,2.0,10.0,30.0,2.0,255.0,alcohol,180,10,1
1.3698110580444336,alcohol,6174018,42.0,233.0,209.0,250.0,41.0,24.0,25.0,2.0,2.0,10.0,30.0,2.0,255.0,alcohol,180,10,1
1.622767686843872,alcohol,6174271,42.0,234.0,209.0,251.0,42.0,24.0,25.0,2.0,2.0,10.0,30.0,2.0,255.0,alcohol,180,10,1
1.8768339157104492,alcohol,6174525,42.0,234.0,209.0,250.0,41.0,24.0,25.0,2.0,2.0,10.0,30.0,2.0,255.0,alcohol,180,10,1
2.13301157951355,alcohol,6174778,42.0,234.0,209.0,251.0,42.0,24.0,25.0,2.0,2.0,10.0,30.0,2.0,255.0,alcohol,180,10,1
2.3868236541748047,alcohol,6175032,42.0,233.0,209.0,250.0,42.0,24.0,25.0,2.0,2.0,10.0,30.0,2.0,255.0,alcohol,180,10,1
2.6406240463256836,alcohol,6175285,42.0,234.0,209.0,251.0,42.0,24.0,25.0,2.0,2.0,10.0,30.0,2.0,255.0,alcohol,180,10,1
2.8905677795410156,alcohol,6175538,42.0,233.0,209.0,250.0,41.0,24.0,25.0,2.0,2.0,10.0,30.0,2.0,255.0,alcohol,180,10,1
3.1438822746276855,alcohol,6175792,42.0,234.0,209.0,251.0,42.0,24.0,25.0,2.0,2.0,10.0,30.0,2.0,255.0,alcohol,180,10,1
3.401989698410034,alcohol,6176045,42.0,233.0,209.0,249.0,41.0,24.0,25.0,2.0,2.0,10.0,30.0,2.0,255.0,alcohol,180,10,1
3.649651288986206,alcohol,6176299,42.0,234.0,208.0,251.0,42.0,24.0,25.0,2.0,2.0,10.0,30.0,2.0,255.0,alcohol,180,10,1
3.9038102626800537,alcohol,6176551,42.0,233.0,209.0,249.0,41.0,24.0,25.0,2.0,2.0,10.0,30.0,2.0,255.0,alcohol,180,10,1
4.158499717712402,alcohol,6176805,42.0,234.0,209.0,251.0,42.0,24.0,25.0,2.0,2.0,10.0,30.0,2.0,255.0,alcohol,180,10,1
4.412022113800049,alcohol,6177058,42.0,233.0,209.0,249.0,41.0,24.0,25.0,2.0,2.0,10.0,30.0,2.0,255.0,alcohol,180,10,1
4.663964509963989,alcohol,6177312,42.0,234.0,209.0,250.0,41.0,24.0,25.0,2.0,2.0,10.0,30.0,2.0,255.0,alcohol,180,10,1
4.916865348815918,alcohol,6177565,42.0,233.0,209.0,249.0,41.0,24.0,25.0,2.0,2.0,10.0,30.0,2.0,255.0,alcohol,180,10,1
5.170125484466553,alcohol,6177818,42.0,233.0,209.0,250.0,42.0,24.0,25.0,2.0,2.0,10.0,30.0,2.0,255.0,alcohol,180,10,1
5.422678709030151,alcohol,6178072,42.0,233.0,209.0,249.0,41.0,24.0,25.0,2.0,2.0,10.0,30.0,2.0,255.0,alcohol,180,10,1
5.6765007972717285,alcohol,6178325,42.0,233.0,209.0,250.0,42.0,24.0,25.0,2.0,2.0,10.0,30.0,2.0,255.0,alcohol,180,10,1
5.928941965103149,alcohol,6178579,42.0,233.0,209.0,249.0,41.0,24.0,25.0,2.0,2.0,10.0,30.0,2.0,255.0,alcohol,180,10,1
6.18215537071228,alcohol,6178832,42.0,233.0,209.0,250.0,42.0,24.0,25.0,2.0,2.0,10.0,30.0,2.0,255.0,alcohol,180,10,1
6.436594724655151,alcohol,6179086,42.0,233.0,208.0,249.0,41.0,24.0,25.0,2.0,2.0,10.0,30.0,2.0,255.0,alcohol,180,10,1
6.689833164215088,alcohol,6179339,42.0,233.0,209.0,250.0,41.0,24.0,25.0,2.0,2.0,10.0,30.0,2.0,255.0,alcohol,180,10,1
6.9420366287231445,alcohol,6179593,42.0,233.0,209.0,249.0,41.0,24.0,25.0,2.0,2.0,10.0,30.0,2.0,255.0,alcohol,180,10,1
7.196275234222412,alcohol,6179846,42.0,233.0,209.0,250.0,41.0,24.0,25.0,2.0,2.0,10.0,30.0,2.0,255.0,alcohol,180,10,1
7.450181722640991,alcohol,6180099,42.0,233.0,209.0,249.0,41.0,24.0,25.0,2.0,2.0,10.0,30.0,2.0,255.0,alcohol,180,10,1
7.703458070755005,alcohol,6180353,42.0,233.0,209.0,250.0,41.0,24.0,25.0,2.0,2.0,10.0,30.0,2.0,255.0,alcohol,180,10,1
7.9566099643707275,alcohol,6180605,42.0,233.0,208.0,249.0,41.0,24.0,25.0,2.0,2.0,10.0,30.0,2.0,255.0,alcohol,180,10,1
8.209636926651001,alcohol,6180859,42.0,233.0,208.0,250.0,41.0,24.0,25.0,2.0,2.0,10.0,30.0,2.0,255.0,alcohol,180,10,1
8.466967105865479,alcohol,6181112,42.0,233.0,208.0,249.0,41.0,24.0,25.0,2.0,2.0,10.0,30.0,2.0,255.0,alcohol,180,10,1
8.71701192855835,alcohol,6181366,42.0,233.0,209.0,250.0,41.0,24.0,25.0,2.0,2.0,10.0,30.0,2.0,255.0,alcohol,180,10,1
8.96900486946106,alcohol,6181619,42.0,233.0,208.0,249.0,41.0,24.0,25.0,2.0,2.0,10.0,30.0,2.0,255.0,alcohol,180,10,1
9.22393798828125,alcohol,6181873,42.0,233.0,209.0,250.0,41.0,24.0,25.0,2.0,2.0,10.0,30.0,2.0,255.0,alcohol,180,10,1
9.4761221408844,alcohol,6182126,42.0,233.0,208.0,249.0,41.0,24.0,25.0,2.0,2.0,10.0,30.0,2.0,255.0,alcohol,180,10,1
9.730471134185791,alcohol,6182379,42.0,233.0,209.0,250.0,41.0,24.0,25.0,2.0,2.0,10.0,30.0,2.0,255.0,alcohol,180,10,1
9.983061790466309,alcohol,6182633,42.0,233.0,208.0,249.0,41.0,24.0,25.0,2.0,2.0,10.0,30.0,2.0,255.0,alcohol,180,10,1
10.235826253890991,alcohol,6182886,42.0,233.0,209.0,250.0,41.0,24.0,25.0,2.0,2.0,10.0,30.0,2.0,255.0,alcohol,180,10,1
10.489763021469116,alcohol,6183140,42.0,233.0,208.0,249.0,41.0,24.0,25.0,2.0,2.0,10.0,30.0,2.0,255.0,alcohol,180,10,1
10.742979049682617,alcohol,6183393,42.0,233.0,209.0,250.0,41.0,24.0,25.0,2.0,2.0,10.0,30.0,2.0,255.0,alcohol,180,10,1
10.99661898612976,alcohol,6183647,42.0,233.0,208.0,249.0,41.0,24.0,25.0,2.0,2.0,10.0,30.0,2.0,255.0,alcohol,180,10,1
11.249900817871094,alcohol,6183900,42.0,233.0,209.0,250.0,41.0,24.0,25.0,2.0,2.0,10.0,30.0,2.0,255.0,alcohol,180,10,1
11.503108739852905,alcohol,6184154,42.0,233.0,208.0,249.0,41.0,24.0,25.0,2.0,2.0,10.0,30.0,2.0,255.0,alcohol,180,10,1
11.756698846817017,alcohol,6184407,42.0,233.0,209.0,250.0,41.0,24.0,25.0,2.0,2.0,10.0,30.0,2.0,255.0,alcohol,180,10,1
12.010356187820435,alcohol,6184659,42.0,233.0,208.0,249.0,41.0,24.0,25.0,2.0,2.0,10.0,30.0,2.0,255.0,alcohol,180,10,1
12.274698734283447,alcohol,6184913,42.0,233.0,209.0,250.0,41.0,24.0,25.0,2.0,2.0,10.0,30.0,2.0,255.0,alcohol,180,10,1
12.517305374145508,alcohol,6185166,42.0,233.0,208.0,249.0,41.0,24.0,25.0,2.0,2.0,10.0,30.0,2.0,255.0,alcohol,180,10,1
12.771934270858765,alcohol,6185420,42.0,233.0,209.0,250.0,41.0,24.0,25.0,2.0,2.0,10.0,30.0,2.0,255.0,alcohol,180,10,1
13.023829698562622,alcohol,6185673,42.0,233.0,208.0,249.0,41.0,24.0,25.0,2.0,2.0,10.0,30.0,2.0,255.0,alcohol,180,10,1
13.27812910079956,alcohol,6185927,42.0,233.0,209.0,251.0,41.0,24.0,25.0,2.0,2.0,10.0,30.0,2.0,255.0,alcohol,180,10,1
13.52986741065979,alcohol,6186180,42.0,233.0,208.0,249.0,41.0,24.0,25.0,2.0,2.0,10.0,30.0,2.0,255.0,alcohol,180,10,1
13.783722639083862,alcohol,6186434,42.0,233.0,209.0,251.0,41.0,24.0,25.0,2.0,2.0,10.0,30.0,2.0,255.0,alcohol,180,10,1
14.037602186203003,alcohol,6186687,42.0,233.0,208.0,249.0,41.0,24.0,25.0,2.0,2.0,10.0,30.0,2.0,255.0,alcohol,180,10,1
14.290465116500854,alcohol,6186940,42.0,233.0,209.0,251.0,41.0,24.0,25.0,2.0,2.0,10.0,30.0,2.0,255.0,alcohol,180,10,1
14.543800592422485,alcohol,6187194,42.0,233.0,208.0,249.0,41.0,24.0,25.0,2.0,2.0,10.0,30.0,2.0,255.0,alcohol,180,10,1
14.796674728393555,alcohol,6187447,42.0,233.0,209.0,251.0,41.0,24.0,25.0,2.0,2.0,10.0,30.0,2.0,255.0,alcohol,180,10,1
15.050932168960571,alcohol,6187701,42.0,233.0,208.0,249.0,41.0,24.0,25.0,2.0,2.0,10.0,30.0,2.0,255.0,alcohol,180,10,1
15.303745985031128,alcohol,6187954,42.0,233.0,209.0,251.0,41.0,24.0,25.0,2.0,2.0,10.0,30.0,2.0,255.0,alcohol,180,10,1
15.557854652404785,alcohol,6188208,42.0,233.0,208.0,250.0,41.0,24.0,25.0,2.0,2.0,10.0,30.0,2.0,255.0,alcohol,180,10,1
15.810795783996582,alcohol,6188461,42.0,233.0,209.0,251.0,41.0,24.0,25.0,2.0,2.0,10.0,30.0,2.0,255.0,alcohol,180,10,1
16.064451217651367,alcohol,6188715,42.0,233.0,208.0,250.0,41.0,24.0,25.0,2.0,2.0,10.0,30.0,2.0,255.0,alcohol,180,10,1
16.317623615264893,alcohol,6188967,42.0,233.0,209.0,251.0,42.0,24.0,25.0,2.0,2.0,10.0,30.0,2.0,255.0,alcohol,180,10,1
16.57245445251465,alcohol,6189220,42.0,233.0,208.0,250.0,41.0,24.0,25.0,2.0,2.0,10.0,30.0,2.0,255.0,alcohol,180,10,1
16.825173139572144,alcohol,6189474,42.0,233.0,209.0,251.0,41.0,24.0,25.0,2.0,2.0,10.0,30.0,2.0,255.0,alcohol,180,10,1
17.0776424407959,alcohol,6189727,42.0,233.0,208.0,250.0,41.0,24.0,25.0,2.0,2.0,10.0,30.0,2.0,255.0,alcohol,180,10,1
17.330797910690308,alcohol,6189981,42.0,233.0,209.0,251.0,41.0,24.0,25.0,2.0,2.0,10.0,30.0,2.0,255.0,alcohol,180,10,1
17.585357666015625,alcohol,6190234,42.0,233.0,208.0,250.0,41.0,24.0,25.0,2.0,2.0,10.0,30.0,2.0,255.0,alcohol,180,10,1
17.83866834640503,alcohol,6190488,42.0,233.0,209.0,251.0,42.0,24.0,25.0,2.0,2.0,10.0,30.0,2.0,255.0,alcohol,180,10,1
18.090938091278076,alcohol,6190741,42.0,233.0,208.0,250.0,41.0,24.0,25.0,2.0,2.0,10.0,30.0,2.0,255.0,alcohol,180,10,1
18.344666719436646,alcohol,6190995,42.0,233.0,209.0,251.0,42.0,24.0,25.0,2.0,2.0,10.0,30.0,2.0,255.0,alcohol,180,10,1
18.598011255264282,alcohol,6191248,42.0,233.0,208.0,250.0,41.0,24.0,25.0,2.0,2.0,10.0,30.0,2.0,255.0,alcohol,180,10,1
18.853768825531006,alcohol,6191501,42.0,233.0,209.0,251.0,42.0,24.0,25.0,2.0,2.0,10.0,30.0,2.0,255.0,alcohol,180,10,1
19.104678630828857,alcohol,6191755,42.0,233.0,208.0,250.0,41.0,24.0,25.0,2.0,2.0,10.0,30.0,2.0,255.0,alcohol,180,10,1
19.35738515853882,alcohol,6192008,42.0,233.0,209.0,252.0,42.0,24.0,25.0,2.0,2.0,10.0,30.0,2.0,255.0,alcohol,180,10,1
19.612059593200684,alcohol,6192262,42.0,233.0,209.0,250.0,42.0,24.0,25.0,2.0,2.0,10.0,30.0,2.0,255.0,alcohol,180,10,1
19.865366220474243,alcohol,6192515,42.0,233.0,209.0,252.0,42.0,24.0,25.0,2.0,2.0,10.0,30.0,2.0,255.0,alcohol,180,10,1
20.118743181228638,alcohol,6192769,42.0,233.0,209.0,250.0,41.0,24.0,25.0,2.0,2.0,10.0,30.0,2.0,255.0,alcohol,180,10,1
20.371646404266357,alcohol,6193021,42.0,233.0,209.0,252.0,42.0,24.0,25.0,2.0,2.0,10.0,30.0,2.0,255.0,alcohol,180,10,1
20.625709295272827,alcohol,6193275,42.0,233.0,209.0,251.0,42.0,24.0,25.0,2.0,2.0,10.0,30.0,2.0,255.0,alcohol,180,10,1
20.879084587097168,alcohol,6193528,42.0,233.0,209.0,252.0,42.0,24.0,25.0,2.0,2.0,10.0,30.0,2.0,255.0,alcohol,180,10,1
21.13163661956787,alcohol,6193781,42.0,233.0,209.0,251.0,42.0,24.0,25.0,2.0,2.0,10.0,30.0,2.0,255.0,alcohol,180,10,1
21.386468172073364,alcohol,6194035,42.0,233.0,209.0,252.0,42.0,24.0,25.0,2.0,2.0,10.0,30.0,2.0,255.0,alcohol,180,10,1
21.639766216278076,alcohol,6194288,42.0,233.0,209.0,251.0,42.0,24.0,25.0,2.0,2.0,10.0,30.0,2.0,255.0,alcohol,180,10,1
21.891788482666016,alcohol,6194542,42.0,234.0,209.0,252.0,42.0,24.0,25.0,2.0,2.0,10.0,30.0,2.0,255.0,alcohol,180,10,1
22.146770238876343,alcohol,6194795,42.0,233.0,209.0,251.0,42.0,24.0,25.0,2.0,2.0,10.0,30.0,2.0,255.0,alcohol,180,10,1
22.39903473854065,alcohol,6195049,42.0,234.0,209.0,252.0,42.0,24.0,25.0,2.0,2.0,10.0,30.0,2.0,255.0,alcohol,180,10,1
22.652024745941162,alcohol,6195302,42.0,233.0,209.0,251.0,42.0,24.0,25.0,2.0,2.0,10.0,30.0,2.0,255.0,alcohol,180,10,1
22.90632176399231,alcohol,6195556,42.0,234.0,209.0,252.0,42.0,24.0,25.0,2.0,2.0,10.0,30.0,2.0,255.0,alcohol,180,10,1
23.158389806747437,alcohol,6195809,42.0,233.0,209.0,251.0,42.0,24.0,25.0,2.0,2.0,10.0,30.0,2.0,255.0,alcohol,180,10,1
23.412948608398438,alcohol,6196062,43.0,234.0,209.0,252.0,42.0,24.0,25.0,2.0,2.0,10.0,30.0,2.0,255.0,alcohol,180,10,1
23.666293382644653,alcohol,6196316,42.0,233.0,209.0,251.0,42.0,24.0,25.0,2.0,2.0,10.0,30.0,2.0,255.0,alcohol,180,10,1
23.919333457946777,alcohol,6196569,43.0,234.0,209.0,252.0,42.0,24.0,25.0,2.0,2.0,10.0,30.0,2.0,255.0,alcohol,180,10,1
24.19269061088562,alcohol,6196823,42.0,233.0,209.0,251.0,42.0,24.0,25.0,2.0,2.0,10.0,30.0,2.0,255.0,alcohol,180,10,1
24.425745725631714,alcohol,6197075,43.0,234.0,209.0,252.0,42.0,24.0,25.0,2.0,2.0,10.0,30.0,2.0,255.0,alcohol,180,10,1
24.679638147354126,alcohol,6197329,42.0,234.0,209.0,251.0,42.0,24.0,25.0,2.0,2.0,10.0,30.0,2.0,255.0,alcohol,180,10,1
24.932772397994995,alcohol,6197582,43.0,234.0,209.0,252.0,42.0,24.0,25.0,2.0,2.0,10.0,30.0,2.0,255.0,alcohol,180,10,1
25.186129331588745,alcohol,6197836,42.0,233.0,209.0,251.0,42.0,24.0,25.0,2.0,2.0,10.0,30.0,2.0,255.0,alcohol,180,10,1
25.43999743461609,alcohol,6198089,43.0,234.0,209.0,252.0,42.0,24.0,25.0,2.0,2.0,10.0,30.0,2.0,255.0,alcohol,180,10,1
25.692872047424316,alcohol,6198342,42.0,234.0,209.0,251.0,42.0,24.0,25.0,2.0,2.0,10.0,30.0,2.0,255.0,alcohol,180,10,1
25.94574785232544,alcohol,6198596,42.0,234.0,209.0,252.0,42.0,24.0,25.0,2.0,2.0,10.0,30.0,2.0,255.0,alcohol,180,10,1
26.199669122695923,alcohol,6198849,42.0,234.0,209.0,251.0,42.0,24.0,25.0,2.0,2.0,10.0,30.0,2.0,255.0,alcohol,180,10,1
26.472749948501587,alcohol,6199103,42.0,234.0,209.0,252.0,42.0,24.0,25.0,2.0,2.0,10.0,30.0,2.0,255.0,alcohol,180,10,1
26.706863403320312,alcohol,6199356,42.0,233.0,209.0,251.0,42.0,24.0,25.0,2.0,2.0,10.0,30.0,2.0,255.0,alcohol,180,10,1
26.961082935333252,alcohol,6199610,42.0,234.0,209.0,252.0,42.0,24.0,25.0,2.0,2.0,10.0,30.0,2.0,255.0,alcohol,180,10,1
27.212826251983643,alcohol,6199863,42.0,234.0,209.0,251.0,42.0,24.0,25.0,2.0,2.0,10.0,30.0,2.0,255.0,alcohol,180,10,1
27.466442346572876,alcohol,6200117,43.0,234.0,209.0,252.0,42.0,24.0,25.0,2.0,2.0,10.0,30.0,2.0,255.0,alcohol,180,10,1
27.719783782958984,alcohol,6200370,42.0,234.0,209.0,251.0,42.0,24.0,25.0,2.0,2.0,10.0,30.0,2.0,255.0,alcohol,180,10,1
27.973912000656128,alcohol,6200623,43.0,234.0,210.0,252.0,42.0,24.0,25.0,2.0,2.0,10.0,30.0,2.0,255.0,alcohol,180,10,1
28.22728943824768,alcohol,6200877,42.0,234.0,209.0,251.0,42.0,24.0,25.0,2.0,2.0,10.0,30.0,2.0,255.0,alcohol,180,10,1
28.480379343032837,alcohol,6201129,43.0,234.0,210.0,253.0,42.0,24.0,25.0,2.0,2.0,10.0,30.0,2.0,255.0,alcohol,180,10,1
28.73373794555664,alcohol,6201383,43.0,234.0,209.0,251.0,42.0,24.0,25.0,2.0,2.0,10.0,30.0,2.0,255.0,alcohol,180,10,1
28.986785411834717,alcohol,6201636,43.0,234.0,210.0,252.0,42.0,24.0,25.0,2.0,2.0,10.0,30.0,2.0,255.0,alcohol,180,10,1
29.24055051803589,alcohol,6201890,42.0,234.0,209.0,251.0,42.0,24.0,25.0,2.0,2.0,10.0,30.0,2.0,255.0,alcohol,180,10,1
29.4931583404541,alcohol,6202143,43.0,234.0,210.0,253.0,42.0,24.0,25.0,2.0,2.0,10.0,30.0,2.0,255.0,alcohol,180,10,1
29.74843192100525,alcohol,6202397,42.0,234.0,209.0,251.0,42.0,24.0,25.0,2.0,2.0,10.0,30.0,2.0,255.0,alcohol,180,10,1
30.000934600830078,alcohol,6202650,43.0,234.0,209.0,252.0,42.0,24.0,25.0,2.0,2.0,10.0,30.0,2.0,255.0,alcohol,180,10,1
30.253467082977295,alcohol,6202903,42.0,234.0,209.0,251.0,42.0,24.0,25.0,2.0,2.0,10.0,30.0,2.0,255.0,alcohol,180,10,1
30.511059284210205,alcohol,6203157,43.0,234.0,209.0,252.0,42.0,24.0,25.0,2.0,2.0,10.0,30.0,2.0,255.0,alcohol,180,10,1
30.76156210899353,alcohol,6203410,42.0,234.0,209.0,251.0,42.0,24.0,25.0,2.0,2.0,10.0,30.0,2.0,255.0,alcohol,180,10,1
31.013481616973877,alcohol,6203664,43.0,234.0,209.0,252.0,42.0,24.0,25.0,2.0,2.0,10.0,30.0,2.0,255.0,alcohol,180,10,1
31.268237113952637,alcohol,6203917,42.0,234.0,209.0,251.0,41.0,24.0,25.0,2.0,2.0,10.0,30.0,2.0,255.0,alcohol,180,10,1
31.520463228225708,alcohol,6204171,42.0,234.0,209.0,252.0,42.0,24.0,25.0,2.0,2.0,10.0,30.0,2.0,255.0,alcohol,180,10,1
31.773619651794434,alcohol,6204424,42.0,234.0,209.0,251.0,42.0,24.0,25.0,2.0,2.0,10.0,30.0,2.0,255.0,alcohol,180,10,1
32.02871775627136,alcohol,6204678,42.0,234.0,209.0,252.0,42.0,24.0,25.0,2.0,2.0,10.0,30.0,2.0,255.0,alcohol,180,10,1
32.28189778327942,alcohol,6204931,42.0,234.0,209.0,251.0,41.0,24.0,25.0,2.0,2.0,10.0,30.0,2.0,255.0,alcohol,180,10,1
32.53466081619263,alcohol,6205184,42.0,234.0,209.0,252.0,42.0,24.0,25.0,2.0,2.0,10.0,30.0,2.0,255.0,alcohol,180,10,1
32.78797960281372,alcohol,6205437,42.0,233.0,209.0,251.0,41.0,24.0,25.0,2.0,2.0,10.0,30.0,2.0,255.0,alcohol,180,10,1
33.04080653190613,alcohol,6205690,43.0,234.0,209.0,252.0,42.0,24.0,25.0,2.0,2.0,10.0,30.0,2.0,255.0,alcohol,180,10,1
33.294899225234985,alcohol,6205944,42.0,233.0,209.0,251.0,41.0,24.0,25.0,2.0,2.0,10.0,30.0,2.0,255.0,alcohol,180,10,1
33.54845309257507,alcohol,6206197,42.0,234.0,209.0,252.0,42.0,24.0,25.0,2.0,2.0,10.0,30.0,2.0,255.0,alcohol,180,10,1
33.80229210853577,alcohol,6206451,42.0,233.0,209.0,251.0,41.0,24.0,25.0,2.0,2.0,10.0,30.0,2.0,255.0,alcohol,180,10,1
34.054731130599976,alcohol,6206704,42.0,234.0,209.0,252.0,42.0,24.0,25.0,2.0,2.0,10.0,30.0,2.0,255.0,alcohol,180,10,1
34.30730175971985,alcohol,6206958,42.0,233.0,209.0,251.0,41.0,24.0,25.0,2.0,2.0,10.0,30.0,2.0,255.0,alcohol,180,10,1
34.56162691116333,alcohol,6207211,42.0,234.0,209.0,252.0,42.0,24.0,25.0,2.0,2.0,10.0,30.0,2.0,255.0,alcohol,180,10,1
34.815075159072876,alcohol,6207464,42.0,233.0,209.0,251.0,42.0,24.0,25.0,2.0,2.0,10.0,30.0,2.0,255.0,alcohol,180,10,1
35.07927227020264,alcohol,6207718,42.0,234.0,209.0,252.0,42.0,24.0,25.0,2.0,2.0,10.0,30.0,2.0,255.0,alcohol,180,10,1
35.321598529815674,alcohol,6207971,42.0,233.0,209.0,251.0,41.0,24.0,25.0,2.0,2.0,10.0,30.0,2.0,255.0,alcohol,180,10,1
35.57436013221741,alcohol,6208225,42.0,234.0,209.0,252.0,42.0,24.0,25.0,2.0,2.0,10.0,30.0,2.0,255.0,alcohol,180,10,1
35.829023122787476,alcohol,6208478,42.0,233.0,209.0,251.0,42.0,24.0,25.0,2.0,2.0,10.0,30.0,2.0,255.0,alcohol,180,10,1
36.0820586681366,alcohol,6208732,42.0,234.0,209.0,252.0,42.0,24.0,25.0,2.0,2.0,10.0,30.0,2.0,255.0,alcohol,180,10,1
36.33469772338867,alcohol,6208985,42.0,233.0,209.0,251.0,42.0,24.0,25.0,2.0,2.0,10.0,30.0,2.0,255.0,alcohol,180,10,1
36.58839678764343,alcohol,6209239,42.0,234.0,209.0,252.0,42.0,24.0,25.0,2.0,2.0,10.0,30.0,2.0,255.0,alcohol,180,10,1
36.86212229728699,alcohol,6209491,42.0,234.0,209.0,251.0,42.0,24.0,25.0,2.0,2.0,10.0,30.0,2.0,255.0,alcohol,180,10,1
37.097535848617554,alcohol,6209745,43.0,234.0,209.0,252.0,42.0,24.0,25.0,2.0,2.0,10.0,30.0,2.0,255.0,alcohol,180,10,1
37.34859538078308,alcohol,6209998,42.0,233.0,209.0,251.0,42.0,24.0,25.0,2.0,2.0,10.0,30.0,2.0,255.0,alcohol,180,10,1
37.60355806350708,alcohol,6210251,42.0,234.0,209.0,252.0,42.0,24.0,25.0,2.0,2.0,10.0,30.0,2.0,255.0,alcohol,180,10,1
37.85600185394287,alcohol,6210505,42.0,233.0,209.0,251.0,42.0,24.0,25.0,2.0,2.0,10.0,30.0,2.0,255.0,alcohol,180,10,1
38.10937285423279,alcohol,6210758,43.0,234.0,209.0,253.0,42.0,24.0,25.0,2.0,2.0,10.0,30.0,2.0,255.0,alcohol,180,10,1
38.362797498703,alcohol,6211012,42.0,234.0,209.0,251.0,42.0,24.0,25.0,2.0,2.0,10.0,30.0,2.0,255.0,alcohol,180,10,1
38.61668014526367,alcohol,6211265,42.0,234.0,209.0,253.0,42.0,24.0,25.0,2.0,2.0,10.0,30.0,2.0,255.0,alcohol,180,10,1
38.86846876144409,alcohol,6211519,42.0,233.0,209.0,251.0,42.0,24.0,25.0,2.0,2.0,10.0,30.0,2.0,255.0,alcohol,180,10,1
39.12262845039368,alcohol,6211772,43.0,234.0,209.0,253.0,42.0,24.0,25.0,2.0,2.0,10.0,30.0,2.0,255.0,alcohol,180,10,1
39.375919818878174,alcohol,6212026,42.0,233.0,209.0,251.0,42.0,24.0,25.0,2.0,2.0,10.0,30.0,2.0,255.0,alcohol,180,10,1
39.630860805511475,alcohol,6212279,43.0,234.0,209.0,253.0,42.0,24.0,25.0,2.0,2.0,10.0,30.0,2.0,255.0,alcohol,180,10,1
39.883259534835815,alcohol,6212532,42.0,233.0,209.0,251.0,42.0,24.0,25.0,2.0,2.0,10.0,30.0,2.0,255.0,alcohol,180,10,1
40.136133432388306,alcohol,6212786,43.0,234.0,209.0,253.0,42.0,24.0,25.0,2.0,2.0,10.0,30.0,2.0,255.0,alcohol,180,10,1
40.38960933685303,alcohol,6213039,42.0,233.0,209.0,251.0,42.0,24.0,25.0,2.0,2.0,10.0,30.0,2.0,255.0,alcohol,180,10,1
40.642902851104736,alcohol,6213293,42.0,234.0,209.0,252.0,42.0,24.0,25.0,2.0,2.0,10.0,30.0,2.0,255.0,alcohol,180,10,1
40.89644813537598,alcohol,6213545,42.0,233.0,209.0,251.0,42.0,24.0,25.0,2.0,2.0,10.0,30.0,2.0,255.0,alcohol,180,10,1
41.150490283966064,alcohol,6213799,43.0,234.0,209.0,252.0,42.0,24.0,25.0,2.0,2.0,10.0,30.0,2.0,255.0,alcohol,180,10,1
41.40357542037964,alcohol,6214052,42.0,233.0,209.0,251.0,42.0,24.0,25.0,2.0,2.0,10.0,30.0,2.0,255.0,alcohol,180,10,1
41.6572642326355,alcohol,6214306,43.0,234.0,209.0,253.0,42.0,24.0,25.0,2.0,2.0,10.0,30.0,2.0,255.0,alcohol,180,10,1
41.90994095802307,alcohol,6214559,42.0,233.0,209.0,251.0,42.0,24.0,25.0,2.0,2.0,10.0,30.0,2.0,255.0,alcohol,180,10,1
42.162829637527466,alcohol,6214812,42.0,234.0,209.0,252.0,42.0,24.0,25.0,2.0,2.0,10.0,30.0,2.0,255.0,alcohol,180,10,1
42.41657090187073,alcohol,6215066,42.0,233.0,209.0,251.0,42.0,24.0,25.0,2.0,2.0,10.0,30.0,2.0,255.0,alcohol,180,10,1
42.669801235198975,alcohol,6215319,42.0,234.0,209.0,253.0,42.0,24.0,25.0,2.0,2.0,10.0,30.0,2.0,255.0,alcohol,180,10,1
42.92476439476013,alcohol,6215573,42.0,233.0,209.0,251.0,42.0,24.0,25.0,2.0,2.0,10.0,30.0,2.0,255.0,alcohol,180,10,1
43.177571535110474,alcohol,6215826,42.0,234.0,209.0,253.0,42.0,24.0,25.0,2.0,2.0,10.0,30.0,2.0,255.0,alcohol,180,10,1
43.429579734802246,alcohol,6216080,42.0,233.0,209.0,251.0,42.0,24.0,25.0,2.0,2.0,10.0,30.0,2.0,255.0,alcohol,180,10,1
43.68759226799011,alcohol,6216333,43.0,234.0,209.0,253.0,42.0,24.0,25.0,2.0,2.0,10.0,30.0,2.0,255.0,alcohol,180,10,1
43.93821167945862,alcohol,6216587,42.0,233.0,209.0,251.0,42.0,24.0,25.0,2.0,2.0,10.0,30.0,2.0,255.0,alcohol,180,10,1
44.19101357460022,alcohol,6216840,43.0,234.0,209.0,253.0,42.0,24.0,25.0,2.0,2.0,10.0,30.0,2.0,255.0,alcohol,180,10,1
44.44391393661499,alcohol,6217093,42.0,233.0,209.0,251.0,42.0,24.0,25.0,2.0,2.0,10.0,30.0,2.0,255.0,alcohol,180,10,1
44.69639325141907,alcohol,6217347,43.0,234.0,209.0,253.0,42.0,24.0,25.0,2.0,2.0,10.0,30.0,2.0,255.0,alcohol,180,10,1
44.95081639289856,alcohol,6217600,42.0,234.0,209.0,251.0,42.0,24.0,25.0,2.0,2.0,10.0,30.0,2.0,255.0,alcohol,180,10,1
45.204118490219116,alcohol,6217853,42.0,234.0,209.0,253.0,42.0,24.0,25.0,2.0,2.0,10.0,30.0,2.0,255.0,alcohol,180,10,1
45.45718789100647,alcohol,6218106,42.0,233.0,209.0,251.0,42.0,24.0,25.0,2.0,2.0,10.0,30.0,2.0,255.0,alcohol,180,10,1
45.712796211242676,alcohol,6218360,42.0,234.0,209.0,253.0,42.0,24.0,25.0,2.0,2.0,10.0,30.0,2.0,255.0,alcohol,180,10,1
45.96413826942444,alcohol,6218613,42.0,234.0,209.0,251.0,42.0,24.0,25.0,2.0,2.0,10.0,30.0,2.0,255.0,alcohol,180,10,1
46.21798634529114,alcohol,6218867,43.0,234.0,209.0,253.0,42.0,24.0,25.0,2.0,2.0,10.0,30.0,2.0,255.0,alcohol,180,10,1
46.470693826675415,alcohol,6219120,42.0,234.0,209.0,251.0,42.0,24.0,25.0,2.0,2.0,10.0,30.0,2.0,255.0,alcohol,180,10,1
46.72370481491089,alcohol,6219373,43.0,234.0,209.0,253.0,42.0,24.0,25.0,2.0,2.0,10.0,30.0,2.0,255.0,alcohol,180,10,1
46.97764229774475,alcohol,6219627,42.0,234.0,209.0,251.0,42.0,24.0,25.0,2.0,2.0,10.0,30.0,2.0,255.0,alcohol,180,10,1
47.231281995773315,alcohol,6219880,43.0,234.0,209.0,253.0,42.0,24.0,25.0,2.0,2.0,10.0,30.0,2.0,255.0,alcohol,180,10,1
47.48505187034607,alcohol,6220134,42.0,234.0,209.0,251.0,42.0,24.0,25.0,2.0,2.0,10.0,30.0,2.0,255.0,alcohol,180,10,1
47.73788905143738,alcohol,6220387,43.0,234.0,209.0,253.0,42.0,24.0,25.0,2.0,2.0,10.0,30.0,2.0,255.0,alcohol,180,10,1
47.99060249328613,alcohol,6220641,42.0,234.0,209.0,251.0,42.0,24.0,25.0,2.0,2.0,10.0,30.0,2.0,255.0,alcohol,180,10,1
48.247227907180786,alcohol,6220894,43.0,234.0,209.0,253.0,42.0,24.0,25.0,2.0,2.0,10.0,30.0,2.0,255.0,alcohol,180,10,1
48.50256371498108,alcohol,6221148,42.0,234.0,209.0,252.0,42.0,24.0,25.0,2.0,2.0,10.0,30.0,2.0,255.0,alcohol,180,10,1
48.7517294883728,alcohol,6221401,43.0,234.0,209.0,253.0,42.0,24.0,25.0,2.0,2.0,10.0,30.0,2.0,255.0,alcohol,180,10,1
49.005250692367554,alcohol,6221654,42.0,234.0,209.0,252.0,42.0,24.0,25.0,2.0,2.0,10.0,30.0,2.0,255.0,alcohol,180,10,1
49.257269620895386,alcohol,6221907,43.0,234.0,209.0,253.0,42.0,24.0,25.0,2.0,2.0,10.0,30.0,2.0,255.0,alcohol,180,10,1
49.51173663139343,alcohol,6222160,42.0,234.0,209.0,252.0,42.0,24.0,25.0,2.0,2.0,10.0,30.0,2.0,255.0,alcohol,180,10,1
49.76677846908569,alcohol,6222414,43.0,234.0,209.0,253.0,42.0,24.0,25.0,2.0,2.0,10.0,30.0,2.0,255.0,alcohol,180,10,1
50.01712703704834,alcohol,6222667,43.0,234.0,209.0,252.0,42.0,24.0,25.0,2.0,2.0,10.0,30.0,2.0,255.0,alcohol,180,10,1
50.273292779922485,alcohol,6222921,43.0,234.0,209.0,253.0,42.0,24.0,25.0,2.0,2.0,10.0,30.0,2.0,255.0,alcohol,180,10,1
50.524473905563354,alcohol,6223174,42.0,234.0,209.0,252.0,42.0,24.0,25.0,2.0,2.0,10.0,30.0,2.0,255.0,alcohol,180,10,1
50.77824687957764,alcohol,6223428,43.0,234.0,210.0,253.0,43.0,24.0,25.0,2.0,2.0,10.0,30.0,2.0,255.0,alcohol,180,10,1
51.03161287307739,alcohol,6223681,43.0,234.0,209.0,252.0,42.0,24.0,25.0,2.0,2.0,10.0,30.0,2.0,255.0,alcohol,180,10,1
51.284361362457275,alcohol,6223934,43.0,234.0,210.0,253.0,42.0,24.0,25.0,2.0,2.0,10.0,30.0,2.0,255.0,alcohol,180,10,1
51.538570165634155,alcohol,6224188,42.0,234.0,209.0,252.0,42.0,24.0,25.0,2.0,2.0,10.0,30.0,2.0,255.0,alcohol,180,10,1
51.79385566711426,alcohol,6224441,43.0,234.0,210.0,253.0,43.0,24.0,25.0,2.0,2.0,10.0,30.0,2.0,255.0,alcohol,180,10,1
52.04668951034546,alcohol,6224695,42.0,234.0,209.0,252.0,42.0,24.0,25.0,2.0,2.0,10.0,30.0,2.0,255.0,alcohol,180,10,1
52.299405574798584,alcohol,6224948,43.0,234.0,210.0,253.0,42.0,24.0,25.0,2.0,2.0,10.0,30.0,2.0,255.0,alcohol,180,10,1
52.55149435997009,alcohol,6225202,43.0,234.0,209.0,252.0,42.0,24.0,25.0,2.0,2.0,10.0,30.0,2.0,255.0,alcohol,180,10,1
52.80522632598877,alcohol,6225455,43.0,234.0,210.0,253.0,42.0,24.0,25.0,2.0,2.0,10.0,30.0,2.0,255.0,alcohol,180,10,1
53.05968689918518,alcohol,6225709,43.0,234.0,209.0,252.0,42.0,24.0,25.0,2.0,2.0,10.0,30.0,2.0,255.0,alcohol,180,10,1
53.312373638153076,alcohol,6225961,43.0,234.0,210.0,253.0,42.0,24.0,25.0,2.0,2.0,10.0,30.0,2.0,255.0,alcohol,180,10,1
53.56529903411865,alcohol,6226214,42.0,234.0,209.0,252.0,42.0,24.0,25.0,2.0,2.0,10.0,30.0,2.0,255.0,alcohol,180,10,1
53.819223165512085,alcohol,6226468,43.0,234.0,209.0,253.0,42.0,24.0,25.0,2.0,2.0,10.0,30.0,2.0,255.0,alcohol,180,10,1
54.07227659225464,alcohol,6226721,42.0,234.0,209.0,252.0,42.0,24.0,25.0,2.0,2.0,10.0,30.0,2.0,255.0,alcohol,180,10,1
54.34673595428467,alcohol,6226975,43.0,234.0,209.0,253.0,42.0,24.0,25.0,2.0,2.0,10.0,30.0,2.0,255.0,alcohol,180,10,1
54.579177141189575,alcohol,6227228,42.0,234.0,209.0,252.0,42.0,24.0,25.0,2.0,2.0,10.0,30.0,2.0,255.0,alcohol,180,10,1
54.83574151992798,alcohol,6227482,43.0,234.0,210.0,253.0,42.0,24.0,25.0,2.0,2.0,10.0,30.0,2.0,255.0,alcohol,180,10,1
55.08576726913452,alcohol,6227735,42.0,234.0,209.0,252.0,42.0,24.0,25.0,2.0,2.0,10.0,30.0,2.0,255.0,alcohol,180,10,1
55.34867191314697,alcohol,6227989,43.0,234.0,210.0,253.0,42.0,24.0,25.0,2.0,2.0,10.0,30.0,2.0,255.0,alcohol,180,10,1
55.613442182540894,alcohol,6228242,43.0,234.0,209.0,252.0,42.0,24.0,25.0,2.0,2.0,10.0,30.0,2.0,255.0,alcohol,180,10,1
55.84540677070618,alcohol,6228495,43.0,235.0,210.0,254.0,42.0,24.0,25.0,2.0,2.0,10.0,30.0,2.0,255.0,alcohol,180,10,1
56.10096216201782,alcohol,6228749,43.0,234.0,209.0,252.0,42.0,24.0,25.0,2.0,2.0,10.0,30.0,2.0,255.0,alcohol,180,10,1
56.35329604148865,alcohol,6229002,43.0,235.0,210.0,254.0,43.0,24.0,25.0,2.0,2.0,10.0,30.0,2.0,255.0,alcohol,180,10,1
56.60675644874573,alcohol,6229256,43.0,234.0,209.0,252.0,42.0,24.0,25.0,2.0,2.0,10.0,30.0,2.0,255.0,alcohol,180,10,1
56.865384578704834,alcohol,6229509,43.0,235.0,210.0,254.0,43.0,24.0,25.0,2.0,2.0,10.0,30.0,2.0,255.0,alcohol,180,10,1
57.112762212753296,alcohol,6229763,43.0,234.0,209.0,252.0,42.0,24.0,25.0,2.0,2.0,10.0,30.0,2.0,255.0,alcohol,180,10,1
57.366185665130615,alcohol,6230016,43.0,235.0,210.0,254.0,43.0,24.0,25.0,2.0,2.0,10.0,30.0,2.0,255.0,alcohol,180,10,1
57.619925022125244,alcohol,6230269,43.0,234.0,209.0,252.0,42.0,24.0,25.0,2.0,2.0,10.0,30.0,2.0,255.0,alcohol,180,10,1
57.874911308288574,alcohol,6230522,43.0,235.0,210.0,254.0,43.0,24.0,25.0,2.0,2.0,10.0,30.0,2.0,255.0,alcohol,180,10,1
58.12711191177368,alcohol,6230775,43.0,234.0,209.0,252.0,42.0,24.0,25.0,2.0,2.0,10.0,30.0,2.0,255.0,alcohol,180,10,1
58.37926959991455,alcohol,6231029,43.0,235.0,210.0,254.0,43.0,24.0,25.0,2.0,2.0,10.0,30.0,2.0,255.0,alcohol,180,10,1
58.63410401344299,alcohol,6231282,43.0,234.0,209.0,252.0,42.0,24.0,25.0,2.0,2.0,10.0,30.0,2.0,255.0,alcohol,180,10,1
58.886343002319336,alcohol,6231536,43.0,235.0,210.0,254.0,43.0,24.0,25.0,2.0,2.0,10.0,30.0,2.0,255.0,alcohol,180,10,1
59.140623331069946,alcohol,6231789,43.0,235.0,210.0,252.0,43.0,24.0,25.0,2.0,2.0,10.0,30.0,2.0,255.0,alcohol,180,10,1
59.3935980796814,alcohol,6232043,43.0,235.0,210.0,254.0,43.0,24.0,25.0,2.0,2.0,10.0,30.0,2.0,255.0,alcohol,180,10,1
59.64820575714111,alcohol,6232296,43.0,235.0,210.0,252.0,43.0,24.0,25.0,2.0,2.0,10.0,30.0,2.0,255.0,alcohol,180,10,1
59.902236223220825,alcohol,6232550,43.0,235.0,210.0,254.0,43.0,24.0,25.0,2.0,2.0,10.0,30.0,2.0,255.0,alcohol,180,10,1
60.15363097190857,alcohol,6232803,43.0,235.0,210.0,253.0,43.0,24.0,25.0,2.0,2.0,10.0,30.0,2.0,255.0,alcohol,180,10,1
60.40738487243652,alcohol,6233057,43.0,235.0,210.0,254.0,43.0,24.0,25.0,2.0,2.0,10.0,30.0,2.0,255.0,alcohol,180,10,1
60.66209530830383,alcohol,6233310,43.0,235.0,210.0,253.0,43.0,24.0,25.0,2.0,2.0,10.0,30.0,2.0,255.0,alcohol,180,10,1
60.916409492492676,alcohol,6233563,44.0,236.0,210.0,254.0,43.0,24.0,25.0,2.0,2.0,10.0,30.0,2.0,255.0,alcohol,180,10,1
61.167333126068115,alcohol,6233817,44.0,236.0,210.0,253.0,44.0,24.0,25.0,2.0,2.0,10.0,30.0,2.0,255.0,alcohol,180,10,1
61.42056202888489,alcohol,6234070,45.0,236.0,211.0,255.0,45.0,24.0,25.0,2.0,2.0,10.0,30.0,2.0,255.0,alcohol,180,10,1
61.67364263534546,alcohol,6234323,45.0,237.0,211.0,254.0,46.0,24.0,25.0,2.0,2.0,10.0,30.0,2.0,255.0,alcohol,180,10,1
61.927796840667725,alcohol,6234576,48.0,239.0,212.0,256.0,49.0,24.0,25.0,2.0,2.0,10.0,30.0,2.0,255.0,alcohol,180,10,1
62.18456506729126,alcohol,6234830,49.0,239.0,212.0,255.0,52.0,24.0,25.0,2.0,2.0,10.0,30.0,2.0,255.0,alcohol,180,10,1
62.43430018424988,alcohol,6235083,51.0,240.0,213.0,257.0,53.0,24.0,25.0,2.0,2.0,10.0,30.0,2.0,255.0,alcohol,180,10,1
62.687641859054565,alcohol,6235337,52.0,240.0,213.0,256.0,54.0,24.0,25.0,2.0,2.0,10.0,30.0,2.0,255.0,alcohol,180,10,1
62.942423582077026,alcohol,6235590,53.0,241.0,213.0,257.0,56.0,24.0,25.0,2.0,2.0,10.0,30.0,2.0,255.0,alcohol,180,10,1
63.1941282749176,alcohol,6235843,54.0,241.0,213.0,256.0,57.0,24.0,25.0,2.0,2.0,10.0,30.0,2.0,255.0,alcohol,180,10,1
63.448081970214844,alcohol,6236097,55.0,241.0,213.0,258.0,58.0,24.0,25.0,2.0,2.0,10.0,30.0,2.0,255.0,alcohol,180,10,1
63.702024936676025,alcohol,6236350,56.0,241.0,213.0,257.0,59.0,24.0,25.0,2.0,2.0,10.0,30.0,2.0,255.0,alcohol,180,10,1
63.95390558242798,alcohol,6236604,58.0,243.0,214.0,258.0,61.0,24.0,25.0,2.0,2.0,10.0,30.0,2.0,255.0,alcohol,180,10,1
64.20719003677368,alcohol,6236857,59.0,243.0,214.0,257.0,61.0,24.0,25.0,2.0,2.0,10.0,30.0,2.0,255.0,alcohol,180,10,1
64.46289348602295,alcohol,6237111,60.0,244.0,214.0,259.0,63.0,24.0,25.0,2.0,2.0,10.0,30.0,2.0,255.0,alcohol,180,10,1
64.71435117721558,alcohol,6237364,61.0,244.0,214.0,258.0,64.0,24.0,25.0,2.0,2.0,10.0,30.0,2.0,255.0,alcohol,180,10,1
64.96741104125977,alcohol,6237618,62.0,244.0,214.0,259.0,64.0,24.0,25.0,2.0,2.0,10.0,30.0,2.0,255.0,alcohol,180,10,1
65.2214024066925,alcohol,6237871,62.0,244.0,214.0,258.0,63.0,24.0,25.0,2.0,2.0,10.0,30.0,2.0,255.0,alcohol,180,10,1
65.47458958625793,alcohol,6238124,62.0,244.0,214.0,259.0,63.0,25.0,25.0,2.0,2.0,10.0,30.0,2.0,255.0,alcohol,180,10,1
65.7279281616211,alcohol,6238377,62.0,243.0,213.0,258.0,62.0,24.0,25.0,2.0,2.0,10.0,30.0,2.0,255.0,alcohol,180,10,1
65.98131775856018,alcohol,6238630,62.0,244.0,214.0,259.0,62.0,24.0,25.0,2.0,2.0,10.0,30.0,2.0,255.0,alcohol,180,10,1
66.23443818092346,alcohol,6238884,61.0,243.0,213.0,258.0,60.0,24.0,25.0,2.0,2.0,10.0,30.0,2.0,255.0,alcohol,180,10,1
66.48814153671265,alcohol,6239137,62.0,244.0,213.0,259.0,60.0,24.0,25.0,2.0,2.0,10.0,30.0,2.0,255.0,alcohol,180,10,1
66.7413215637207,alcohol,6239391,61.0,243.0,213.0,258.0,59.0,24.0,25.0,2.0,2.0,10.0,30.0,2.0,255.0,alcohol,180,10,1
66.99547338485718,alcohol,6239644,61.0,243.0,213.0,259.0,59.0,24.0,25.0,2.0,2.0,10.0,30.0,2.0,255.0,alcohol,180,10,1
67.2481300830841,alcohol,6239898,61.0,243.0,213.0,258.0,58.0,24.0,25.0,2.0,2.0,10.0,30.0,2.0,255.0,alcohol,180,10,1
67.52073860168457,alcohol,6240151,62.0,244.0,214.0,260.0,58.0,24.0,25.0,2.0,2.0,10.0,30.0,2.0,255.0,alcohol,180,10,1
67.75614881515503,alcohol,6240404,62.0,244.0,213.0,258.0,57.0,24.0,25.0,2.0,2.0,10.0,30.0,2.0,255.0,alcohol,180,10,1
68.00806546211243,alcohol,6240658,63.0,244.0,213.0,260.0,58.0,24.0,25.0,2.0,2.0,10.0,30.0,2.0,255.0,alcohol,180,10,1
68.27551746368408,alcohol,6240911,62.0,243.0,213.0,258.0,57.0,24.0,25.0,2.0,2.0,10.0,30.0,2.0,255.0,alcohol,180,10,1
68.51510238647461,alcohol,6241165,62.0,243.0,213.0,259.0,57.0,24.0,25.0,2.0,2.0,10.0,30.0,2.0,255.0,alcohol,180,10,1
68.76796388626099,alcohol,6241418,61.0,242.0,213.0,258.0,56.0,24.0,25.0,2.0,2.0,10.0,30.0,2.0,255.0,alcohol,180,10,1
69.02476263046265,alcohol,6241672,61.0,242.0,213.0,259.0,56.0,24.0,25.0,2.0,2.0,10.0,30.0,2.0,255.0,alcohol,180,10,1
69.27537798881531,alcohol,6241925,60.0,242.0,212.0,258.0,55.0,24.0,25.0,2.0,2.0,10.0,30.0,2.0,255.0,alcohol,180,10,1
69.52838373184204,alcohol,6242179,60.0,242.0,213.0,259.0,55.0,24.0,25.0,2.0,2.0,10.0,30.0,2.0,255.0,alcohol,180,10,1
69.78211402893066,alcohol,6242432,59.0,242.0,212.0,258.0,54.0,24.0,25.0,2.0,2.0,10.0,30.0,2.0,255.0,alcohol,180,10,1
70.03558397293091,alcohol,6242684,60.0,243.0,213.0,259.0,56.0,24.0,25.0,2.0,2.0,10.0,30.0,2.0,255.0,alcohol,180,10,1
70.28996562957764,alcohol,6242938,61.0,243.0,213.0,259.0,57.0,24.0,25.0,2.0,2.0,10.0,30.0,2.0,255.0,alcohol,180,10,1
70.54418563842773,alcohol,6243191,62.0,243.0,213.0,260.0,58.0,24.0,25.0,2.0,2.0,10.0,30.0,2.0,255.0,alcohol,180,10,1
70.796053647995,alcohol,6243445,62.0,243.0,213.0,258.0,58.0,24.0,25.0,2.0,2.0,10.0,30.0,2.0,255.0,alcohol,180,10,1
71.05024814605713,alcohol,6243698,63.0,243.0,213.0,260.0,59.0,24.0,25.0,2.0,2.0,10.0,30.0,2.0,255.0,alcohol,180,10,1
71.30252361297607,alcohol,6243952,62.0,242.0,212.0,258.0,58.0,24.0,25.0,2.0,2.0,10.0,30.0,2.0,255.0,alcohol,180,10,1
71.55567073822021,alcohol,6244205,63.0,243.0,213.0,259.0,57.0,24.0,25.0,2.0,2.0,10.0,30.0,2.0,255.0,alcohol,180,10,1
71.80946373939514,alcohol,6244459,62.0,243.0,212.0,258.0,56.0,24.0,25.0,2.0,2.0,10.0,30.0,2.0,255.0,alcohol,180,10,1
72.06309413909912,alcohol,6244712,62.0,242.0,213.0,259.0,56.0,24.0,25.0,2.0,2.0,10.0,30.0,2.0,255.0,alcohol,180,10,1
72.31703090667725,alcohol,6244965,61.0,242.0,212.0,258.0,56.0,24.0,25.0,2.0,2.0,10.0,30.0,2.0,255.0,alcohol,180,10,1
72.5709319114685,alcohol,6245219,62.0,243.0,213.0,260.0,57.0,24.0,25.0,2.0,2.0,10.0,30.0,2.0,255.0,alcohol,180,10,1
72.842529296875,alcohol,6245472,62.0,242.0,212.0,258.0,56.0,24.0,25.0,2.0,2.0,10.0,30.0,2.0,255.0,alcohol,180,10,1
73.07621645927429,alcohol,6245726,62.0,242.0,213.0,259.0,56.0,24.0,25.0,2.0,2.0,10.0,30.0,2.0,255.0,alcohol,180,10,1
73.3314778804779,alcohol,6245979,62.0,242.0,212.0,258.0,55.0,24.0,25.0,2.0,2.0,10.0,30.0,2.0,255.0,alcohol,180,10,1
73.58462858200073,alcohol,6246233,61.0,242.0,213.0,259.0,55.0,24.0,25.0,2.0,2.0,10.0,30.0,2.0,255.0,alcohol,180,10,1
73.83606886863708,alcohol,6246486,61.0,242.0,212.0,258.0,54.0,24.0,25.0,2.0,2.0,10.0,30.0,2.0,255.0,alcohol,180,10,1
74.08904480934143,alcohol,6246739,61.0,242.0,213.0,260.0,56.0,24.0,25.0,2.0,2.0,10.0,30.0,2.0,255.0,alcohol,180,10,1
74.34329414367676,alcohol,6246992,61.0,242.0,212.0,258.0,56.0,24.0,25.0,2.0,2.0,10.0,30.0,2.0,255.0,alcohol,180,10,1
74.5962462425232,alcohol,6247245,61.0,242.0,212.0,259.0,55.0,24.0,25.0,2.0,2.0,10.0,30.0,2.0,255.0,alcohol,180,10,1
74.85079431533813,alcohol,6247499,60.0,241.0,212.0,258.0,55.0,24.0,25.0,2.0,2.0,10.0,30.0,2.0,255.0,alcohol,180,10,1
75.10347986221313,alcohol,6247752,60.0,241.0,212.0,259.0,55.0,24.0,25.0,2.0,2.0,10.0,30.0,2.0,255.0,alcohol,180,10,1
75.35572791099548,alcohol,6248006,60.0,241.0,212.0,257.0,54.0,24.0,25.0,2.0,2.0,10.0,30.0,2.0,255.0,alcohol,180,10,1
75.61011385917664,alcohol,6248259,59.0,241.0,212.0,259.0,54.0,24.0,25.0,2.0,2.0,10.0,30.0,2.0,255.0,alcohol,180,10,1
75.86275458335876,alcohol,6248513,58.0,240.0,212.0,257.0,53.0,24.0,25.0,2.0,2.0,10.0,30.0,2.0,255.0,alcohol,180,10,1
76.11721181869507,alcohol,6248766,58.0,241.0,212.0,258.0,53.0,24.0,25.0,2.0,2.0,10.0,30.0,2.0,255.0,alcohol,180,10,1
76.37979388237,alcohol,6249020,58.0,240.0,212.0,257.0,53.0,24.0,25.0,2.0,2.0,10.0,30.0,2.0,255.0,alcohol,180,10,1
76.62318539619446,alcohol,6249273,59.0,241.0,212.0,259.0,54.0,24.0,25.0,2.0,2.0,10.0,30.0,2.0,255.0,alcohol,180,10,1
76.87937593460083,alcohol,6249526,59.0,241.0,212.0,258.0,55.0,24.0,25.0,2.0,2.0,10.0,30.0,2.0,255.0,alcohol,180,10,1
77.13151693344116,alcohol,6249780,60.0,241.0,212.0,259.0,55.0,24.0,25.0,2.0,2.0,10.0,30.0,2.0,255.0,alcohol,180,10,1
77.38318943977356,alcohol,6250033,60.0,241.0,212.0,258.0,55.0,24.0,25.0,2.0,2.0,10.0,30.0,2.0,255.0,alcohol,180,10,1
77.63689494132996,alcohol,6250287,61.0,242.0,212.0,259.0,56.0,24.0,25.0,2.0,2.0,10.0,30.0,2.0,255.0,alcohol,180,10,1
77.89027404785156,alcohol,6250540,60.0,241.0,212.0,258.0,56.0,24.0,25.0,2.0,2.0,10.0,30.0,2.0,255.0,alcohol,180,10,1
78.14584112167358,alcohol,6250793,60.0,241.0,212.0,259.0,55.0,24.0,25.0,2.0,2.0,10.0,30.0,2.0,255.0,alcohol,180,10,1
78.39829158782959,alcohol,6251046,59.0,241.0,212.0,257.0,55.0,24.0,25.0,2.0,2.0,10.0,30.0,2.0,255.0,alcohol,180,10,1
78.6501395702362,alcohol,6251300,59.0,241.0,212.0,259.0,55.0,24.0,25.0,2.0,2.0,10.0,30.0,2.0,255.0,alcohol,180,10,1
78.90458059310913,alcohol,6251553,59.0,240.0,211.0,257.0,54.0,24.0,25.0,2.0,2.0,10.0,30.0,2.0,255.0,alcohol,180,10,1
79.15728735923767,alcohol,6251806,59.0,240.0,212.0,258.0,54.0,24.0,25.0,2.0,2.0,10.0,30.0,2.0,255.0,alcohol,180,10,1
79.41288185119629,alcohol,6252060,58.0,240.0,211.0,257.0,54.0,24.0,25.0,2.0,2.0,10.0,30.0,2.0,255.0,alcohol,180,10,1
79.66430592536926,alcohol,6252313,59.0,241.0,212.0,259.0,54.0,24.0,25.0,2.0,2.0,10.0,30.0,2.0,255.0,alcohol,180,10,1
79.91896462440491,alcohol,6252567,58.0,240.0,211.0,257.0,53.0,24.0,25.0,2.0,2.0,10.0,30.0,2.0,255.0,alcohol,180,10,1
80.17673087120056,alcohol,6252820,58.0,240.0,211.0,258.0,53.0,24.0,25.0,2.0,2.0,10.0,30.0,2.0,255.0,alcohol,180,10,1
80.42672967910767,alcohol,6253074,57.0,240.0,211.0,257.0,53.0,24.0,25.0,2.0,2.0,10.0,30.0,2.0,255.0,alcohol,180,10,1
80.67852282524109,alcohol,6253327,57.0,240.0,211.0,258.0,53.0,24.0,25.0,2.0,2.0,10.0,30.0,2.0,255.0,alcohol,180,10,1
80.93171834945679,alcohol,6253581,57.0,239.0,211.0,257.0,52.0,24.0,25.0,2.0,2.0,10.0,30.0,2.0,255.0,alcohol,180,10,1
81.18485808372498,alcohol,6253834,57.0,240.0,211.0,258.0,52.0,24.0,25.0,2.0,2.0,10.0,30.0,2.0,255.0,alcohol,180,10,1
81.43972277641296,alcohol,6254087,56.0,239.0,211.0,256.0,51.0,24.0,25.0,2.0,2.0,10.0,30.0,2.0,255.0,alcohol,180,10,1
81.69147372245789,alcohol,6254341,56.0,239.0,211.0,258.0,51.0,24.0,25.0,2.0,2.0,10.0,30.0,2.0,255.0,alcohol,180,10,1
81.94588255882263,alcohol,6254594,55.0,239.0,211.0,257.0,50.0,24.0,25.0,2.0,2.0,10.0,30.0,2.0,255.0,alcohol,180,10,1
82.19902849197388,alcohol,6254848,55.0,239.0,211.0,258.0,51.0,24.0,25.0,2.0,2.0,10.0,30.0,2.0,255.0,alcohol,180,10,1
82.45290493965149,alcohol,6255100,54.0,238.0,211.0,256.0,50.0,24.0,25.0,2.0,2.0,10.0,30.0,2.0,255.0,alcohol,180,10,1
82.70723962783813,alcohol,6255354,55.0,239.0,211.0,258.0,50.0,24.0,25.0,2.0,2.0,10.0,30.0,2.0,255.0,alcohol,180,10,1
82.95930027961731,alcohol,6255607,55.0,239.0,211.0,257.0,51.0,24.0,25.0,2.0,2.0,10.0,30.0,2.0,255.0,alcohol,180,10,1
83.21203255653381,alcohol,6255861,56.0,240.0,211.0,258.0,51.0,24.0,25.0,2.0,2.0,10.0,30.0,2.0,255.0,alcohol,180,10,1
83.467853307724,alcohol,6256114,56.0,240.0,211.0,257.0,52.0,24.0,25.0,2.0,2.0,10.0,30.0,2.0,255.0,alcohol,180,10,1
83.71805500984192,alcohol,6256367,56.0,240.0,212.0,258.0,52.0,24.0,25.0,2.0,2.0,10.0,30.0,2.0,255.0,alcohol,180,10,1
83.97301363945007,alcohol,6256621,56.0,239.0,211.0,257.0,52.0,24.0,25.0,2.0,2.0,10.0,30.0,2.0,255.0,alcohol,180,10,1
84.22547888755798,alcohol,6256874,56.0,239.0,211.0,258.0,52.0,24.0,25.0,2.0,2.0,10.0,30.0,2.0,255.0,alcohol,180,10,1
84.501136302948,alcohol,6257128,56.0,239.0,211.0,256.0,51.0,24.0,25.0,2.0,2.0,10.0,30.0,2.0,255.0,alcohol,180,10,1
84.7350845336914,alcohol,6257381,56.0,239.0,211.0,258.0,51.0,24.0,25.0,2.0,2.0,10.0,30.0,2.0,255.0,alcohol,180,10,1
84.98526310920715,alcohol,6257635,55.0,238.0,211.0,256.0,50.0,24.0,25.0,2.0,2.0,10.0,30.0,2.0,255.0,alcohol,180,10,1
85.23915958404541,alcohol,6257888,55.0,239.0,211.0,257.0,50.0,24.0,25.0,2.0,2.0,10.0,30.0,2.0,255.0,alcohol,180,10,1
85.49216103553772,alcohol,6258142,55.0,238.0,211.0,256.0,50.0,24.0,25.0,2.0,2.0,10.0,30.0,2.0,255.0,alcohol,180,10,1
85.74775195121765,alcohol,6258395,55.0,239.0,211.0,257.0,50.0,24.0,25.0,2.0,2.0,10.0,30.0,2.0,255.0,alcohol,180,10,1
85.99919199943542,alcohol,6258648,54.0,238.0,211.0,256.0,50.0,24.0,25.0,2.0,2.0,10.0,30.0,2.0,255.0,alcohol,180,10,1
86.25250506401062,alcohol,6258902,54.0,238.0,211.0,257.0,50.0,24.0,25.0,2.0,2.0,10.0,30.0,2.0,255.0,alcohol,180,10,1
86.50628995895386,alcohol,6259154,54.0,238.0,211.0,256.0,49.0,24.0,25.0,2.0,2.0,10.0,30.0,2.0,255.0,alcohol,180,10,1
86.75939106941223,alcohol,6259408,54.0,238.0,211.0,257.0,50.0,24.0,25.0,2.0,2.0,10.0,30.0,2.0,255.0,alcohol,180,10,1
87.01203846931458,alcohol,6259661,54.0,238.0,211.0,256.0,50.0,24.0,25.0,2.0,2.0,10.0,30.0,2.0,255.0,alcohol,180,10,1
87.26573395729065,alcohol,6259915,54.0,238.0,211.0,257.0,50.0,24.0,25.0,2.0,2.0,10.0,30.0,2.0,255.0,alcohol,180,10,1
87.51991963386536,alcohol,6260168,53.0,238.0,210.0,256.0,49.0,24.0,25.0,2.0,2.0,10.0,30.0,2.0,255.0,alcohol,180,10,1
87.77390813827515,alcohol,6260422,53.0,238.0,211.0,257.0,49.0,24.0,25.0,2.0,2.0,10.0,30.0,2.0,255.0,alcohol,180,10,1
88.0261459350586,alcohol,6260675,53.0,238.0,211.0,256.0,48.0,24.0,25.0,2.0,2.0,10.0,30.0,2.0,255.0,alcohol,180,10,1
88.28015971183777,alcohol,6260929,53.0,238.0,211.0,257.0,49.0,24.0,25.0,2.0,2.0,10.0,30.0,2.0,255.0,alcohol,180,10,1
88.53315210342407,alcohol,6261182,53.0,238.0,211.0,256.0,49.0,24.0,25.0,2.0,2.0,10.0,30.0,2.0,255.0,alcohol,180,10,1
88.78665924072266,alcohol,6261435,53.0,238.0,211.0,257.0,49.0,24.0,25.0,2.0,2.0,10.0,30.0,2.0,255.0,alcohol,180,10,1
89.0399079322815,alcohol,6261689,53.0,238.0,211.0,255.0,49.0,24.0,25.0,2.0,2.0,10.0,30.0,2.0,255.0,alcohol,180,10,1
89.29437780380249,alcohol,6261942,53.0,238.0,211.0,257.0,49.0,24.0,25.0,2.0,2.0,10.0,30.0,2.0,255.0,alcohol,180,10,1
89.54673528671265,alcohol,6262196,52.0,237.0,210.0,255.0,48.0,24.0,25.0,2.0,2.0,10.0,30.0,2.0,255.0,alcohol,180,10,1
89.80091285705566,alcohol,6262449,52.0,238.0,211.0,256.0,48.0,24.0,25.0,2.0,2.0,10.0,30.0,2.0,255.0,alcohol,180,10,1
90.05334973335266,alcohol,6262703,52.0,237.0,210.0,255.0,48.0,24.0,25.0,2.0,2.0,10.0,30.0,2.0,255.0,alcohol,180,10,1
90.306480884552,alcohol,6262956,52.0,237.0,211.0,256.0,48.0,24.0,25.0,2.0,2.0,10.0,30.0,2.0,255.0,alcohol,180,10,1
90.56142783164978,alcohol,6263209,51.0,237.0,210.0,255.0,47.0,24.0,25.0,2.0,2.0,10.0,30.0,2.0,255.0,alcohol,180,10,1
90.81368112564087,alcohol,6263462,52.0,237.0,210.0,256.0,48.0,24.0,25.0,2.0,2.0,10.0,30.0,2.0,255.0,alcohol,180,10,1
91.06816840171814,alcohol,6263715,51.0,237.0,210.0,255.0,47.0,24.0,25.0,2.0,2.0,10.0,30.0,2.0,255.0,alcohol,180,10,1
91.32051253318787,alcohol,6263969,52.0,238.0,211.0,257.0,48.0,24.0,25.0,2.0,2.0,10.0,30.0,2.0,255.0,alcohol,180,10,1
91.57321000099182,alcohol,6264222,52.0,238.0,210.0,255.0,48.0,24.0,25.0,2.0,2.0,10.0,30.0,2.0,255.0,alcohol,180,10,1
91.84776782989502,alcohol,6264476,52.0,238.0,211.0,257.0,48.0,24.0,25.0,2.0,2.0,10.0,30.0,2.0,255.0,alcohol,180,10,1
92.08055830001831,alcohol,6264729,52.0,237.0,210.0,256.0,48.0,24.0,25.0,2.0,2.0,10.0,30.0,2.0,255.0,alcohol,180,10,1
92.34647607803345,alcohol,6264983,52.0,237.0,211.0,256.0,48.0,24.0,25.0,2.0,2.0,10.0,30.0,2.0,255.0,alcohol,180,10,1
92.58777570724487,alcohol,6265236,51.0,237.0,210.0,255.0,47.0,24.0,25.0,2.0,2.0,10.0,30.0,2.0,255.0,alcohol,180,10,1
92.84021472930908,alcohol,6265490,51.0,237.0,211.0,256.0,47.0,24.0,25.0,2.0,2.0,10.0,30.0,2.0,255.0,alcohol,180,10,1
93.09431576728821,alcohol,6265743,51.0,237.0,210.0,255.0,47.0,24.0,25.0,2.0,2.0,10.0,30.0,2.0,255.0,alcohol,180,10,1
93.34699296951294,alcohol,6265996,51.0,237.0,210.0,256.0,47.0,24.0,25.0,2.0,2.0,10.0,30.0,2.0,255.0,alcohol,180,10,1
93.60042023658752,alcohol,6266250,50.0,237.0,210.0,255.0,47.0,24.0,25.0,2.0,2.0,10.0,30.0,2.0,255.0,alcohol,180,10,1
93.85506415367126,alcohol,6266503,51.0,237.0,210.0,257.0,47.0,24.0,25.0,2.0,2.0,10.0,30.0,2.0,255.0,alcohol,180,10,1
94.107666015625,alcohol,6266757,51.0,237.0,210.0,256.0,48.0,24.0,25.0,2.0,2.0,10.0,30.0,2.0,255.0,alcohol,180,10,1
94.36161661148071,alcohol,6267010,52.0,238.0,211.0,257.0,48.0,24.0,25.0,2.0,2.0,10.0,30.0,2.0,255.0,alcohol,180,10,1
94.61440682411194,alcohol,6267264,51.0,237.0,210.0,256.0,48.0,24.0,25.0,2.0,2.0,10.0,30.0,2.0,255.0,alcohol,180,10,1
94.86884069442749,alcohol,6267516,52.0,238.0,211.0,257.0,48.0,24.0,25.0,2.0,2.0,10.0,30.0,2.0,255.0,alcohol,180,10,1
95.1224753856659,alcohol,6267770,51.0,237.0,210.0,256.0,48.0,24.0,25.0,2.0,2.0,10.0,30.0,2.0,255.0,alcohol,180,10,1
95.37479162216187,alcohol,6268023,52.0,237.0,211.0,257.0,48.0,24.0,25.0,2.0,2.0,10.0,30.0,2.0,255.0,alcohol,180,10,1
95.63017511367798,alcohol,6268276,51.0,237.0,210.0,256.0,48.0,24.0,25.0,2.0,2.0,10.0,30.0,2.0,255.0,alcohol,180,10,1
95.88146710395813,alcohol,6268530,52.0,238.0,211.0,257.0,48.0,24.0,25.0,2.0,2.0,10.0,30.0,2.0,255.0,alcohol,180,10,1
96.13570809364319,alcohol,6268783,52.0,238.0,211.0,256.0,48.0,24.0,25.0,2.0,2.0,10.0,30.0,2.0,255.0,alcohol,180,10,1
96.3884060382843,alcohol,6269037,52.0,238.0,211.0,257.0,49.0,24.0,25.0,2.0,2.0,10.0,30.0,2.0,255.0,alcohol,180,10,1
96.64231324195862,alcohol,6269290,52.0,238.0,211.0,256.0,49.0,24.0,25.0,2.0,2.0,10.0,30.0,2.0,255.0,alcohol,180,10,1
96.89600777626038,alcohol,6269544,52.0,238.0,211.0,257.0,49.0,24.0,25.0,2.0,2.0,10.0,30.0,2.0,255.0,alcohol,180,10,1
97.1485824584961,alcohol,6269797,52.0,237.0,210.0,256.0,49.0,24.0,25.0,2.0,2.0,10.0,30.0,2.0,255.0,alcohol,180,10,1
97.40238642692566,alcohol,6270051,52.0,238.0,211.0,257.0,49.0,24.0,25.0,2.0,2.0,10.0,30.0,2.0,255.0,alcohol,180,10,1
97.65587258338928,alcohol,6270304,51.0,237.0,210.0,256.0,48.0,24.0,25.0,2.0,2.0,10.0,30.0,2.0,255.0,alcohol,180,10,1
97.90815210342407,alcohol,6270557,52.0,237.0,211.0,257.0,48.0,24.0,25.0,2.0,2.0,10.0,30.0,2.0,255.0,alcohol,180,10,1
98.16208171844482,alcohol,6270811,51.0,237.0,210.0,256.0,48.0,24.0,25.0,2.0,2.0,10.0,30.0,2.0,255.0,alcohol,180,10,1
98.41592168807983,alcohol,6271064,51.0,237.0,211.0,257.0,48.0,24.0,25.0,2.0,2.0,10.0,30.0,2.0,255.0,alcohol,180,10,1
98.67039203643799,alcohol,6271318,51.0,237.0,210.0,256.0,48.0,24.0,25.0,2.0,2.0,10.0,30.0,2.0,255.0,alcohol,180,10,1
98.92306542396545,alcohol,6271570,52.0,238.0,211.0,257.0,48.0,24.0,25.0,2.0,2.0,10.0,30.0,2.0,255.0,alcohol,180,10,1
99.1755051612854,alcohol,6271824,52.0,237.0,210.0,256.0,48.0,24.0,25.0,2.0,2.0,10.0,30.0,2.0,255.0,alcohol,180,10,1
99.428626537323,alcohol,6272077,52.0,237.0,211.0,257.0,48.0,24.0,25.0,2.0,2.0,10.0,30.0,2.0,255.0,alcohol,180,10,1
99.6822521686554,alcohol,6272331,52.0,238.0,211.0,256.0,48.0,24.0,25.0,2.0,2.0,10.0,30.0,2.0,255.0,alcohol,180,10,1
99.93552803993225,alcohol,6272584,53.0,239.0,211.0,257.0,49.0,24.0,25.0,2.0,2.0,10.0,30.0,2.0,255.0,alcohol,180,10,1
100.18906044960022,alcohol,6272838,53.0,239.0,211.0,256.0,49.0,24.0,25.0,2.0,2.0,10.0,30.0,2.0,255.0,alcohol,180,10,1
100.4631175994873,alcohol,6273091,54.0,239.0,211.0,258.0,50.0,24.0,25.0,2.0,2.0,10.0,30.0,2.0,255.0,alcohol,180,10,1
100.6953637599945,alcohol,6273344,53.0,238.0,211.0,256.0,49.0,24.0,25.0,2.0,2.0,10.0,30.0,2.0,255.0,alcohol,180,10,1
100.94984078407288,alcohol,6273598,53.0,238.0,211.0,257.0,50.0,24.0,25.0,2.0,2.0,10.0,30.0,2.0,255.0,alcohol,180,10,1
101.20205211639404,alcohol,6273851,53.0,238.0,211.0,256.0,49.0,24.0,25.0,2.0,2.0,10.0,30.0,2.0,255.0,alcohol,180,10,1
101.45610618591309,alcohol,6274105,53.0,238.0,211.0,257.0,50.0,24.0,25.0,2.0,2.0,10.0,30.0,2.0,255.0,alcohol,180,10,1
101.70920085906982,alcohol,6274358,53.0,238.0,211.0,256.0,50.0,24.0,25.0,2.0,2.0,10.0,30.0,2.0,255.0,alcohol,180,10,1
101.9635717868805,alcohol,6274612,54.0,238.0,211.0,257.0,51.0,24.0,25.0,2.0,2.0,10.0,30.0,2.0,255.0,alcohol,180,10,1
102.21751093864441,alcohol,6274865,53.0,238.0,211.0,256.0,51.0,24.0,25.0,2.0,2.0,10.0,30.0,2.0,255.0,alcohol,180,10,1
102.47026252746582,alcohol,6275119,55.0,239.0,212.0,258.0,52.0,24.0,25.0,2.0,2.0,10.0,30.0,2.0,255.0,alcohol,180,10,1
102.72367477416992,alcohol,6275372,55.0,239.0,211.0,257.0,53.0,24.0,25.0,2.0,2.0,10.0,30.0,2.0,255.0,alcohol,180,10,1
102.97731971740723,alcohol,6275624,56.0,240.0,212.0,258.0,53.0,24.0,25.0,2.0,2.0,10.0,30.0,2.0,255.0,alcohol,180,10,1
103.22942042350769,alcohol,6275878,56.0,239.0,212.0,257.0,53.0,24.0,25.0,2.0,2.0,10.0,30.0,2.0,255.0,alcohol,180,10,1
103.48384189605713,alcohol,6276131,57.0,240.0,212.0,258.0,54.0,24.0,25.0,2.0,2.0,10.0,30.0,2.0,255.0,alcohol,180,10,1
103.7563910484314,alcohol,6276385,56.0,239.0,211.0,256.0,53.0,24.0,25.0,2.0,2.0,10.0,30.0,2.0,255.0,alcohol,180,10,1
103.98964738845825,alcohol,6276638,57.0,240.0,212.0,257.0,53.0,24.0,25.0,2.0,2.0,10.0,30.0,2.0,255.0,alcohol,180,10,1
104.24329900741577,alcohol,6276892,57.0,239.0,211.0,256.0,53.0,24.0,25.0,2.0,2.0,10.0,30.0,2.0,255.0,alcohol,180,10,1
104.49636244773865,alcohol,6277145,57.0,240.0,212.0,258.0,54.0,24.0,25.0,2.0,2.0,10.0,30.0,2.0,255.0,alcohol,180,10,1
104.7513210773468,alcohol,6277399,57.0,240.0,212.0,257.0,55.0,24.0,25.0,2.0,2.0,10.0,30.0,2.0,255.0,alcohol,180,10,1
105.00398254394531,alcohol,6277652,58.0,240.0,212.0,258.0,56.0,24.0,25.0,2.0,2.0,10.0,30.0,2.0,255.0,alcohol,180,10,1
105.2563898563385,alcohol,6277905,58.0,240.0,212.0,257.0,56.0,24.0,25.0,2.0,2.0,10.0,30.0,2.0,255.0,alcohol,180,10,1
105.5102276802063,alcohol,6278159,58.0,240.0,212.0,258.0,56.0,24.0,25.0,2.0,2.0,10.0,30.0,2.0,255.0,alcohol,180,10,1
105.76319479942322,alcohol,6278412,58.0,240.0,211.0,257.0,55.0,24.0,25.0,2.0,2.0,10.0,30.0,2.0,255.0,alcohol,180,10,1
106.01913356781006,alcohol,6278666,59.0,240.0,212.0,258.0,57.0,24.0,25.0,2.0,2.0,10.0,30.0,2.0,255.0,alcohol,180,10,1
106.27063417434692,alcohol,6278919,58.0,240.0,211.0,256.0,56.0,24.0,25.0,2.0,2.0,10.0,30.0,2.0,255.0,alcohol,180,10,1
106.5228111743927,alcohol,6279173,58.0,240.0,212.0,258.0,56.0,24.0,25.0,2.0,2.0,10.0,30.0,2.0,255.0,alcohol,180,10,1
106.7787561416626,alcohol,6279426,57.0,239.0,211.0,256.0,54.0,24.0,25.0,2.0,2.0,10.0,30.0,2.0,255.0,alcohol,180,10,1
107.02969861030579,alcohol,6279680,57.0,239.0,211.0,257.0,54.0,24.0,25.0,2.0,2.0,10.0,30.0,2.0,255.0,alcohol,180,10,1
107.29544281959534,alcohol,6279932,57.0,239.0,211.0,256.0,53.0,24.0,25.0,2.0,2.0,10.0,30.0,2.0,255.0,alcohol,180,10,1
107.54006886482239,alcohol,6280185,57.0,239.0,211.0,257.0,53.0,24.0,25.0,2.0,2.0,10.0,30.0,2.0,255.0,alcohol,180,10,1
107.79012298583984,alcohol,6280439,56.0,239.0,211.0,256.0,53.0,24.0,25.0,2.0,2.0,10.0,30.0,2.0,255.0,alcohol,180,10,1
108.04400610923767,alcohol,6280692,57.0,239.0,211.0,257.0,53.0,24.0,25.0,2.0,2.0,10.0,30.0,2.0,255.0,alcohol,180,10,1
108.29860925674438,alcohol,6280946,56.0,239.0,211.0,256.0,53.0,24.0,25.0,2.0,2.0,10.0,30.0,2.0,255.0,alcohol,180,10,1
108.55033040046692,alcohol,6281199,56.0,239.0,211.0,257.0,53.0,24.0,25.0,2.0,2.0,10.0,30.0,2.0,255.0,alcohol,180,10,1
108.80489468574524,alcohol,6281453,56.0,239.0,211.0,256.0,52.0,24.0,25.0,2.0,2.0,10.0,30.0,2.0,255.0,alcohol,180,10,1
109.05726432800293,alcohol,6281706,57.0,240.0,212.0,258.0,54.0,24.0,25.0,2.0,2.0,10.0,30.0,2.0,255.0,alcohol,180,10,1
109.31084489822388,alcohol,6281960,57.0,239.0,211.0,256.0,53.0,24.0,25.0,2.0,2.0,10.0,30.0,2.0,255.0,alcohol,180,10,1
109.56445837020874,alcohol,6282213,57.0,239.0,212.0,258.0,54.0,24.0,25.0,2.0,2.0,10.0,30.0,2.0,255.0,alcohol,180,10,1
109.81772494316101,alcohol,6282466,56.0,239.0,211.0,256.0,53.0,24.0,25.0,2.0,2.0,10.0,30.0,2.0,255.0,alcohol,180,10,1
110.07152152061462,alcohol,6282720,57.0,239.0,212.0,258.0,53.0,24.0,25.0,2.0,2.0,10.0,30.0,2.0,255.0,alcohol,180,10,1
110.32472372055054,alcohol,6282973,56.0,239.0,211.0,256.0,53.0,24.0,25.0,2.0,2.0,10.0,30.0,2.0,255.0,alcohol,180,10,1
110.57789325714111,alcohol,6283227,56.0,239.0,212.0,258.0,53.0,24.0,25.0,2.0,2.0,10.0,30.0,2.0,255.0,alcohol,180,10,1
110.83166766166687,alcohol,6283480,56.0,239.0,211.0,256.0,53.0,24.0,25.0,2.0,2.0,10.0,30.0,2.0,255.0,alcohol,180,10,1
111.08418607711792,alcohol,6283734,56.0,239.0,212.0,258.0,53.0,24.0,25.0,2.0,2.0,10.0,30.0,2.0,255.0,alcohol,180,10,1
111.33953499794006,alcohol,6283986,56.0,240.0,211.0,257.0,53.0,24.0,25.0,2.0,2.0,10.0,30.0,2.0,255.0,alcohol,180,10,1
111.59199023246765,alcohol,6284240,57.0,240.0,212.0,258.0,54.0,24.0,25.0,2.0,2.0,10.0,30.0,2.0,255.0,alcohol,180,10,1
111.84614562988281,alcohol,6284493,57.0,239.0,211.0,256.0,53.0,24.0,25.0,2.0,2.0,10.0,30.0,2.0,255.0,alcohol,180,10,1
112.10425567626953,alcohol,6284746,57.0,239.0,212.0,258.0,53.0,24.0,25.0,2.0,2.0,10.0,30.0,2.0,255.0,alcohol,180,10,1
112.35184383392334,alcohol,6285000,56.0,239.0,211.0,257.0,53.0,24.0,25.0,2.0,2.0,10.0,30.0,2.0,255.0,alcohol,180,10,1
112.60687565803528,alcohol,6285253,56.0,239.0,211.0,258.0,53.0,24.0,25.0,2.0,2.0,10.0,30.0,2.0,255.0,alcohol,180,10,1
112.85911631584167,alcohol,6285507,55.0,239.0,211.0,257.0,52.0,24.0,25.0,2.0,2.0,10.0,30.0,2.0,255.0,alcohol,180,10,1
113.11300492286682,alcohol,6285760,55.0,239.0,212.0,258.0,52.0,24.0,25.0,2.0,2.0,10.0,30.0,2.0,255.0,alcohol,180,10,1
113.36570286750793,alcohol,6286014,55.0,239.0,211.0,257.0,52.0,24.0,25.0,2.0,2.0,10.0,30.0,2.0,255.0,alcohol,180,10,1
113.61790370941162,alcohol,6286267,55.0,239.0,212.0,258.0,52.0,24.0,25.0,2.0,2.0,10.0,30.0,2.0,255.0,alcohol,180,10,1
113.87239623069763,alcohol,6286521,55.0,239.0,211.0,257.0,52.0,24.0,25.0,2.0,2.0,10.0,30.0,2.0,255.0,alcohol,180,10,1
114.12567138671875,alcohol,6286774,56.0,239.0,212.0,258.0,53.0,24.0,25.0,2.0,2.0,10.0,30.0,2.0,255.0,alcohol,180,10,1
114.37906765937805,alcohol,6287028,55.0,239.0,212.0,257.0,53.0,24.0,25.0,2.0,2.0,10.0,30.0,2.0,255.0,alcohol,180,10,1
114.63207912445068,alcohol,6287281,56.0,239.0,212.0,258.0,53.0,24.0,25.0,2.0,2.0,10.0,30.0,2.0,255.0,alcohol,180,10,1
114.88621473312378,alcohol,6287534,55.0,239.0,211.0,257.0,53.0,24.0,25.0,2.0,2.0,10.0,30.0,2.0,255.0,alcohol,180,10,1
115.13919615745544,alcohol,6287788,55.0,239.0,212.0,258.0,53.0,24.0,25.0,2.0,2.0,10.0,30.0,2.0,255.0,alcohol,180,10,1
115.392986536026,alcohol,6288040,55.0,239.0,211.0,257.0,53.0,24.0,25.0,2.0,2.0,10.0,30.0,2.0,255.0,alcohol,180,10,1
115.64597797393799,alcohol,6288294,55.0,239.0,212.0,258.0,53.0,24.0,25.0,2.0,2.0,10.0,30.0,2.0,255.0,alcohol,180,10,1
115.8993399143219,alcohol,6288547,54.0,239.0,211.0,257.0,52.0,24.0,25.0,2.0,2.0,10.0,30.0,2.0,255.0,alcohol,180,10,1
116.15388894081116,alcohol,6288801,55.0,239.0,212.0,258.0,52.0,24.0,25.0,2.0,2.0,10.0,30.0,2.0,255.0,alcohol,180,10,1
116.42897415161133,alcohol,6289054,54.0,239.0,211.0,257.0,52.0,24.0,25.0,2.0,2.0,10.0,30.0,2.0,255.0,alcohol,180,10,1
116.65917205810547,alcohol,6289308,55.0,239.0,212.0,258.0,53.0,24.0,25.0,2.0,2.0,10.0,30.0,2.0,255.0,alcohol,180,10,1
116.91247797012329,alcohol,6289561,55.0,239.0,212.0,257.0,52.0,24.0,25.0,2.0,2.0,10.0,30.0,2.0,255.0,alcohol,180,10,1
117.16642451286316,alcohol,6289814,55.0,239.0,212.0,258.0,53.0,24.0,25.0,2.0,2.0,10.0,30.0,2.0,255.0,alcohol,180,10,1
117.42115116119385,alcohol,6290068,54.0,238.0,211.0,257.0,52.0,24.0,25.0,2.0,2.0,10.0,30.0,2.0,255.0,alcohol,180,10,1
117.67283535003662,alcohol,6290321,55.0,239.0,212.0,258.0,53.0,24.0,25.0,2.0,2.0,10.0,30.0,2.0,255.0,alcohol,180,10,1
117.92613196372986,alcohol,6290575,54.0,239.0,212.0,257.0,52.0,24.0,25.0,2.0,2.0,10.0,30.0,2.0,255.0,alcohol,180,10,1
118.17923641204834,alcohol,6290828,55.0,239.0,212.0,258.0,52.0,24.0,25.0,2.0,2.0,10.0,30.0,2.0,255.0,alcohol,180,10,1
118.43635487556458,alcohol,6291082,54.0,239.0,212.0,257.0,52.0,24.0,25.0,2.0,2.0,10.0,30.0,2.0,255.0,alcohol,180,10,1
118.68679332733154,alcohol,6291335,55.0,239.0,212.0,258.0,52.0,24.0,25.0,2.0,2.0,10.0,30.0,2.0,255.0,alcohol,180,10,1
118.94108271598816,alcohol,6291589,55.0,239.0,212.0,257.0,52.0,24.0,25.0,2.0,2.0,10.0,30.0,2.0,255.0,alcohol,180,10,1
119.19383001327515,alcohol,6291842,55.0,239.0,212.0,258.0,52.0,24.0,25.0,2.0,2.0,10.0,30.0,2.0,255.0,alcohol,180,10,1
119.44720888137817,alcohol,6292094,55.0,239.0,212.0,257.0,52.0,24.0,25.0,2.0,2.0,10.0,30.0,2.0,255.0,alcohol,180,10,1
119.70021748542786,alcohol,6292348,55.0,239.0,212.0,258.0,53.0,24.0,25.0,2.0,2.0,10.0,30.0,2.0,255.0,alcohol,180,10,1
119.95331287384033,alcohol,6292601,54.0,239.0,212.0,257.0,52.0,24.0,25.0,2.0,2.0,10.0,30.0,2.0,255.0,alcohol,180,10,1
120.20676374435425,alcohol,6292855,55.0,239.0,212.0,258.0,53.0,24.0,25.0,2.0,2.0,10.0,30.0,2.0,255.0,alcohol,180,10,1
120.46029424667358,alcohol,6293108,54.0,239.0,212.0,257.0,52.0,24.0,25.0,2.0,2.0,10.0,30.0,2.0,255.0,alcohol,180,10,1
120.71559047698975,alcohol,6293362,55.0,240.0,212.0,258.0,53.0,24.0,25.0,2.0,2.0,10.0,30.0,2.0,255.0,alcohol,180,10,1
120.96825194358826,alcohol,6293615,55.0,239.0,212.0,257.0,52.0,24.0,25.0,2.0,2.0,10.0,30.0,2.0,255.0,alcohol,180,10,1
121.22141909599304,alcohol,6293869,55.0,240.0,212.0,258.0,53.0,24.0,25.0,2.0,2.0,10.0,30.0,2.0,255.0,alcohol,180,10,1
121.47425317764282,alcohol,6294122,55.0,239.0,212.0,257.0,52.0,24.0,25.0,2.0,2.0,10.0,30.0,2.0,255.0,alcohol,180,10,1
121.7273199558258,alcohol,6294375,54.0,239.0,212.0,258.0,52.0,24.0,25.0,2.0,2.0,10.0,30.0,2.0,255.0,alcohol,180,10,1
121.98035192489624,alcohol,6294629,54.0,239.0,212.0,256.0,52.0,24.0,25.0,2.0,2.0,10.0,30.0,2.0,255.0,alcohol,180,10,1
122.2341742515564,alcohol,6294882,54.0,239.0,212.0,258.0,52.0,24.0,25.0,2.0,2.0,10.0,30.0,2.0,255.0,alcohol,180,10,1
122.48764371871948,alcohol,6295136,53.0,238.0,212.0,256.0,51.0,24.0,25.0,2.0,2.0,10.0,30.0,2.0,255.0,alcohol,180,10,1
122.7401807308197,alcohol,6295389,53.0,239.0,212.0,258.0,51.0,24.0,25.0,2.0,2.0,10.0,30.0,2.0,255.0,alcohol,180,10,1
122.99488997459412,alcohol,6295643,53.0,238.0,212.0,256.0,50.0,24.0,25.0,2.0,2.0,10.0,30.0,2.0,255.0,alcohol,180,10,1
123.24789071083069,alcohol,6295896,53.0,238.0,212.0,258.0,50.0,24.0,25.0,2.0,2.0,10.0,30.0,2.0,255.0,alcohol,180,10,1
123.49998235702515,alcohol,6296150,52.0,238.0,212.0,256.0,50.0,24.0,25.0,2.0,2.0,10.0,30.0,2.0,255.0,alcohol,180,10,1
123.75437235832214,alcohol,6296402,52.0,238.0,212.0,258.0,50.0,24.0,25.0,2.0,2.0,10.0,30.0,2.0,255.0,alcohol,180,10,1
124.00697064399719,alcohol,6296655,52.0,238.0,211.0,256.0,49.0,24.0,25.0,2.0,2.0,10.0,30.0,2.0,255.0,alcohol,180,10,1
124.26125311851501,alcohol,6296909,52.0,238.0,212.0,258.0,50.0,24.0,25.0,2.0,2.0,10.0,30.0,2.0,255.0,alcohol,180,10,1
124.51438546180725,alcohol,6297162,51.0,238.0,211.0,256.0,49.0,24.0,25.0,2.0,2.0,10.0,30.0,2.0,255.0,alcohol,180,10,1
124.7681233882904,alcohol,6297416,51.0,238.0,212.0,257.0,49.0,24.0,25.0,2.0,2.0,10.0,30.0,2.0,255.0,alcohol,180,10,1
125.02266144752502,alcohol,6297669,51.0,237.0,211.0,256.0,48.0,24.0,25.0,2.0,2.0,10.0,30.0,2.0,255.0,alcohol,180,10,1
125.27492165565491,alcohol,6297923,51.0,238.0,211.0,257.0,49.0,24.0,25.0,2.0,2.0,10.0,30.0,2.0,255.0,alcohol,180,10,1
125.53099632263184,alcohol,6298176,50.0,237.0,211.0,256.0,48.0,24.0,25.0,2.0,2.0,10.0,30.0,2.0,255.0,alcohol,180,10,1
125.78145384788513,alcohol,6298430,51.0,238.0,211.0,257.0,49.0,24.0,25.0,2.0,2.0,10.0,30.0,2.0,255.0,alcohol,180,10,1
126.03422784805298,alcohol,6298683,50.0,237.0,211.0,256.0,48.0,24.0,25.0,2.0,2.0,10.0,30.0,2.0,255.0,alcohol,180,10,1
126.28789019584656,alcohol,6298936,50.0,238.0,212.0,258.0,49.0,24.0,25.0,2.0,2.0,10.0,30.0,2.0,255.0,alcohol,180,10,1
126.54140639305115,alcohol,6299190,50.0,237.0,211.0,256.0,48.0,24.0,25.0,2.0,2.0,10.0,30.0,2.0,255.0,alcohol,180,10,1
126.79505801200867,alcohol,6299443,50.0,238.0,212.0,257.0,48.0,24.0,25.0,2.0,2.0,10.0,30.0,2.0,255.0,alcohol,180,10,1
127.04853940010071,alcohol,6299697,50.0,237.0,211.0,256.0,48.0,24.0,25.0,2.0,2.0,10.0,30.0,2.0,255.0,alcohol,180,10,1
127.32251286506653,alcohol,6299950,50.0,238.0,211.0,257.0,48.0,24.0,25.0,2.0,2.0,10.0,30.0,2.0,255.0,alcohol,180,10,1
127.55483174324036,alcohol,6300204,49.0,237.0,211.0,256.0,48.0,24.0,25.0,2.0,2.0,10.0,30.0,2.0,255.0,alcohol,180,10,1
127.80864977836609,alcohol,6300456,50.0,237.0,211.0,257.0,48.0,24.0,25.0,2.0,2.0,10.0,30.0,2.0,255.0,alcohol,180,10,1
128.06180667877197,alcohol,6300710,49.0,237.0,211.0,256.0,47.0,24.0,25.0,2.0,2.0,10.0,30.0,2.0,255.0,alcohol,180,10,1
128.31569838523865,alcohol,6300963,49.0,237.0,211.0,257.0,47.0,24.0,25.0,2.0,2.0,10.0,30.0,2.0,255.0,alcohol,180,10,1
128.56799125671387,alcohol,6301216,49.0,237.0,211.0,256.0,47.0,24.0,25.0,2.0,2.0,10.0,30.0,2.0,255.0,alcohol,180,10,1
128.82277083396912,alcohol,6301470,49.0,237.0,211.0,257.0,47.0,24.0,25.0,2.0,2.0,10.0,30.0,2.0,255.0,alcohol,180,10,1
129.0748586654663,alcohol,6301723,49.0,237.0,211.0,256.0,47.0,24.0,25.0,2.0,2.0,10.0,30.0,2.0,255.0,alcohol,180,10,1
129.3286600112915,alcohol,6301977,49.0,237.0,211.0,257.0,47.0,24.0,25.0,2.0,2.0,10.0,30.0,2.0,255.0,alcohol,180,10,1
129.58520007133484,alcohol,6302230,48.0,237.0,211.0,256.0,47.0,24.0,25.0,2.0,2.0,10.0,30.0,2.0,255.0,alcohol,180,10,1
129.83515405654907,alcohol,6302484,49.0,237.0,211.0,257.0,47.0,24.0,25.0,2.0,2.0,10.0,30.0,2.0,255.0,alcohol,180,10,1
130.09342503547668,alcohol,6302737,48.0,237.0,211.0,256.0,46.0,24.0,25.0,2.0,2.0,10.0,30.0,2.0,255.0,alcohol,180,10,1
130.34440231323242,alcohol,6302991,48.0,237.0,211.0,257.0,46.0,24.0,25.0,2.0,2.0,10.0,30.0,2.0,255.0,alcohol,180,10,1
130.595440864563,alcohol,6303244,48.0,237.0,211.0,255.0,46.0,24.0,25.0,2.0,2.0,10.0,30.0,2.0,255.0,alcohol,180,10,1
130.84949707984924,alcohol,6303498,48.0,237.0,211.0,257.0,46.0,24.0,25.0,2.0,2.0,10.0,30.0,2.0,255.0,alcohol,180,10,1
131.103777885437,alcohol,6303751,48.0,237.0,211.0,255.0,46.0,24.0,25.0,2.0,2.0,10.0,30.0,2.0,255.0,alcohol,180,10,1
131.35621190071106,alcohol,6304004,48.0,237.0,211.0,257.0,46.0,24.0,25.0,2.0,2.0,10.0,30.0,2.0,255.0,alcohol,180,10,1
131.60962414741516,alcohol,6304258,48.0,237.0,211.0,255.0,46.0,24.0,25.0,2.0,2.0,10.0,30.0,2.0,255.0,alcohol,180,10,1
131.86310362815857,alcohol,6304510,48.0,237.0,211.0,257.0,46.0,24.0,25.0,2.0,2.0,10.0,30.0,2.0,255.0,alcohol,180,10,1
132.11781001091003,alcohol,6304764,48.0,237.0,211.0,256.0,46.0,24.0,25.0,2.0,2.0,10.0,30.0,2.0,255.0,alcohol,180,10,1
132.37064170837402,alcohol,6305017,48.0,237.0,211.0,257.0,46.0,24.0,25.0,2.0,2.0,10.0,30.0,2.0,255.0,alcohol,180,10,1
132.62264466285706,alcohol,6305271,47.0,237.0,211.0,256.0,46.0,24.0,25.0,2.0,2.0,10.0,30.0,2.0,255.0,alcohol,180,10,1
132.87613129615784,alcohol,6305524,48.0,237.0,211.0,257.0,46.0,24.0,25.0,2.0,2.0,10.0,30.0,2.0,255.0,alcohol,180,10,1
133.12886333465576,alcohol,6305778,47.0,237.0,211.0,256.0,45.0,24.0,25.0,2.0,2.0,10.0,30.0,2.0,255.0,alcohol,180,10,1
133.3836236000061,alcohol,6306031,48.0,237.0,211.0,257.0,46.0,24.0,25.0,2.0,2.0,10.0,30.0,2.0,255.0,alcohol,180,10,1
133.63570046424866,alcohol,6306284,47.0,237.0,211.0,256.0,45.0,24.0,25.0,2.0,2.0,10.0,30.0,2.0,255.0,alcohol,180,10,1
133.88955998420715,alcohol,6306538,47.0,237.0,211.0,257.0,46.0,24.0,25.0,2.0,2.0,10.0,30.0,2.0,255.0,alcohol,180,10,1
134.14342141151428,alcohol,6306791,47.0,236.0,211.0,255.0,45.0,24.0,25.0,2.0,2.0,10.0,30.0,2.0,255.0,alcohol,180,10,1
134.3961639404297,alcohol,6307045,47.0,237.0,211.0,256.0,45.0,24.0,25.0,2.0,2.0,10.0,30.0,2.0,255.0,alcohol,180,10,1
134.6498508453369,alcohol,6307298,47.0,236.0,211.0,255.0,45.0,24.0,25.0,2.0,2.0,10.0,30.0,2.0,255.0,alcohol,180,10,1
134.90318727493286,alcohol,6307552,47.0,237.0,211.0,256.0,45.0,24.0,25.0,2.0,2.0,10.0,30.0,2.0,255.0,alcohol,180,10,1
135.15646266937256,alcohol,6307805,47.0,236.0,211.0,255.0,45.0,24.0,25.0,2.0,2.0,10.0,30.0,2.0,255.0,alcohol,180,10,1
135.41040301322937,alcohol,6308059,47.0,236.0,211.0,256.0,45.0,24.0,25.0,2.0,2.0,10.0,30.0,2.0,255.0,alcohol,180,10,1
135.66287112236023,alcohol,6308312,46.0,236.0,211.0,255.0,45.0,24.0,25.0,2.0,2.0,10.0,30.0,2.0,255.0,alcohol,180,10,1
135.91658782958984,alcohol,6308564,47.0,236.0,211.0,256.0,45.0,24.0,25.0,2.0,2.0,10.0,30.0,2.0,255.0,alcohol,180,10,1
136.16963124275208,alcohol,6308818,46.0,236.0,211.0,255.0,44.0,24.0,25.0,2.0,2.0,10.0,30.0,2.0,255.0,alcohol,180,10,1
136.42281341552734,alcohol,6309071,47.0,236.0,211.0,256.0,45.0,24.0,25.0,2.0,2.0,10.0,30.0,2.0,255.0,alcohol,180,10,1
136.67691588401794,alcohol,6309325,46.0,236.0,211.0,255.0,44.0,24.0,25.0,2.0,2.0,10.0,30.0,2.0,255.0,alcohol,180,10,1
136.929940700531,alcohol,6309578,46.0,236.0,211.0,256.0,44.0,24.0,25.0,2.0,2.0,10.0,30.0,2.0,255.0,alcohol,180,10,1
137.18382859230042,alcohol,6309832,46.0,236.0,210.0,255.0,44.0,24.0,25.0,2.0,2.0,10.0,30.0,2.0,255.0,alcohol,180,10,1
137.43684339523315,alcohol,6310085,46.0,236.0,211.0,256.0,45.0,24.0,25.0,2.0,2.0,10.0,30.0,2.0,255.0,alcohol,180,10,1
137.6936571598053,alcohol,6310339,46.0,236.0,210.0,254.0,44.0,24.0,25.0,2.0,2.0,10.0,30.0,2.0,255.0,alcohol,180,10,1
137.94406652450562,alcohol,6310592,46.0,236.0,211.0,256.0,44.0,24.0,25.0,2.0,2.0,10.0,30.0,2.0,255.0,alcohol,180,10,1
138.19692492485046,alcohol,6310845,46.0,236.0,210.0,254.0,44.0,24.0,25.0,2.0,2.0,10.0,30.0,2.0,255.0,alcohol,180,10,1
138.45126843452454,alcohol,6311099,46.0,236.0,211.0,255.0,44.0,24.0,25.0,2.0,2.0,10.0,30.0,2.0,255.0,alcohol,180,10,1
138.7044234275818,alcohol,6311352,46.0,236.0,210.0,254.0,44.0,24.0,25.0,2.0,2.0,10.0,30.0,2.0,255.0,alcohol,180,10,1
138.95641613006592,alcohol,6311606,46.0,236.0,211.0,256.0,44.0,24.0,25.0,2.0,2.0,10.0,30.0,2.0,255.0,alcohol,180,10,1
139.21074891090393,alcohol,6311859,46.0,235.0,210.0,254.0,44.0,24.0,25.0,2.0,2.0,10.0,30.0,2.0,255.0,alcohol,180,10,1
139.4635362625122,alcohol,6312113,46.0,236.0,211.0,256.0,44.0,24.0,25.0,2.0,2.0,10.0,30.0,2.0,255.0,alcohol,180,10,1
139.71676635742188,alcohol,6312366,46.0,236.0,210.0,254.0,44.0,24.0,25.0,2.0,2.0,10.0,30.0,2.0,255.0,alcohol,180,10,1
139.9709131717682,alcohol,6312620,46.0,236.0,210.0,255.0,44.0,24.0,25.0,2.0,2.0,10.0,30.0,2.0,255.0,alcohol,180,10,1
140.22363901138306,alcohol,6312872,45.0,235.0,210.0,254.0,44.0,24.0,25.0,2.0,2.0,10.0,30.0,2.0,255.0,alcohol,180,10,1
140.4787085056305,alcohol,6313125,45.0,236.0,210.0,255.0,44.0,24.0,25.0,2.0,2.0,10.0,30.0,2.0,255.0,alcohol,180,10,1
140.73123478889465,alcohol,6313379,45.0,235.0,210.0,254.0,43.0,24.0,25.0,2.0,2.0,10.0,30.0,2.0,255.0,alcohol,180,10,1
140.98357272148132,alcohol,6313632,45.0,236.0,210.0,256.0,44.0,24.0,25.0,2.0,2.0,10.0,30.0,2.0,255.0,alcohol,180,10,1
141.23787903785706,alcohol,6313886,45.0,235.0,210.0,254.0,43.0,24.0,25.0,2.0,2.0,10.0,30.0,2.0,255.0,alcohol,180,10,1
141.4909610748291,alcohol,6314139,45.0,236.0,210.0,255.0,44.0,24.0,25.0,2.0,2.0,10.0,30.0,2.0,255.0,alcohol,180,10,1
141.74454545974731,alcohol,6314393,45.0,235.0,210.0,254.0,43.0,24.0,25.0,2.0,2.0,10.0,30.0,2.0,255.0,alcohol,180,10,1
141.99811363220215,alcohol,6314646,45.0,236.0,210.0,255.0,44.0,24.0,25.0,2.0,2.0,10.0,30.0,2.0,255.0,alcohol,180,10,1
142.25087428092957,alcohol,6314900,45.0,235.0,210.0,254.0,43.0,24.0,25.0,2.0,2.0,10.0,30.0,2.0,255.0,alcohol,180,10,1
142.50514316558838,alcohol,6315153,45.0,235.0,210.0,255.0,44.0,24.0,25.0,2.0,2.0,10.0,30.0,2.0,255.0,alcohol,180,10,1
142.75820231437683,alcohol,6315407,45.0,235.0,210.0,254.0,43.0,24.0,25.0,2.0,2.0,10.0,30.0,2.0,255.0,alcohol,180,10,1
143.0170452594757,alcohol,6315660,45.0,236.0,210.0,255.0,44.0,24.0,25.0,2.0,2.0,10.0,30.0,2.0,255.0,alcohol,180,10,1
143.26605677604675,alcohol,6315913,45.0,235.0,210.0,254.0,43.0,24.0,25.0,2.0,2.0,10.0,30.0,2.0,255.0,alcohol,180,10,1
143.51910781860352,alcohol,6316167,45.0,236.0,211.0,255.0,44.0,24.0,25.0,2.0,2.0,10.0,30.0,2.0,255.0,alcohol,180,10,1
143.77152848243713,alcohol,6316420,45.0,235.0,210.0,254.0,43.0,24.0,25.0,2.0,2.0,10.0,30.0,2.0,255.0,alcohol,180,10,1
144.02478671073914,alcohol,6316674,45.0,236.0,210.0,255.0,44.0,24.0,25.0,2.0,2.0,10.0,30.0,2.0,255.0,alcohol,180,10,1
144.27910375595093,alcohol,6316926,45.0,235.0,210.0,254.0,43.0,24.0,25.0,2.0,2.0,10.0,30.0,2.0,255.0,alcohol,180,10,1
144.5317506790161,alcohol,6317180,45.0,236.0,211.0,255.0,44.0,24.0,25.0,2.0,2.0,10.0,30.0,2.0,255.0,alcohol,180,10,1
144.78587222099304,alcohol,6317433,45.0,236.0,211.0,254.0,43.0,24.0,25.0,2.0,2.0,10.0,30.0,2.0,255.0,alcohol,180,10,1
145.03972363471985,alcohol,6317687,45.0,236.0,211.0,255.0,44.0,24.0,25.0,2.0,2.0,10.0,30.0,2.0,255.0,alcohol,180,10,1
145.2915277481079,alcohol,6317940,45.0,236.0,211.0,254.0,43.0,24.0,25.0,2.0,2.0,10.0,30.0,2.0,255.0,alcohol,180,10,1
145.54467487335205,alcohol,6318193,45.0,236.0,211.0,255.0,44.0,24.0,25.0,2.0,2.0,10.0,30.0,2.0,255.0,alcohol,180,10,1
145.7990939617157,alcohol,6318447,45.0,236.0,211.0,254.0,44.0,24.0,25.0,2.0,2.0,10.0,30.0,2.0,255.0,alcohol,180,10,1
146.05225682258606,alcohol,6318700,45.0,236.0,211.0,255.0,44.0,24.0,25.0,2.0,2.0,10.0,30.0,2.0,255.0,alcohol,180,10,1
146.30593132972717,alcohol,6318954,45.0,236.0,211.0,254.0,43.0,24.0,25.0,2.0,2.0,10.0,30.0,2.0,255.0,alcohol,180,10,1
146.55933451652527,alcohol,6319207,45.0,236.0,211.0,255.0,43.0,24.0,25.0,2.0,2.0,10.0,30.0,2.0,255.0,alcohol,180,10,1
146.81163668632507,alcohol,6319461,45.0,236.0,211.0,254.0,43.0,24.0,25.0,2.0,2.0,10.0,30.0,2.0,255.0,alcohol,180,10,1
147.06559133529663,alcohol,6319714,45.0,236.0,211.0,255.0,44.0,24.0,25.0,2.0,2.0,10.0,30.0,2.0,255.0,alcohol,180,10,1
147.31874060630798,alcohol,6319968,45.0,236.0,211.0,254.0,43.0,24.0,25.0,2.0,2.0,10.0,30.0,2.0,255.0,alcohol,180,10,1
147.57249307632446,alcohol,6320221,45.0,236.0,211.0,255.0,44.0,24.0,25.0,2.0,2.0,10.0,30.0,2.0,255.0,alcohol,180,10,1
147.82621693611145,alcohol,6320474,45.0,236.0,211.0,254.0,43.0,24.0,25.0,2.0,2.0,10.0,30.0,2.0,255.0,alcohol,180,10,1
148.0790867805481,alcohol,6320728,45.0,236.0,211.0,255.0,43.0,24.0,25.0,2.0,2.0,10.0,30.0,2.0,255.0,alcohol,180,10,1
148.33355045318604,alcohol,6320980,45.0,236.0,211.0,254.0,43.0,24.0,25.0,2.0,2.0,10.0,30.0,2.0,255.0,alcohol,180,10,1
148.58697748184204,alcohol,6321234,45.0,236.0,211.0,255.0,44.0,24.0,25.0,2.0,2.0,10.0,30.0,2.0,255.0,alcohol,180,10,1
148.8447289466858,alcohol,6321487,45.0,236.0,211.0,254.0,43.0,24.0,25.0,2.0,2.0,10.0,30.0,2.0,255.0,alcohol,180,10,1
149.09304118156433,alcohol,6321741,45.0,236.0,211.0,255.0,44.0,24.0,25.0,2.0,2.0,10.0,30.0,2.0,255.0,alcohol,180,10,1
149.3460249900818,alcohol,6321994,45.0,236.0,211.0,254.0,43.0,24.0,25.0,2.0,2.0,10.0,30.0,2.0,255.0,alcohol,180,10,1
149.6002209186554,alcohol,6322248,45.0,236.0,211.0,255.0,44.0,24.0,25.0,2.0,2.0,10.0,30.0,2.0,255.0,alcohol,180,10,1
149.85343098640442,alcohol,6322501,45.0,236.0,211.0,254.0,43.0,24.0,25.0,2.0,2.0,10.0,30.0,2.0,255.0,alcohol,180,10,1
150.1058783531189,alcohol,6322754,45.0,236.0,211.0,255.0,43.0,24.0,25.0,2.0,2.0,10.0,30.0,2.0,255.0,alcohol,180,10,1
150.35985946655273,alcohol,6323008,45.0,236.0,211.0,254.0,43.0,24.0,25.0,2.0,2.0,10.0,30.0,2.0,255.0,alcohol,180,10,1
150.61317777633667,alcohol,6323261,45.0,236.0,211.0,255.0,44.0,24.0,25.0,2.0,2.0,10.0,30.0,2.0,255.0,alcohol,180,10,1
150.86649298667908,alcohol,6323515,45.0,236.0,211.0,254.0,43.0,24.0,25.0,2.0,2.0,10.0,30.0,2.0,255.0,alcohol,180,10,1
151.12099432945251,alcohol,6323768,45.0,236.0,211.0,255.0,43.0,24.0,25.0,2.0,2.0,10.0,30.0,2.0,255.0,alcohol,180,10,1
151.3732349872589,alcohol,6324022,45.0,236.0,211.0,254.0,43.0,24.0,25.0,2.0,2.0,10.0,30.0,2.0,255.0,alcohol,180,10,1
151.62782311439514,alcohol,6324275,45.0,236.0,211.0,255.0,44.0,24.0,25.0,2.0,2.0,10.0,30.0,2.0,255.0,alcohol,180,10,1
151.88215279579163,alcohol,6324529,45.0,236.0,211.0,254.0,43.0,24.0,25.0,2.0,2.0,10.0,30.0,2.0,255.0,alcohol,180,10,1
152.13636946678162,alcohol,6324782,45.0,236.0,212.0,255.0,43.0,24.0,25.0,2.0,2.0,10.0,30.0,2.0,255.0,alcohol,180,10,1
152.38771533966064,alcohol,6325035,45.0,236.0,211.0,254.0,43.0,24.0,25.0,2.0,2.0,10.0,30.0,2.0,255.0,alcohol,180,10,1
152.6406626701355,alcohol,6325288,45.0,236.0,211.0,256.0,43.0,24.0,25.0,2.0,2.0,10.0,30.0,2.0,255.0,alcohol,180,10,1
152.8948519229889,alcohol,6325541,44.0,236.0,211.0,254.0,43.0,24.0,25.0,2.0,2.0,10.0,30.0,2.0,255.0,alcohol,180,10,1
153.14804363250732,alcohol,6325795,45.0,236.0,211.0,255.0,43.0,24.0,25.0,2.0,2.0,10.0,30.0,2.0,255.0,alcohol,180,10,1
153.40140962600708,alcohol,6326048,44.0,236.0,211.0,254.0,43.0,24.0,25.0,2.0,2.0,10.0,30.0,2.0,255.0,alcohol,180,10,1
153.6742720603943,alcohol,6326302,45.0,236.0,211.0,255.0,43.0,24.0,25.0,2.0,2.0,10.0,30.0,2.0,255.0,alcohol,180,10,1
153.90713024139404,alcohol,6326555,44.0,236.0,211.0,254.0,43.0,24.0,25.0,2.0,2.0,10.0,30.0,2.0,255.0,alcohol,180,10,1
154.16186714172363,alcohol,6326809,45.0,236.0,211.0,255.0,43.0,24.0,25.0,2.0,2.0,10.0,30.0,2.0,255.0,alcohol,180,10,1
154.4166224002838,alcohol,6327062,44.0,236.0,211.0,254.0,43.0,24.0,25.0,2.0,2.0,10.0,30.0,2.0,255.0,alcohol,180,10,1
154.66732788085938,alcohol,6327316,45.0,236.0,211.0,255.0,43.0,24.0,25.0,2.0,2.0,10.0,30.0,2.0,255.0,alcohol,180,10,1
154.92117428779602,alcohol,6327569,44.0,236.0,211.0,254.0,43.0,24.0,25.0,2.0,2.0,10.0,30.0,2.0,255.0,alcohol,180,10,1
155.1746211051941,alcohol,6327822,45.0,236.0,211.0,255.0,43.0,24.0,25.0,2.0,2.0,10.0,30.0,2.0,255.0,alcohol,180,10,1
155.42892265319824,alcohol,6328076,44.0,236.0,211.0,254.0,43.0,24.0,25.0,2.0,2.0,10.0,30.0,2.0,255.0,alcohol,180,10,1
155.6819794178009,alcohol,6328329,44.0,236.0,211.0,255.0,43.0,24.0,25.0,2.0,2.0,10.0,30.0,2.0,255.0,alcohol,180,10,1
155.95519304275513,alcohol,6328583,44.0,236.0,211.0,254.0,43.0,24.0,25.0,2.0,2.0,10.0,30.0,2.0,255.0,alcohol,180,10,1
156.2083625793457,alcohol,6328836,44.0,236.0,211.0,255.0,43.0,24.0,25.0,2.0,2.0,10.0,30.0,2.0,255.0,alcohol,180,10,1
156.4414803981781,alcohol,6329090,44.0,235.0,210.0,254.0,43.0,24.0,25.0,2.0,2.0,10.0,30.0,2.0,255.0,alcohol,180,10,1
156.69792342185974,alcohol,6329342,44.0,236.0,211.0,255.0,43.0,24.0,25.0,2.0,2.0,10.0,30.0,2.0,255.0,alcohol,180,10,1
156.94897031784058,alcohol,6329596,44.0,235.0,210.0,254.0,43.0,24.0,25.0,2.0,2.0,10.0,30.0,2.0,255.0,alcohol,180,10,1
157.2017798423767,alcohol,6329849,44.0,236.0,211.0,255.0,43.0,24.0,25.0,2.0,2.0,10.0,30.0,2.0,255.0,alcohol,180,10,1
157.45607352256775,alcohol,6330102,44.0,235.0,210.0,254.0,42.0,24.0,25.0,2.0,2.0,10.0,30.0,2.0,255.0,alcohol,180,10,1
157.70873284339905,alcohol,6330356,44.0,236.0,211.0,255.0,43.0,24.0,25.0,2.0,2.0,10.0,30.0,2.0,255.0,alcohol,180,10,1
157.96243619918823,alcohol,6330609,44.0,235.0,210.0,254.0,43.0,24.0,25.0,2.0,2.0,10.0,30.0,2.0,255.0,alcohol,180,10,1
158.21586346626282,alcohol,6330863,44.0,236.0,211.0,255.0,43.0,24.0,25.0,2.0,2.0,10.0,30.0,2.0,255.0,alcohol,180,10,1
158.46893048286438,alcohol,6331116,44.0,235.0,210.0,254.0,43.0,24.0,25.0,2.0,2.0,10.0,30.0,2.0,255.0,alcohol,180,10,1
158.72211170196533,alcohol,6331370,44.0,236.0,211.0,256.0,43.0,24.0,25.0,2.0,2.0,10.0,30.0,2.0,255.0,alcohol,180,10,1
158.97617769241333,alcohol,6331623,44.0,235.0,210.0,254.0,43.0,24.0,25.0,2.0,2.0,10.0,30.0,2.0,255.0,alcohol,180,10,1
159.24806141853333,alcohol,6331877,44.0,236.0,211.0,255.0,43.0,24.0,25.0,2.0,2.0,10.0,30.0,2.0,255.0,alcohol,180,10,1
159.50295853614807,alcohol,6332130,44.0,235.0,210.0,254.0,42.0,24.0,25.0,2.0,2.0,10.0,30.0,2.0,255.0,alcohol,180,10,1
159.7354531288147,alcohol,6332383,44.0,236.0,211.0,256.0,43.0,24.0,25.0,2.0,2.0,10.0,30.0,2.0,255.0,alcohol,180,10,1
159.9894678592682,alcohol,6332637,44.0,235.0,210.0,254.0,42.0,24.0,25.0,2.0,2.0,10.0,30.0,2.0,255.0,alcohol,180,10,1
160.24308562278748,alcohol,6332890,44.0,236.0,211.0,256.0,43.0,24.0,25.0,2.0,2.0,10.0,30.0,2.0,255.0,alcohol,180,10,1
160.49587678909302,alcohol,6333144,44.0,235.0,210.0,254.0,43.0,24.0,25.0,2.0,2.0,10.0,30.0,2.0,255.0,alcohol,180,10,1
160.7497375011444,alcohol,6333396,44.0,236.0,211.0,256.0,43.0,24.0,25.0,2.0,2.0,10.0,30.0,2.0,255.0,alcohol,180,10,1
161.00285458564758,alcohol,6333650,44.0,235.0,210.0,254.0,42.0,24.0,25.0,2.0,2.0,10.0,30.0,2.0,255.0,alcohol,180,10,1
161.25640606880188,alcohol,6333903,44.0,236.0,211.0,256.0,43.0,24.0,25.0,2.0,2.0,10.0,30.0,2.0,255.0,alcohol,180,10,1
161.50968861579895,alcohol,6334157,44.0,235.0,210.0,254.0,43.0,24.0,25.0,2.0,2.0,10.0,30.0,2.0,255.0,alcohol,180,10,1
161.76446795463562,alcohol,6334410,44.0,236.0,211.0,255.0,43.0,24.0,25.0,2.0,2.0,10.0,30.0,2.0,255.0,alcohol,180,10,1
162.01725316047668,alcohol,6334663,44.0,235.0,210.0,254.0,43.0,24.0,25.0,2.0,2.0,10.0,30.0,2.0,255.0,alcohol,180,10,1
162.26936388015747,alcohol,6334917,44.0,236.0,211.0,255.0,43.0,24.0,25.0,2.0,2.0,10.0,30.0,2.0,255.0,alcohol,180,10,1
162.52360701560974,alcohol,6335170,44.0,235.0,210.0,254.0,42.0,24.0,25.0,2.0,2.0,10.0,30.0,2.0,255.0,alcohol,180,10,1
162.77616906166077,alcohol,6335424,44.0,236.0,211.0,256.0,43.0,24.0,25.0,2.0,2.0,10.0,30.0,2.0,255.0,alcohol,180,10,1
163.02994465827942,alcohol,6335677,44.0,235.0,210.0,254.0,43.0,24.0,25.0,2.0,2.0,10.0,30.0,2.0,255.0,alcohol,180,10,1
163.28330087661743,alcohol,6335931,44.0,236.0,211.0,256.0,43.0,24.0,25.0,2.0,2.0,10.0,30.0,2.0,255.0,alcohol,180,10,1
163.5577425956726,alcohol,6336184,44.0,235.0,210.0,254.0,43.0,24.0,25.0,2.0,2.0,10.0,30.0,2.0,255.0,alcohol,180,10,1
163.81126737594604,alcohol,6336438,44.0,236.0,211.0,255.0,43.0,24.0,25.0,2.0,2.0,10.0,30.0,2.0,255.0,alcohol,180,10,1
164.04352355003357,alcohol,6336691,44.0,235.0,210.0,254.0,43.0,24.0,25.0,2.0,2.0,10.0,30.0,2.0,255.0,alcohol,180,10,1
164.29737329483032,alcohol,6336944,44.0,236.0,211.0,255.0,43.0,24.0,25.0,2.0,2.0,10.0,30.0,2.0,255.0,alcohol,180,10,1
164.55102443695068,alcohol,6337198,44.0,235.0,210.0,254.0,43.0,24.0,25.0,2.0,2.0,10.0,30.0,2.0,255.0,alcohol,180,10,1
164.80405688285828,alcohol,6337451,44.0,236.0,211.0,255.0,43.0,24.0,25.0,2.0,2.0,10.0,30.0,2.0,255.0,alcohol,180,10,1
165.05629467964172,alcohol,6337704,44.0,235.0,210.0,254.0,43.0,24.0,25.0,2.0,2.0,10.0,30.0,2.0,255.0,alcohol,180,10,1
165.3104841709137,alcohol,6337957,44.0,236.0,211.0,256.0,43.0,24.0,25.0,2.0,2.0,10.0,30.0,2.0,255.0,alcohol,180,10,1
165.56335926055908,alcohol,6338211,44.0,235.0,210.0,254.0,43.0,24.0,25.0,2.0,2.0,10.0,30.0,2.0,255.0,alcohol,180,10,1
165.81795239448547,alcohol,6338464,44.0,236.0,211.0,256.0,43.0,24.0,25.0,2.0,2.0,10.0,30.0,2.0,255.0,alcohol,180,10,1
166.07147860527039,alcohol,6338718,44.0,235.0,211.0,254.0,43.0,24.0,25.0,2.0,2.0,10.0,30.0,2.0,255.0,alcohol,180,10,1
166.32362866401672,alcohol,6338971,44.0,236.0,211.0,255.0,43.0,24.0,25.0,2.0,2.0,10.0,30.0,2.0,255.0,alcohol,180,10,1
166.57717370986938,alcohol,6339225,44.0,235.0,210.0,254.0,42.0,24.0,25.0,2.0,2.0,10.0,30.0,2.0,255.0,alcohol,180,10,1
166.8304727077484,alcohol,6339478,44.0,236.0,211.0,255.0,43.0,24.0,25.0,2.0,2.0,10.0,30.0,2.0,255.0,alcohol,180,10,1
167.0848753452301,alcohol,6339731,44.0,235.0,210.0,254.0,42.0,24.0,25.0,2.0,2.0,10.0,30.0,2.0,255.0,alcohol,180,10,1
167.33781695365906,alcohol,6339985,44.0,236.0,211.0,255.0,43.0,24.0,25.0,2.0,2.0,10.0,30.0,2.0,255.0,alcohol,180,10,1
167.5907425880432,alcohol,6340238,44.0,235.0,210.0,254.0,42.0,24.0,25.0,2.0,2.0,10.0,30.0,2.0,255.0,alcohol,180,10,1
167.8447163105011,alcohol,6340492,44.0,236.0,211.0,255.0,43.0,24.0,25.0,2.0,2.0,10.0,30.0,2.0,255.0,alcohol,180,10,1
168.09765553474426,alcohol,6340745,43.0,235.0,210.0,254.0,42.0,24.0,25.0,2.0,2.0,10.0,30.0,2.0,255.0,alcohol,180,10,1
168.35170602798462,alcohol,6340999,44.0,236.0,211.0,255.0,43.0,24.0,25.0,2.0,2.0,10.0,30.0,2.0,255.0,alcohol,180,10,1
168.60474300384521,alcohol,6341252,44.0,235.0,210.0,254.0,42.0,24.0,25.0,2.0,2.0,10.0,30.0,2.0,255.0,alcohol,180,10,1
168.87808513641357,alcohol,6341506,44.0,236.0,211.0,255.0,43.0,24.0,25.0,2.0,2.0,10.0,30.0,2.0,255.0,alcohol,180,10,1
169.11140036582947,alcohol,6341758,44.0,235.0,210.0,254.0,42.0,24.0,25.0,2.0,2.0,10.0,30.0,2.0,255.0,alcohol,180,10,1
169.36452388763428,alcohol,6342011,44.0,236.0,211.0,255.0,43.0,24.0,25.0,2.0,2.0,10.0,30.0,2.0,255.0,alcohol,180,10,1
169.6188702583313,alcohol,6342265,44.0,235.0,210.0,254.0,43.0,24.0,25.0,2.0,2.0,10.0,30.0,2.0,255.0,alcohol,180,10,1
169.8717167377472,alcohol,6342518,44.0,236.0,211.0,255.0,43.0,24.0,25.0,2.0,2.0,10.0,30.0,2.0,255.0,alcohol,180,10,1
170.12427043914795,alcohol,6342772,44.0,235.0,211.0,254.0,43.0,24.0,25.0,2.0,2.0,10.0,30.0,2.0,255.0,alcohol,180,10,1
170.37852144241333,alcohol,6343025,44.0,236.0,211.0,255.0,43.0,24.0,25.0,2.0,2.0,10.0,30.0,2.0,255.0,alcohol,180,10,1
170.63200974464417,alcohol,6343279,44.0,235.0,211.0,254.0,43.0,24.0,25.0,2.0,2.0,10.0,30.0,2.0,255.0,alcohol,180,10,1
170.88497042655945,alcohol,6343532,44.0,236.0,211.0,255.0,43.0,24.0,25.0,2.0,2.0,10.0,30.0,2.0,255.0,alcohol,180,10,1
171.13841104507446,alcohol,6343786,44.0,235.0,210.0,254.0,43.0,24.0,25.0,2.0,2.0,10.0,30.0,2.0,255.0,alcohol,180,10,1
171.39137148857117,alcohol,6344039,44.0,236.0,211.0,255.0,43.0,24.0,25.0,2.0,2.0,10.0,30.0,2.0,255.0,alcohol,180,10,1
171.64577198028564,alcohol,6344292,44.0,235.0,211.0,254.0,43.0,24.0,25.0,2.0,2.0,10.0,30.0,2.0,255.0,alcohol,180,10,1
171.89792656898499,alcohol,6344546,44.0,236.0,210.0,255.0,43.0,24.0,25.0,2.0,2.0,10.0,30.0,2.0,255.0,alcohol,180,10,1
172.15172171592712,alcohol,6344799,44.0,235.0,211.0,254.0,43.0,24.0,25.0,2.0,2.0,10.0,30.0,2.0,255.0,alcohol,180,10,1
172.4051172733307,alcohol,6345053,44.0,236.0,211.0,255.0,43.0,24.0,25.0,2.0,2.0,10.0,30.0,2.0,255.0,alcohol,180,10,1
172.65984725952148,alcohol,6345306,44.0,235.0,210.0,254.0,43.0,24.0,25.0,2.0,2.0,10.0,30.0,2.0,255.0,alcohol,180,10,1
172.91240572929382,alcohol,6345560,44.0,236.0,211.0,255.0,43.0,24.0,25.0,2.0,2.0,10.0,30.0,2.0,255.0,alcohol,180,10,1
173.16562485694885,alcohol,6345812,44.0,235.0,210.0,253.0,42.0,24.0,25.0,2.0,2.0,10.0,30.0,2.0,255.0,alcohol,180,10,1
173.418390750885,alcohol,6346066,44.0,236.0,211.0,255.0,42.0,24.0,25.0,2.0,2.0,10.0,30.0,2.0,255.0,alcohol,180,10,1
173.67236971855164,alcohol,6346319,44.0,235.0,210.0,253.0,42.0,24.0,25.0,2.0,2.0,10.0,30.0,2.0,255.0,alcohol,180,10,1
173.92560005187988,alcohol,6346572,44.0,236.0,211.0,255.0,43.0,24.0,25.0,2.0,2.0,10.0,30.0,2.0,255.0,alcohol,180,10,1
174.17993903160095,alcohol,6346826,44.0,235.0,210.0,253.0,42.0,24.0,25.0,2.0,2.0,10.0,30.0,2.0,255.0,alcohol,180,10,1
174.43256664276123,alcohol,6347079,44.0,236.0,211.0,255.0,43.0,24.0,25.0,2.0,2.0,10.0,30.0,2.0,255.0,alcohol,180,10,1
174.68507719039917,alcohol,6347333,43.0,235.0,210.0,253.0,42.0,24.0,25.0,2.0,2.0,10.0,30.0,2.0,255.0,alcohol,180,10,1
174.9398763179779,alcohol,6347586,44.0,236.0,211.0,255.0,43.0,24.0,25.0,2.0,2.0,10.0,30.0,2.0,255.0,alcohol,180,10,1
175.19319868087769,alcohol,6347840,44.0,235.0,211.0,253.0,42.0,24.0,25.0,2.0,2.0,10.0,30.0,2.0,255.0,alcohol,180,10,1
175.44572734832764,alcohol,6348093,44.0,236.0,211.0,254.0,43.0,24.0,25.0,2.0,2.0,10.0,30.0,2.0,255.0,alcohol,180,10,1
175.70070242881775,alcohol,6348347,44.0,236.0,211.0,253.0,43.0,24.0,25.0,2.0,2.0,10.0,30.0,2.0,255.0,alcohol,180,10,1
175.95272159576416,alcohol,6348600,44.0,236.0,211.0,255.0,43.0,24.0,25.0,2.0,2.0,10.0,30.0,2.0,255.0,alcohol,180,10,1
176.20827388763428,alcohol,6348853,44.0,235.0,211.0,253.0,42.0,24.0,25.0,2.0,2.0,10.0,30.0,2.0,255.0,alcohol,180,10,1
176.4599609375,alcohol,6349107,44.0,236.0,211.0,254.0,43.0,24.0,25.0,2.0,2.0,10.0,30.0,2.0,255.0,alcohol,180,10,1
176.7129328250885,alcohol,6349360,43.0,236.0,211.0,253.0,43.0,24.0,25.0,2.0,2.0,10.0,30.0,2.0,255.0,alcohol,180,10,1
176.98610520362854,alcohol,6349614,44.0,236.0,211.0,254.0,43.0,24.0,25.0,2.0,2.0,10.0,30.0,2.0,255.0,alcohol,180,10,1
177.22007060050964,alcohol,6349867,44.0,236.0,211.0,253.0,42.0,24.0,25.0,2.0,2.0,10.0,30.0,2.0,255.0,alcohol,180,10,1
177.4735770225525,alcohol,6350120,44.0,236.0,211.0,254.0,43.0,24.0,25.0,2.0,2.0,10.0,30.0,2.0,255.0,alcohol,180,10,1
177.72658920288086,alcohol,6350373,44.0,236.0,211.0,253.0,42.0,24.0,25.0,2.0,2.0,10.0,30.0,2.0,255.0,alcohol,180,10,1
177.97966313362122,alcohol,6350627,44.0,236.0,211.0,254.0,43.0,24.0,25.0,2.0,2.0,10.0,30.0,2.0,255.0,alcohol,180,10,1
178.23367595672607,alcohol,6350880,44.0,236.0,211.0,253.0,42.0,24.0,25.0,2.0,2.0,10.0,30.0,2.0,255.0,alcohol,180,10,1
178.4867866039276,alcohol,6351133,44.0,236.0,211.0,254.0,43.0,24.0,25.0,2.0,2.0,10.0,30.0,2.0,255.0,alcohol,180,10,1
178.74043107032776,alcohol,6351387,44.0,236.0,211.0,253.0,42.0,24.0,25.0,2.0,2.0,10.0,30.0,2.0,255.0,alcohol,180,10,1
178.99363470077515,alcohol,6351640,44.0,236.0,211.0,254.0,43.0,24.0,25.0,2.0,2.0,10.0,30.0,2.0,255.0,alcohol,180,10,1
179.24652552604675,alcohol,6351894,44.0,236.0,211.0,253.0,42.0,24.0,25.0,2.0,2.0,10.0,30.0,2.0,255.0,alcohol,180,10,1
179.5001585483551,alcohol,6352147,44.0,236.0,211.0,254.0,43.0,24.0,25.0,2.0,2.0,10.0,30.0,2.0,255.0,alcohol,180,10,1
179.75389862060547,alcohol,6352401,44.0,236.0,211.0,253.0,42.0,24.0,25.0,2.0,2.0,10.0,30.0,2.0,255.0,alcohol,180,10,1
180.00691962242126,alcohol,6352654,44.0,236.0,211.0,254.0,42.0,24.0,25.0,2.0,2.0,10.0,30.0,2.0,255.0,alcohol,180,10,1
